{"type":"FeatureCollection","features":[{"type":"Feature","geometry":{"type":"Polygon","coordinates":[[[7.136,45.28],[7.1353,45.2824],[7.1272,45.2914],[7.1216,45.2986],[7.1202,45.3036],[7.1179,45.311],[7.1163,45.3125],[7.1144,45.3136],[7.112,45.3151],[7.1097,45.3177],[7.1094,45.3277],[7.1155,45.3283],[7.1201,45.3277],[7.1261,45.3273],[7.1287,45.3283],[7.1311,45.3293],[7.1332,45.331],[7.1348,45.332],[7.1346,45.3348],[7.1332,45.3363],[7.1317,45.3376],[7.1329,45.347],[7.1379,45.3509],[7.1414,45.3518],[7.145,45.3518],[7.1502,45.3529],[7.1524,45.3536],[7.1595,45.3595],[7.1606,45.3634],[7.1597,45.3657],[7.1589,45.3702],[7.1593,45.3731],[7.1633,45.3818],[7.1824,45.401],[7.1848,45.4026],[7.1848,45.4061],[7.1826,45.4079],[7.1799,45.4088],[7.1768,45.4094],[7.1707,45.4108],[7.1643,45.413],[7.1624,45.4139],[7.1578,45.4162],[7.1555,45.4177],[7.1539,45.4198],[7.1526,45.4219],[7.151,45.423],[7.142,45.4253],[7.1383,45.4258],[7.1338,45.4263],[7.1315,45.4271],[7.1158,45.4329],[7.1135,45.4341],[7.1143,45.4364],[7.1148,45.4399],[7.1117,45.4453],[7.1095,45.4474],[7.1064,45.4489],[7.1013,45.4542],[7.1003,45.4562],[7.0989,45.4602],[7.0998,45.4633],[7.1024,45.4658],[7.1043,45.467],[7.1096,45.4701],[7.1134,45.473],[7.1145,45.4752],[7.1145,45.4783],[7.1142,45.4805],[7.1147,45.4853],[7.1153,45.4881],[7.1168,45.4912],[7.1188,45.4947],[7.1202,45.4961],[7.1213,45.4978],[7.1219,45.5041],[7.1257,45.511],[7.1343,45.5155],[7.1375,45.5163],[7.1384,45.5133],[7.1411,45.5109],[7.1422,45.5054],[7.1437,45.497],[7.1418,45.4948],[7.1403,45.4937],[7.1375,45.4923],[7.1374,45.4897],[7.14,45.4834],[7.1411,45.4808],[7.1425,45.4788],[7.1468,45.4776],[7.1493,45.4804],[7.1505,45.4826],[7.1521,45.4844],[7.1562,45.4862],[7.1586,45.4867],[7.162,45.4862],[7.1837,45.4831],[7.1995,45.4811],[7.2065,45.4764],[7.208,45.4748],[7.209,45.473],[7.2137,45.4713],[7.2227,45.4705],[7.2304,45.4755],[7.2304,45.478],[7.2358,45.4854],[7.2476,45.4941],[7.2495,45.4951],[7.2532,45.4967],[7.2551,45.4973],[7.2578,45.4981],[7.2601,45.4984],[7.2624,45.4986],[7.2646,45.5002],[7.2659,45.5028],[7.2666,45.5069],[7.2682,45.5128],[7.2695,45.5147],[7.279,45.5134],[7.2908,45.5152],[7.2932,45.5161],[7.296,45.5165],[7.3012,45.5172],[7.3038,45.5165],[7.323,45.5145],[7.327,45.5177],[7.3338,45.5207],[7.337,45.5214],[7.3399,45.5209],[7.344,45.5213],[7.3496,45.522],[7.3553,45.5239],[7.3579,45.5254],[7.3608,45.5258],[7.364,45.5251],[7.367,45.5234],[7.3757,45.5165],[7.3786,45.5174],[7.3834,45.5196],[7.3968,45.5285],[7.3957,45.5309],[7.3982,45.5329],[7.4026,45.5341],[7.4089,45.5352],[7.416,45.5418],[7.4222,45.546],[7.4433,45.5543],[7.448,45.5556],[7.4482,45.5599],[7.4496,45.5613],[7.4627,45.5722],[7.4637,45.574],[7.4709,45.5777],[7.4881,45.5827],[7.4907,45.5832],[7.4974,45.5832],[7.5024,45.5827],[7.5058,45.582],[7.5125,45.5802],[7.5179,45.5782],[7.5201,45.5771],[7.5226,45.5766],[7.5265,45.5766],[7.5303,45.5767],[7.5327,45.5772],[7.5386,45.5813],[7.5397,45.5829],[7.5418,45.5851],[7.5479,45.5886],[7.555,45.5899],[7.5655,45.5916],[7.5686,45.5912],[7.574,45.5893],[7.5787,45.585],[7.5816,45.5827],[7.5859,45.5824],[7.5889,45.5823],[7.5991,45.5784],[7.6008,45.5773],[7.6058,45.5733],[7.6075,45.5685],[7.6091,45.5629],[7.6169,45.5645],[7.6245,45.5669],[7.6299,45.5691],[7.634,45.5708],[7.6403,45.5689],[7.6446,45.5691],[7.647,45.5685],[7.659,45.5621],[7.6609,45.5609],[7.6694,45.5558],[7.6768,45.5521],[7.6883,45.5573],[7.6909,45.5559],[7.7032,45.5556],[7.7163,45.559],[7.7189,45.5589],[7.7224,45.5578],[7.7292,45.5525],[7.7303,45.5507],[7.7327,45.5503],[7.7377,45.5521],[7.7413,45.5541],[7.7449,45.5568],[7.7488,45.5601],[7.7557,45.5637],[7.7619,45.5653],[7.7685,45.5672],[7.7721,45.5685],[7.774,45.5692],[7.7775,45.5707],[7.7853,45.5748],[7.787,45.5765],[7.7944,45.5817],[7.7963,45.5826],[7.7957,45.5864],[7.8012,45.5868],[7.8054,45.5877],[7.8098,45.5895],[7.8182,45.5936],[7.8273,45.5969],[7.8299,45.5975],[7.8355,45.5977],[7.8397,45.5974],[7.8422,45.5975],[7.8453,45.5992],[7.8472,45.6005],[7.8489,45.6023],[7.859,45.5976],[7.8623,45.597],[7.8647,45.5973],[7.8704,45.599],[7.8761,45.6],[7.8792,45.6002],[7.8892,45.5976],[7.8906,45.5965],[7.891,45.5937],[7.8924,45.5924],[7.8943,45.5909],[7.8963,45.5901],[7.9001,45.5914],[7.8988,45.5958],[7.8973,45.5979],[7.8962,45.5998],[7.8966,45.6048],[7.8967,45.6114],[7.8981,45.6129],[7.9014,45.6167],[7.9044,45.6208],[7.9068,45.6236],[7.9129,45.6307],[7.915,45.6327],[7.9252,45.6354],[7.9275,45.6359],[7.9297,45.6362],[7.9334,45.6358],[7.9361,45.6357],[7.9394,45.6433],[7.9382,45.6454],[7.9331,45.6485],[7.9272,45.6534],[7.9259,45.6552],[7.9239,45.6567],[7.9226,45.6581],[7.9209,45.6606],[7.9215,45.6632],[7.9221,45.6654],[7.9208,45.667],[7.9179,45.6685],[7.9119,45.6707],[7.9121,45.6731],[7.9114,45.679],[7.9092,45.681],[7.9063,45.6819],[7.9048,45.6847],[7.9065,45.6915],[7.909,45.6969],[7.9115,45.7004],[7.9203,45.7019],[7.9239,45.7063],[7.93,45.7147],[7.9366,45.7243],[7.9273,45.7347],[7.929,45.7424],[7.9258,45.742],[7.9226,45.7423],[7.9173,45.7435],[7.9002,45.7492],[7.8948,45.7528],[7.8915,45.7552],[7.8855,45.7597],[7.8811,45.7666],[7.8823,45.7697],[7.8822,45.7724],[7.8806,45.7737],[7.879,45.7747],[7.876,45.7764],[7.8734,45.7783],[7.8691,45.7829],[7.8631,45.791],[7.8631,45.7936],[7.8652,45.7967],[7.8662,45.7989],[7.8666,45.8016],[7.8639,45.8161],[7.8623,45.8199],[7.8652,45.822],[7.8735,45.8259],[7.8684,45.8355],[7.8668,45.8365],[7.865,45.8381],[7.8639,45.8396],[7.8662,45.847],[7.8673,45.8488],[7.8692,45.85],[7.8713,45.851],[7.8736,45.8527],[7.8744,45.8545],[7.8759,45.8616],[7.8739,45.8633],[7.8717,45.865],[7.8699,45.8666],[7.8687,45.8682],[7.8656,45.879],[7.8641,45.8929],[7.8619,45.9087],[7.8619,45.9144],[7.864,45.9164],[7.866,45.9193],[7.875,45.9246],[7.877,45.9264],[7.8758,45.9284],[7.8744,45.93],[7.8729,45.9311],[7.8713,45.9324],[7.8687,45.937],[7.8702,45.9467],[7.8717,45.948],[7.8751,45.9486],[7.8771,45.9498],[7.878,45.9534],[7.8776,45.9619],[7.8778,45.9723],[7.8791,45.9741],[7.8836,45.9758],[7.8857,45.9763],[7.8953,45.9822],[7.9008,45.988],[7.907,45.9951],[7.9082,45.9966],[7.9441,45.9977],[7.9543,45.9971],[7.971,45.9985],[7.9757,45.9993],[7.9796,45.9992],[7.9816,45.9984],[7.9846,45.9969],[7.9882,45.9963],[7.9921,45.9987],[7.9938,46.0007],[7.9997,46.0104],[8.0012,46.012],[8.0047,46.0119],[8.0122,46.0119],[8.013,46.0161],[8.0168,46.0248],[8.0148,46.0288],[8.0135,46.0308],[8.0197,46.0374],[8.0214,46.0386],[8.0237,46.0398],[8.0284,46.0412],[8.0305,46.0417],[8.0346,46.0433],[8.034,46.0461],[8.0301,46.0537],[8.0283,46.0562],[8.0261,46.0598],[8.0246,46.0634],[8.0226,46.0682],[8.0225,46.0708],[8.023,46.0743],[8.0266,46.0793],[8.031,46.0924],[8.0328,46.0984],[8.0342,46.1002],[8.0395,46.1002],[8.0433,46.1],[8.0539,46.1017],[8.0594,46.1032],[8.0612,46.1041],[8.0687,46.106],[8.0741,46.1062],[8.0778,46.106],[8.0803,46.1054],[8.0913,46.1073],[8.0984,46.109],[8.1016,46.1105],[8.1064,46.1115],[8.1132,46.1169],[8.1146,46.1217],[8.1153,46.1265],[8.1147,46.1294],[8.118,46.1321],[8.1244,46.1348],[8.1264,46.1355],[8.1337,46.1367],[8.1367,46.1366],[8.1391,46.1359],[8.1416,46.1361],[8.1447,46.1374],[8.1475,46.1392],[8.1497,46.1408],[8.1535,46.1459],[8.1533,46.1524],[8.1519,46.1547],[8.1501,46.1566],[8.1495,46.1593],[8.1501,46.1625],[8.1511,46.1651],[8.1583,46.1734],[8.1597,46.1746],[8.1648,46.1768],[8.1655,46.1787],[8.1656,46.1813],[8.1646,46.1833],[8.1584,46.1884],[8.1543,46.1906],[8.1518,46.1962],[8.1516,46.1995],[8.1512,46.203],[8.1495,46.2062],[8.1412,46.2201],[8.139,46.2261],[8.1353,46.2263],[8.1276,46.2283],[8.1251,46.2295],[8.1156,46.237],[8.113,46.2396],[8.1115,46.2423],[8.1117,46.2451],[8.1109,46.2479],[8.1094,46.2495],[8.0997,46.2527],[8.0945,46.2533],[8.0911,46.2534],[8.0876,46.2541],[8.0825,46.2572],[8.0804,46.2608],[8.0834,46.2611],[8.0852,46.262],[8.1008,46.2738],[8.1134,46.2812],[8.1178,46.2858],[8.1193,46.2892],[8.1207,46.2917],[8.1251,46.2943],[8.1377,46.3016],[8.1412,46.3024],[8.1458,46.302],[8.1487,46.3011],[8.153,46.2992],[8.1564,46.2976],[8.1582,46.2967],[8.1614,46.2962],[8.175,46.2972],[8.1778,46.2975],[8.1813,46.2983],[8.1839,46.2998],[8.1886,46.3016],[8.194,46.3032],[8.1959,46.3025],[8.1988,46.3023],[8.2032,46.3043],[8.2117,46.3092],[8.2119,46.3128],[8.2154,46.3201],[8.2187,46.3217],[8.2214,46.3231],[8.2233,46.3243],[8.2228,46.3265],[8.2227,46.3306],[8.2237,46.3336],[8.2297,46.3373],[8.2337,46.3397],[8.2361,46.3406],[8.2387,46.3402],[8.2408,46.3395],[8.2455,46.3399],[8.2477,46.3402],[8.2498,46.341],[8.2493,46.3438],[8.2532,46.3463],[8.2562,46.3461],[8.2597,46.3451],[8.2623,46.3458],[8.2611,46.3479],[8.2627,46.3507],[8.2647,46.3515],[8.2651,46.3573],[8.2632,46.3584],[8.2617,46.3595],[8.262,46.3621],[8.2634,46.3637],[8.2664,46.3649],[8.2684,46.3655],[8.2729,46.3667],[8.2755,46.3653],[8.2838,46.3634],[8.2848,46.3651],[8.292,46.3698],[8.3009,46.3744],[8.3051,46.3753],[8.3077,46.3756],[8.3119,46.3766],[8.3138,46.379],[8.3145,46.381],[8.3153,46.3839],[8.3176,46.3849],[8.3152,46.3885],[8.3142,46.3904],[8.3152,46.3921],[8.3166,46.3933],[8.3169,46.3972],[8.3097,46.4035],[8.3062,46.4027],[8.3036,46.4025],[8.2954,46.4048],[8.2911,46.4075],[8.2897,46.4086],[8.3003,46.4194],[8.3094,46.4242],[8.3124,46.4239],[8.3152,46.4242],[8.3209,46.4255],[8.3314,46.4293],[8.3354,46.4309],[8.3382,46.4322],[8.3429,46.4367],[8.3562,46.4475],[8.3581,46.4485],[8.364,46.451],[8.37,46.4524],[8.3743,46.4532],[8.3772,46.4517],[8.3799,46.4509],[8.3935,46.4523],[8.3995,46.4552],[8.4059,46.458],[8.431,46.4632],[8.4383,46.4641],[8.4455,46.4637],[8.4477,46.463],[8.4498,46.4618],[8.4618,46.4508],[8.4652,46.4451],[8.4659,46.4429],[8.465,46.4409],[8.4636,46.4395],[8.4612,46.4382],[8.4589,46.437],[8.4576,46.4348],[8.4576,46.4255],[8.4577,46.4224],[8.4586,46.4205],[8.4639,46.4165],[8.4685,46.4116],[8.4671,46.4095],[8.4655,46.4081],[8.4638,46.4066],[8.4632,46.4045],[8.464,46.4025],[8.4675,46.3996],[8.4657,46.3917],[8.4619,46.3883],[8.461,46.3865],[8.4633,46.3843],[8.4653,46.3823],[8.4664,46.3806],[8.4686,46.3649],[8.4671,46.3597],[8.4646,46.3575],[8.4623,46.3541],[8.4638,46.343],[8.4644,46.333],[8.4621,46.3302],[8.454,46.3215],[8.4517,46.3209],[8.444,46.3196],[8.4401,46.3048],[8.4335,46.3024],[8.4291,46.3004],[8.4277,46.2984],[8.4302,46.2954],[8.4335,46.2901],[8.4341,46.2881],[8.4369,46.285],[8.4387,46.2832],[8.4502,46.2728],[8.453,46.2681],[8.4547,46.2659],[8.4562,46.2635],[8.4544,46.2627],[8.452,46.2622],[8.4489,46.261],[8.4427,46.2539],[8.4431,46.2502],[8.4467,46.2479],[8.4499,46.248],[8.4544,46.2475],[8.4571,46.2468],[8.4637,46.2447],[8.466,46.2419],[8.4658,46.2391],[8.4669,46.2354],[8.4681,46.234],[8.4773,46.2306],[8.4848,46.2303],[8.4889,46.2299],[8.4933,46.2288],[8.4965,46.228],[8.5021,46.2259],[8.5045,46.2248],[8.507,46.2235],[8.5112,46.2216],[8.5135,46.2208],[8.5165,46.2202],[8.5193,46.2209],[8.5215,46.2216],[8.5254,46.2208],[8.5281,46.22],[8.5313,46.2187],[8.5326,46.2171],[8.533,46.2147],[8.534,46.211],[8.5355,46.2066],[8.5365,46.2043],[8.5395,46.1995],[8.5407,46.1977],[8.5457,46.1962],[8.553,46.1922],[8.5637,46.1839],[8.5694,46.177],[8.5705,46.174],[8.5713,46.17],[8.5719,46.1678],[8.5726,46.1659],[8.5737,46.1644],[8.5769,46.1621],[8.588,46.157],[8.5949,46.1555],[8.5978,46.1554],[8.6002,46.1557],[8.6027,46.1553],[8.5996,46.1498],[8.5949,46.1422],[8.5967,46.1415],[8.6011,46.1393],[8.6104,46.132],[8.6107,46.1293],[8.6109,46.1245],[8.6117,46.1218],[8.6185,46.1215],[8.6297,46.122],[8.6389,46.1225],[8.6477,46.1232],[8.6493,46.1213],[8.6575,46.1132],[8.669,46.1091],[8.6746,46.1101],[8.6777,46.1104],[8.6801,46.1099],[8.6811,46.1075],[8.6909,46.1021],[8.6967,46.102],[8.7001,46.1015],[8.7148,46.098],[8.7128,46.096],[8.7103,46.0934],[8.7079,46.0908],[8.7063,46.0877],[8.7056,46.0851],[8.7055,46.0819],[8.7065,46.0802],[8.7085,46.0772],[8.7097,46.0757],[8.7116,46.0723],[8.7135,46.0672],[8.715,46.0636],[8.7159,46.061],[8.7164,46.0589],[8.7169,46.0556],[8.7176,46.0514],[8.7187,46.0474],[8.7202,46.0422],[8.7213,46.0397],[8.7224,46.0381],[8.7245,46.0358],[8.7263,46.0342],[8.7275,46.0324],[8.7285,46.0302],[8.7289,46.0279],[8.7289,46.0234],[8.728,46.0211],[8.7264,46.018],[8.7242,46.0155],[8.7221,46.0134],[8.7193,46.0111],[8.7148,46.0082],[8.7124,46.0068],[8.7007,45.9999],[8.6906,45.9928],[8.6823,45.9869],[8.6541,45.9661],[8.6169,45.9384],[8.6087,45.9325],[8.6001,45.9262],[8.5938,45.9218],[8.5879,45.9169],[8.574,45.9038],[8.5716,45.9013],[8.5694,45.8941],[8.5701,45.8913],[8.5717,45.887],[8.5749,45.8823],[8.584,45.8655],[8.5869,45.8604],[8.5923,45.8524],[8.5946,45.8448],[8.5951,45.8385],[8.5952,45.8336],[8.5938,45.8282],[8.592,45.8244],[8.5879,45.8189],[8.5816,45.8137],[8.5743,45.8108],[8.5671,45.8087],[8.5635,45.8072],[8.5583,45.8036],[8.5556,45.8],[8.5548,45.7981],[8.5523,45.7881],[8.5557,45.775],[8.5573,45.7729],[8.5604,45.7702],[8.5621,45.7689],[8.5636,45.7678],[8.5651,45.7664],[8.568,45.7636],[8.5723,45.7593],[8.5753,45.7563],[8.5796,45.7517],[8.5824,45.7492],[8.5837,45.7475],[8.5854,45.7448],[8.5867,45.7427],[8.5882,45.7397],[8.5898,45.7358],[8.591,45.7335],[8.5928,45.7312],[8.607,45.7259],[8.6131,45.7257],[8.6176,45.7252],[8.6209,45.7247],[8.623,45.724],[8.6347,45.7229],[8.6401,45.7235],[8.6429,45.7232],[8.646,45.7218],[8.6478,45.7204],[8.6518,45.716],[8.6534,45.714],[8.6542,45.712],[8.6546,45.709],[8.6469,45.6939],[8.6444,45.6902],[8.6432,45.6888],[8.6414,45.6872],[8.6404,45.6847],[8.6404,45.681],[8.6408,45.6768],[8.6425,45.6757],[8.6502,45.6748],[8.6526,45.6746],[8.6574,45.6745],[8.6637,45.6745],[8.6669,45.6749],[8.6703,45.6757],[8.6727,45.6768],[8.6751,45.6776],[8.6776,45.6775],[8.6807,45.6768],[8.6827,45.6708],[8.6817,45.6691],[8.6772,45.6674],[8.6734,45.6666],[8.6711,45.6655],[8.6698,45.6629],[8.6704,45.6602],[8.6724,45.658],[8.6809,45.651],[8.6834,45.6485],[8.6847,45.6469],[8.686,45.6451],[8.6871,45.6432],[8.6886,45.6399],[8.6882,45.637],[8.6863,45.6351],[8.6786,45.6336],[8.6757,45.6348],[8.6735,45.6368],[8.6726,45.6391],[8.6709,45.6415],[8.6689,45.6424],[8.6657,45.6429],[8.6617,45.6426],[8.6598,45.641],[8.6591,45.6389],[8.6603,45.6358],[8.6616,45.6345],[8.6639,45.6326],[8.6659,45.6303],[8.6655,45.6278],[8.6629,45.6226],[8.6642,45.6211],[8.6684,45.6208],[8.6734,45.6212],[8.6758,45.6215],[8.6804,45.621],[8.6835,45.6195],[8.6856,45.6176],[8.6866,45.616],[8.6882,45.6135],[8.6898,45.6124],[8.6939,45.6096],[8.6888,45.6082],[8.6919,45.6041],[8.694,45.603],[8.6993,45.6017],[8.6998,45.6045],[8.702,45.6018],[8.7031,45.6001],[8.7043,45.5959],[8.7049,45.5926],[8.7047,45.5896],[8.7036,45.5871],[8.702,45.5862],[8.7002,45.5854],[8.6986,45.5844],[8.6968,45.5831],[8.6954,45.5818],[8.6938,45.5798],[8.6935,45.5772],[8.6951,45.5755],[8.6966,45.5744],[8.6989,45.5727],[8.7006,45.5718],[8.7024,45.5709],[8.7049,45.5699],[8.7058,45.5679],[8.707,45.5594],[8.7064,45.5555],[8.7062,45.5528],[8.7072,45.5491],[8.7085,45.5454],[8.7095,45.5433],[8.711,45.5413],[8.7194,45.5311],[8.7149,45.5283],[8.7128,45.5249],[8.7123,45.522],[8.7131,45.5201],[8.7228,45.5076],[8.7235,45.5053],[8.7256,45.5038],[8.7279,45.5024],[8.7393,45.4981],[8.7419,45.4977],[8.7457,45.4978],[8.7482,45.4981],[8.7506,45.4987],[8.755,45.4984],[8.7604,45.4968],[8.7626,45.4943],[8.7652,45.4911],[8.7687,45.4878],[8.7702,45.4865],[8.7735,45.4847],[8.7774,45.4845],[8.7813,45.4851],[8.7836,45.4864],[8.7859,45.4869],[8.789,45.4841],[8.79,45.4819],[8.7908,45.4787],[8.7914,45.4688],[8.7882,45.4642],[8.7893,45.462],[8.7929,45.4598],[8.8,45.4558],[8.8048,45.4502],[8.8078,45.4477],[8.8101,45.446],[8.8118,45.4404],[8.8115,45.4379],[8.8088,45.4367],[8.8076,45.4345],[8.8091,45.4327],[8.818,45.4347],[8.8263,45.4326],[8.8229,45.4294],[8.8245,45.4195],[8.8275,45.4169],[8.8291,45.4154],[8.8396,45.4024],[8.8407,45.4009],[8.8422,45.3989],[8.8429,45.3938],[8.841,45.3931],[8.8295,45.3903],[8.8267,45.3906],[8.8218,45.3914],[8.8142,45.3901],[8.8112,45.3891],[8.811,45.3867],[8.812,45.3838],[8.8101,45.3823],[8.8069,45.3809],[8.8041,45.3799],[8.8015,45.3792],[8.7947,45.379],[8.7768,45.3839],[8.7719,45.3862],[8.7691,45.3876],[8.7673,45.3885],[8.765,45.3876],[8.7643,45.3834],[8.7637,45.3781],[8.7609,45.3765],[8.7483,45.3744],[8.7469,45.3756],[8.7443,45.3769],[8.7417,45.3768],[8.7378,45.376],[8.7327,45.3752],[8.7191,45.3781],[8.7204,45.3747],[8.7208,45.3704],[8.7237,45.3708],[8.7284,45.3682],[8.7322,45.3652],[8.7368,45.3618],[8.7432,45.3579],[8.7467,45.3563],[8.7534,45.357],[8.7561,45.3572],[8.7607,45.3557],[8.7587,45.3547],[8.7612,45.3515],[8.7627,45.3502],[8.7593,45.3456],[8.7575,45.3447],[8.7486,45.3415],[8.7437,45.3403],[8.7428,45.3383],[8.7421,45.3321],[8.7248,45.3357],[8.7259,45.3341],[8.7262,45.3317],[8.7222,45.3188],[8.7172,45.3055],[8.7161,45.3029],[8.7142,45.3016],[8.7072,45.2986],[8.704,45.3015],[8.6972,45.2947],[8.6906,45.2925],[8.6893,45.2938],[8.6866,45.294],[8.6803,45.2937],[8.6776,45.2933],[8.6746,45.2923],[8.6666,45.2922],[8.6634,45.2956],[8.6595,45.3023],[8.6607,45.3059],[8.663,45.3093],[8.6613,45.3127],[8.66,45.3142],[8.6573,45.3188],[8.6548,45.3233],[8.6557,45.3257],[8.6317,45.3384],[8.6306,45.3461],[8.6288,45.3499],[8.6233,45.3524],[8.6191,45.3526],[8.6167,45.3525],[8.6141,45.3529],[8.6118,45.3544],[8.6045,45.3524],[8.601,45.3511],[8.5875,45.3519],[8.5847,45.3513],[8.5819,45.3504],[8.5802,45.3479],[8.569,45.3489],[8.5593,45.3523],[8.5572,45.3533],[8.5538,45.3615],[8.5508,45.3572],[8.5504,45.3548],[8.5377,45.3465],[8.527,45.3437],[8.5283,45.3406],[8.5331,45.3354],[8.5384,45.3194],[8.5379,45.3172],[8.534,45.3185],[8.5316,45.3194],[8.5292,45.3167],[8.5266,45.3144],[8.5249,45.3135],[8.5216,45.3123],[8.5195,45.3118],[8.516,45.3115],[8.5135,45.3133],[8.5104,45.3106],[8.5077,45.3078],[8.4999,45.2972],[8.4983,45.2922],[8.5044,45.2906],[8.5103,45.2909],[8.516,45.2863],[8.5135,45.278],[8.5131,45.2753],[8.5175,45.2738],[8.5206,45.274],[8.5233,45.2744],[8.5226,45.2768],[8.5245,45.2784],[8.5278,45.2784],[8.5303,45.2783],[8.534,45.2781],[8.5355,45.2763],[8.5361,45.2722],[8.5335,45.2705],[8.5316,45.2691],[8.5307,45.2671],[8.5362,45.2627],[8.5348,45.2614],[8.5335,45.2595],[8.5341,45.2575],[8.5363,45.2568],[8.5394,45.2567],[8.5423,45.2558],[8.5436,45.254],[8.5394,45.2499],[8.5369,45.248],[8.5345,45.2498],[8.5326,45.2524],[8.5309,45.2537],[8.5263,45.2543],[8.524,45.2545],[8.5221,45.2499],[8.5252,45.2469],[8.5277,45.2458],[8.5362,45.2435],[8.541,45.2424],[8.5445,45.2418],[8.549,45.2424],[8.5517,45.2431],[8.554,45.2434],[8.5562,45.2414],[8.5554,45.2388],[8.5487,45.238],[8.5462,45.239],[8.5441,45.2398],[8.5291,45.2395],[8.5305,45.2374],[8.534,45.237],[8.5377,45.2371],[8.5404,45.2368],[8.5424,45.2359],[8.5437,45.234],[8.5425,45.232],[8.5406,45.2307],[8.5375,45.2299],[8.5339,45.2302],[8.531,45.2302],[8.5284,45.2297],[8.5255,45.228],[8.5237,45.226],[8.5227,45.2241],[8.5232,45.2216],[8.5248,45.22],[8.5267,45.2186],[8.5293,45.2171],[8.5325,45.2166],[8.5355,45.2157],[8.5376,45.2142],[8.5446,45.209],[8.5468,45.2067],[8.5479,45.2046],[8.5433,45.2019],[8.5406,45.201],[8.5322,45.1993],[8.5284,45.1996],[8.5267,45.2016],[8.5248,45.2002],[8.528,45.1946],[8.5294,45.1934],[8.5443,45.1945],[8.5465,45.1949],[8.5501,45.1957],[8.5523,45.1964],[8.5511,45.1983],[8.5505,45.2003],[8.5549,45.2043],[8.5569,45.2052],[8.5758,45.2077],[8.5781,45.207],[8.5812,45.2022],[8.5791,45.2011],[8.5774,45.2002],[8.5753,45.1991],[8.563,45.1963],[8.5455,45.1829],[8.5439,45.1813],[8.543,45.1746],[8.5436,45.1725],[8.5456,45.1718],[8.5472,45.1699],[8.555,45.1643],[8.5535,45.1617],[8.5525,45.1601],[8.5537,45.1579],[8.5567,45.1577],[8.5597,45.1581],[8.58,45.1527],[8.5853,45.1479],[8.5868,45.1455],[8.5875,45.1414],[8.5883,45.1357],[8.5897,45.1335],[8.5929,45.1309],[8.5988,45.1315],[8.6065,45.1279],[8.611,45.1236],[8.6089,45.1178],[8.6085,45.1083],[8.61,45.1057],[8.6115,45.1042],[8.6133,45.1026],[8.6207,45.0986],[8.6224,45.0977],[8.6238,45.0959],[8.622,45.0912],[8.6275,45.0883],[8.6349,45.089],[8.6366,45.085],[8.6366,45.0823],[8.6401,45.0767],[8.646,45.0753],[8.6413,45.0711],[8.64,45.0699],[8.6377,45.0674],[8.6426,45.063],[8.6447,45.0609],[8.6421,45.0605],[8.6454,45.057],[8.647,45.0555],[8.6461,45.0532],[8.6396,45.045],[8.6347,45.041],[8.6451,45.0357],[8.6478,45.0357],[8.6511,45.0354],[8.6569,45.0294],[8.6566,45.0272],[8.6553,45.0259],[8.6531,45.0243],[8.6568,45.0193],[8.6584,45.0183],[8.6651,45.02],[8.6667,45.0217],[8.6712,45.0272],[8.6813,45.029],[8.6857,45.0271],[8.6904,45.0246],[8.692,45.0233],[8.7008,45.0265],[8.7011,45.0303],[8.7013,45.0326],[8.7025,45.0345],[8.705,45.0371],[8.7076,45.038],[8.7099,45.0383],[8.7121,45.0378],[8.7139,45.037],[8.719,45.0293],[8.7205,45.0269],[8.7217,45.0247],[8.7267,45.0219],[8.7285,45.0232],[8.742,45.0244],[8.7498,45.0212],[8.7513,45.02],[8.7533,45.017],[8.7523,45.0149],[8.7495,45.0147],[8.7477,45.0093],[8.7602,45.0106],[8.7668,45.0097],[8.7672,45.0073],[8.7692,45.0067],[8.7717,45.0068],[8.7752,45.0079],[8.7783,45.0131],[8.7764,45.0187],[8.7775,45.0224],[8.7791,45.0239],[8.7814,45.0236],[8.7867,45.0222],[8.7885,45.0212],[8.7909,45.02],[8.7945,45.0199],[8.7969,45.0205],[8.8023,45.0261],[8.7969,45.0301],[8.7955,45.0314],[8.7942,45.0329],[8.7954,45.0353],[8.7973,45.0361],[8.8056,45.0371],[8.8127,45.0375],[8.8193,45.0425],[8.8239,45.0466],[8.832,45.0448],[8.8421,45.0426],[8.8409,45.0466],[8.8407,45.0489],[8.8421,45.0503],[8.8443,45.0509],[8.8467,45.0504],[8.8489,45.0497],[8.8586,45.0508],[8.8629,45.0505],[8.8657,45.051],[8.8706,45.052],[8.8793,45.059],[8.8809,45.0603],[8.884,45.0609],[8.8867,45.0601],[8.8811,45.0541],[8.8916,45.0513],[8.8981,45.0507],[8.8993,45.048],[8.9002,45.0436],[8.8951,45.0404],[8.9025,45.0361],[8.9042,45.0305],[8.9048,45.0261],[8.9035,45.0201],[8.9028,45.0175],[8.902,45.0147],[8.9014,45.0126],[8.9011,45.009],[8.9077,44.9988],[8.9106,44.9955],[8.9174,44.9898],[8.925,44.9834],[8.9314,44.9827],[8.9427,44.9858],[8.944,44.9872],[8.9486,44.9885],[8.952,44.9882],[8.9566,44.9876],[8.9606,44.9873],[8.9617,44.9837],[8.9679,44.9771],[8.9695,44.9756],[8.9717,44.9741],[8.9747,44.9714],[8.9778,44.9677],[8.9771,44.965],[8.9766,44.9607],[8.977,44.9585],[8.9696,44.9435],[8.9772,44.9401],[8.9782,44.9373],[8.9826,44.9316],[8.9882,44.9309],[8.9926,44.9248],[8.9992,44.9144],[8.9997,44.9093],[9.0052,44.9044],[9.008,44.903],[9.0153,44.9011],[9.0179,44.9007],[9.0232,44.897],[9.0304,44.8885],[9.0351,44.8875],[9.0436,44.8848],[9.0474,44.8874],[9.0557,44.8891],[9.0562,44.8844],[9.0576,44.8832],[9.0592,44.8815],[9.068,44.869],[9.0701,44.866],[9.068,44.8605],[9.0539,44.8513],[9.052,44.8503],[9.0491,44.8503],[9.0497,44.8481],[9.0514,44.8459],[9.0534,44.8442],[9.0615,44.8365],[9.065,44.8327],[9.0641,44.8302],[9.067,44.8311],[9.0704,44.8307],[9.0729,44.828],[9.0754,44.8223],[9.0723,44.8175],[9.0767,44.8149],[9.0799,44.8142],[9.0892,44.8173],[9.0951,44.819],[9.1032,44.8145],[9.107,44.8105],[9.1075,44.8084],[9.1088,44.8058],[9.1167,44.8074],[9.119,44.8084],[9.1266,44.8056],[9.1308,44.8057],[9.1458,44.8086],[9.151,44.8111],[9.155,44.8142],[9.16,44.8152],[9.1583,44.8128],[9.1561,44.8117],[9.1551,44.8094],[9.1577,44.8075],[9.1595,44.8064],[9.1615,44.8053],[9.1644,44.8029],[9.1653,44.8003],[9.1677,44.7993],[9.1735,44.7961],[9.1732,44.787],[9.171,44.7799],[9.1704,44.7772],[9.1714,44.7723],[9.1731,44.7706],[9.1791,44.7664],[9.1888,44.7601],[9.1942,44.7568],[9.2115,44.7528],[9.2136,44.7523],[9.2142,44.7448],[9.2111,44.732],[9.2093,44.7299],[9.2062,44.7277],[9.2047,44.7258],[9.2034,44.724],[9.2035,44.717],[9.2054,44.7095],[9.2066,44.7061],[9.2079,44.7047],[9.2023,44.6885],[9.2003,44.6864],[9.1992,44.6841],[9.1994,44.6786],[9.2001,44.6754],[9.201,44.6733],[9.2019,44.6716],[9.2036,44.6704],[9.2054,44.667],[9.2064,44.6608],[9.2061,44.6585],[9.2039,44.6542],[9.2,44.6503],[9.198,44.6498],[9.1994,44.6452],[9.1992,44.6425],[9.1985,44.6398],[9.1987,44.6346],[9.2002,44.6163],[9.203,44.6135],[9.2032,44.6109],[9.2035,44.6077],[9.2042,44.6055],[9.205,44.6028],[9.2052,44.6005],[9.2046,44.5978],[9.2033,44.5958],[9.199,44.5928],[9.1947,44.592],[9.1901,44.5921],[9.1862,44.5921],[9.1835,44.5916],[9.174,44.5874],[9.1704,44.5857],[9.1686,44.5843],[9.1654,44.5814],[9.158,44.577],[9.154,44.5748],[9.1508,44.5741],[9.1481,44.5741],[9.1451,44.5738],[9.1411,44.5736],[9.1377,44.5739],[9.1352,44.5745],[9.1281,44.5776],[9.1218,44.5803],[9.113,44.5811],[9.1107,44.582],[9.1083,44.5873],[9.1068,44.5887],[9.105,44.5899],[9.1036,44.5911],[9.1024,44.5929],[9.1025,44.5992],[9.1034,44.603],[9.1044,44.6055],[9.1035,44.6094],[9.1002,44.6112],[9.0917,44.6136],[9.0845,44.6175],[9.0828,44.62],[9.0759,44.6237],[9.0592,44.6219],[9.0549,44.6214],[9.0479,44.6162],[9.047,44.6143],[9.0444,44.6142],[9.0448,44.6244],[9.0453,44.6275],[9.0388,44.6409],[9.0365,44.6418],[9.0315,44.6424],[9.0333,44.6474],[9.0311,44.6477],[9.0282,44.6482],[9.0265,44.6492],[9.0251,44.6505],[9.0236,44.6533],[9.0229,44.6571],[9.0217,44.66],[9.0205,44.6615],[9.0156,44.6655],[9.0135,44.6666],[9.011,44.6674],[9.0067,44.6685],[9.0001,44.6675],[8.9981,44.6664],[8.9961,44.665],[8.9934,44.663],[8.9914,44.6623],[8.986,44.6641],[8.9839,44.6634],[8.9725,44.6633],[8.9702,44.6645],[8.9665,44.669],[8.966,44.6715],[8.9638,44.6736],[8.9595,44.676],[8.9544,44.6762],[8.9523,44.6756],[8.9505,44.6746],[8.948,44.6745],[8.942,44.6748],[8.939,44.6754],[8.936,44.6764],[8.9311,44.6761],[8.9279,44.6743],[8.9192,44.6621],[8.9156,44.6549],[8.9087,44.6472],[8.892,44.6412],[8.8854,44.6396],[8.8827,44.639],[8.8846,44.6323],[8.8862,44.6314],[8.8889,44.6308],[8.8912,44.6295],[8.8928,44.6265],[8.8995,44.6237],[8.9023,44.6227],[8.9044,44.6208],[8.9052,44.6157],[8.9085,44.6138],[8.9098,44.6122],[8.9075,44.6113],[8.9067,44.6047],[8.9076,44.5955],[8.9124,44.5891],[8.9119,44.5834],[8.9119,44.58],[8.9156,44.5737],[8.9173,44.5719],[8.9217,44.5671],[8.9175,44.5611],[8.9151,44.5596],[8.909,44.5575],[8.9055,44.5563],[8.9024,44.5556],[8.899,44.5551],[8.8949,44.5554],[8.8913,44.5506],[8.8886,44.5509],[8.8854,44.5518],[8.8797,44.5556],[8.8763,44.5607],[8.8749,44.5623],[8.8697,44.5658],[8.8658,44.5662],[8.8643,44.5636],[8.8634,44.5612],[8.8556,44.5608],[8.8486,44.5611],[8.839,44.5619],[8.8317,44.5619],[8.8268,44.5618],[8.8239,44.5575],[8.8222,44.5512],[8.823,44.5487],[8.826,44.547],[8.8281,44.5456],[8.829,44.5436],[8.828,44.542],[8.8261,44.5401],[8.8244,44.5386],[8.8219,44.538],[8.8183,44.5379],[8.8081,44.5353],[8.8043,44.5334],[8.8023,44.5322],[8.7991,44.5301],[8.7951,44.5219],[8.7951,44.5188],[8.7957,44.5162],[8.797,44.5087],[8.7975,44.505],[8.7967,44.5001],[8.7928,44.4979],[8.7892,44.4964],[8.7871,44.4898],[8.7825,44.4884],[8.7712,44.4895],[8.7683,44.4903],[8.7669,44.492],[8.769,44.4966],[8.7708,44.4975],[8.7735,44.5033],[8.773,44.506],[8.7715,44.5078],[8.7698,44.5087],[8.7688,44.5108],[8.7681,44.5154],[8.7676,44.5193],[8.7676,44.525],[8.7652,44.5275],[8.7635,44.5285],[8.7605,44.5302],[8.7579,44.5293],[8.7553,44.5265],[8.7539,44.5241],[8.7514,44.5249],[8.7498,44.5268],[8.7534,44.5278],[8.7558,44.5306],[8.757,44.5367],[8.7547,44.538],[8.7508,44.5434],[8.7501,44.5481],[8.7493,44.5499],[8.7382,44.5518],[8.7402,44.5561],[8.7393,44.559],[8.7328,44.5704],[8.7268,44.5741],[8.7228,44.5784],[8.721,44.5799],[8.7188,44.5807],[8.7151,44.5813],[8.7057,44.5813],[8.703,44.5804],[8.7009,44.5797],[8.6982,44.5794],[8.6901,44.582],[8.6865,44.5786],[8.6814,44.5749],[8.6789,44.5766],[8.6769,44.5781],[8.669,44.5816],[8.6668,44.5825],[8.6622,44.5794],[8.6554,44.5803],[8.6468,44.5823],[8.6373,44.5805],[8.6325,44.5805],[8.6239,44.5864],[8.622,44.5854],[8.6202,44.5842],[8.6191,44.5826],[8.6202,44.5767],[8.6162,44.5702],[8.6149,44.5686],[8.612,44.5685],[8.611,44.5706],[8.6058,44.5701],[8.6017,44.5685],[8.5978,44.5566],[8.5998,44.5542],[8.603,44.5531],[8.6077,44.551],[8.6123,44.5476],[8.6137,44.5461],[8.6124,44.5433],[8.6106,44.5424],[8.6092,44.5412],[8.6079,44.5396],[8.6071,44.5375],[8.6034,44.5388],[8.6007,44.5389],[8.5983,44.5383],[8.5958,44.5373],[8.5928,44.5352],[8.5901,44.5321],[8.5901,44.5289],[8.5874,44.5247],[8.5834,44.5234],[8.5794,44.5242],[8.578,44.5257],[8.5738,44.5233],[8.5728,44.5214],[8.5716,44.5182],[8.5752,44.5101],[8.5631,44.5062],[8.5601,44.5028],[8.5518,44.5035],[8.5495,44.504],[8.5476,44.5051],[8.547,44.5071],[8.5442,44.5114],[8.5348,44.5134],[8.5322,44.5124],[8.5266,44.5112],[8.5143,44.5099],[8.5005,44.5097],[8.4932,44.5107],[8.4908,44.5108],[8.4846,44.5111],[8.4797,44.5106],[8.4754,44.5114],[8.4741,44.5127],[8.4738,44.5155],[8.4752,44.5174],[8.4737,44.5196],[8.4715,44.5218],[8.4628,44.5188],[8.4596,44.5168],[8.453,44.5098],[8.4519,44.5053],[8.451,44.5008],[8.4495,44.4974],[8.444,44.5005],[8.4353,44.5026],[8.426,44.5052],[8.4212,44.5101],[8.4203,44.5119],[8.419,44.5133],[8.4046,44.5092],[8.4008,44.5024],[8.4016,44.4977],[8.401,44.4934],[8.3987,44.4914],[8.3952,44.4902],[8.3925,44.4891],[8.3908,44.4878],[8.3902,44.4842],[8.3928,44.4825],[8.3944,44.4802],[8.3924,44.477],[8.3861,44.4772],[8.3749,44.4744],[8.3726,44.4703],[8.3671,44.4674],[8.3638,44.4661],[8.3595,44.465],[8.3567,44.4697],[8.3501,44.4848],[8.3478,44.4859],[8.3362,44.488],[8.3329,44.4888],[8.3293,44.4884],[8.3272,44.4876],[8.324,44.4876],[8.3216,44.488],[8.316,44.4946],[8.3148,44.4963],[8.3113,44.499],[8.3046,44.5026],[8.2976,44.5024],[8.2934,44.5025],[8.2906,44.5028],[8.2852,44.505],[8.2751,44.5066],[8.2713,44.5068],[8.2706,44.5089],[8.2686,44.5135],[8.2616,44.5194],[8.2528,44.5287],[8.2506,44.5273],[8.2451,44.5235],[8.2424,44.5215],[8.2406,44.5201],[8.238,44.5187],[8.2299,44.5167],[8.2272,44.516],[8.2242,44.5142],[8.2212,44.5086],[8.217,44.4998],[8.2162,44.4973],[8.2167,44.4953],[8.2233,44.4857],[8.2213,44.4839],[8.2185,44.4818],[8.2084,44.479],[8.1973,44.4776],[8.1985,44.4696],[8.1974,44.4676],[8.1958,44.465],[8.1972,44.4631],[8.1999,44.4615],[8.2017,44.4606],[8.2054,44.4586],[8.2085,44.4569],[8.2103,44.4555],[8.2071,44.4481],[8.2187,44.4367],[8.2214,44.4329],[8.2218,44.4296],[8.2195,44.4263],[8.2144,44.4237],[8.2092,44.4183],[8.2081,44.4167],[8.208,44.4123],[8.2035,44.4049],[8.188,44.396],[8.1852,44.3957],[8.1813,44.3971],[8.1698,44.3926],[8.1672,44.3897],[8.1646,44.3875],[8.1619,44.3858],[8.1574,44.3859],[8.1495,44.3848],[8.1504,44.3753],[8.1415,44.3681],[8.1451,44.3629],[8.1471,44.3586],[8.1483,44.356],[8.1484,44.3531],[8.1449,44.3458],[8.1431,44.3442],[8.1392,44.3426],[8.1363,44.3387],[8.1343,44.3321],[8.1249,44.3331],[8.1129,44.3333],[8.1099,44.3332],[8.107,44.3328],[8.1053,44.329],[8.1051,44.3266],[8.1061,44.3239],[8.1082,44.3179],[8.1091,44.3151],[8.1077,44.3127],[8.1055,44.311],[8.1029,44.3061],[8.102,44.3009],[8.0991,44.3016],[8.0918,44.3041],[8.0856,44.3061],[8.0839,44.3072],[8.0825,44.3102],[8.0812,44.312],[8.0787,44.3134],[8.076,44.314],[8.071,44.3117],[8.0597,44.3007],[8.0636,44.2883],[8.0668,44.2885],[8.0732,44.2887],[8.076,44.2875],[8.078,44.2863],[8.0799,44.2844],[8.081,44.2825],[8.0815,44.28],[8.0829,44.2778],[8.0886,44.2743],[8.0907,44.2748],[8.0883,44.272],[8.0869,44.2705],[8.0875,44.268],[8.0858,44.2658],[8.0813,44.262],[8.0781,44.2606],[8.0755,44.2601],[8.0735,44.2594],[8.0677,44.2564],[8.0654,44.255],[8.0631,44.2531],[8.0716,44.2482],[8.0806,44.2417],[8.081,44.2394],[8.0774,44.2338],[8.072,44.2294],[8.0687,44.2273],[8.0672,44.2252],[8.0662,44.2232],[8.0654,44.2169],[8.0669,44.2146],[8.0747,44.2058],[8.0841,44.2036],[8.0875,44.2032],[8.093,44.1995],[8.0955,44.1969],[8.0931,44.1921],[8.0947,44.1822],[8.0969,44.1794],[8.0942,44.1754],[8.0907,44.1731],[8.0844,44.1701],[8.0827,44.1688],[8.0737,44.1587],[8.0735,44.1562],[8.0745,44.1547],[8.0748,44.1517],[8.073,44.1488],[8.0712,44.1469],[8.0692,44.1456],[8.0673,44.1447],[8.0545,44.1429],[8.0493,44.1426],[8.046,44.1424],[8.0429,44.1428],[8.0413,44.145],[8.0392,44.1467],[8.0362,44.1489],[8.0329,44.1513],[8.0288,44.1541],[8.018,44.1557],[8.014,44.1558],[8.0094,44.1556],[8.0059,44.1542],[8.0031,44.1529],[7.9937,44.1475],[7.9908,44.1459],[7.989,44.1447],[7.9854,44.1428],[7.9827,44.1408],[7.9806,44.1393],[7.979,44.1376],[7.9789,44.1335],[7.982,44.1336],[7.9885,44.1333],[7.9915,44.1323],[7.9909,44.1298],[7.9917,44.1274],[7.9949,44.1267],[8.0033,44.1264],[8.0059,44.1262],[8.0113,44.1217],[8.0126,44.1201],[8.0088,44.1173],[8.0064,44.117],[8.0031,44.117],[8.0038,44.1143],[8.0115,44.1109],[8.0156,44.1107],[8.0131,44.1059],[8.0109,44.1041],[8.0077,44.1028],[8.0046,44.1023],[7.9897,44.1086],[7.9834,44.1096],[7.9769,44.1112],[7.9715,44.1131],[7.9647,44.1109],[7.9631,44.1077],[7.962,44.1063],[7.9588,44.1041],[7.956,44.1029],[7.9536,44.1026],[7.9514,44.1031],[7.9461,44.1022],[7.9436,44.1015],[7.9424,44.1001],[7.9372,44.0997],[7.9354,44.101],[7.9274,44.109],[7.926,44.1103],[7.9242,44.1095],[7.9222,44.1089],[7.919,44.1088],[7.9161,44.1091],[7.9061,44.1084],[7.8901,44.1059],[7.8839,44.1047],[7.8823,44.1097],[7.8812,44.1122],[7.8661,44.1182],[7.8564,44.1187],[7.8511,44.1188],[7.8497,44.1201],[7.8434,44.1203],[7.8395,44.1196],[7.8311,44.12],[7.816,44.1231],[7.7946,44.1307],[7.7903,44.1333],[7.7851,44.1357],[7.7751,44.14],[7.7679,44.1405],[7.7658,44.1398],[7.7638,44.1407],[7.76,44.1399],[7.7542,44.1376],[7.751,44.1361],[7.746,44.1354],[7.7446,44.1336],[7.7431,44.1324],[7.7385,44.1289],[7.7367,44.1279],[7.7342,44.1275],[7.7313,44.1278],[7.7288,44.1277],[7.7263,44.1262],[7.7246,44.1247],[7.7235,44.122],[7.7235,44.1162],[7.7214,44.1118],[7.72,44.1099],[7.7193,44.1045],[7.7215,44.0985],[7.726,44.0923],[7.732,44.0843],[7.7337,44.0833],[7.7402,44.0834],[7.7471,44.0844],[7.7529,44.0849],[7.756,44.085],[7.7588,44.0846],[7.7572,44.0832],[7.7545,44.0826],[7.7489,44.0796],[7.7401,44.0773],[7.7379,44.0764],[7.7356,44.0746],[7.7306,44.0685],[7.7293,44.0657],[7.7287,44.0629],[7.7278,44.0603],[7.7143,44.0616],[7.714,44.0646],[7.7142,44.0724],[7.7145,44.0758],[7.7154,44.0781],[7.7174,44.0817],[7.7132,44.0878],[7.711,44.0897],[7.6955,44.1025],[7.6904,44.1085],[7.6883,44.1102],[7.6834,44.1137],[7.6813,44.1144],[7.6781,44.116],[7.6731,44.1192],[7.6719,44.1205],[7.6664,44.1307],[7.6666,44.1332],[7.6699,44.1359],[7.6715,44.1371],[7.6737,44.1384],[7.6764,44.1415],[7.6787,44.1466],[7.675,44.1504],[7.6725,44.1519],[7.6705,44.1526],[7.6719,44.1583],[7.6739,44.1609],[7.6818,44.1689],[7.6846,44.1739],[7.6734,44.1773],[7.6709,44.1761],[7.6638,44.176],[7.6612,44.1767],[7.6561,44.1773],[7.6502,44.1778],[7.645,44.1781],[7.6366,44.1772],[7.6326,44.1736],[7.631,44.1676],[7.6281,44.1608],[7.6252,44.1561],[7.6211,44.1519],[7.6174,44.1498],[7.6042,44.1501],[7.5849,44.1512],[7.5726,44.1523],[7.565,44.1523],[7.5622,44.1504],[7.5576,44.148],[7.5487,44.1457],[7.5426,44.1455],[7.5402,44.1456],[7.538,44.146],[7.5358,44.1469],[7.5283,44.1428],[7.5264,44.1401],[7.5214,44.1378],[7.5151,44.1384],[7.5125,44.1404],[7.5114,44.1425],[7.5079,44.1434],[7.505,44.1436],[7.4972,44.1419],[7.4916,44.1382],[7.4831,44.1337],[7.4796,44.1338],[7.4745,44.1337],[7.4717,44.1333],[7.4675,44.1309],[7.4657,44.1292],[7.464,44.1278],[7.4624,44.1269],[7.46,44.1259],[7.458,44.1266],[7.4532,44.1278],[7.4472,44.1293],[7.4318,44.1303],[7.4282,44.1304],[7.4292,44.1281],[7.4259,44.1142],[7.4234,44.1133],[7.4034,44.1183],[7.4013,44.1193],[7.399,44.1214],[7.3968,44.1232],[7.3927,44.1256],[7.388,44.125],[7.3799,44.1224],[7.3756,44.1206],[7.3733,44.1196],[7.3694,44.1177],[7.3666,44.1169],[7.3581,44.1163],[7.3555,44.1171],[7.3489,44.1308],[7.3474,44.1344],[7.3452,44.1398],[7.3447,44.142],[7.344,44.1441],[7.3427,44.1456],[7.3406,44.1465],[7.3365,44.1455],[7.3322,44.1442],[7.3206,44.1434],[7.3162,44.1437],[7.3142,44.1447],[7.3105,44.1475],[7.3072,44.1442],[7.2969,44.1447],[7.2921,44.1459],[7.2879,44.1457],[7.2857,44.145],[7.2848,44.1426],[7.2825,44.1413],[7.2799,44.1412],[7.2729,44.1459],[7.2634,44.1481],[7.2506,44.1565],[7.2484,44.158],[7.247,44.1595],[7.2433,44.1651],[7.2437,44.1688],[7.2442,44.171],[7.2359,44.175],[7.2336,44.1733],[7.2325,44.1707],[7.229,44.1684],[7.2197,44.1684],[7.2174,44.1697],[7.2107,44.1766],[7.2061,44.182],[7.2044,44.1847],[7.2011,44.1863],[7.1981,44.1863],[7.1952,44.1863],[7.1912,44.1916],[7.1887,44.1989],[7.1848,44.2006],[7.1764,44.199],[7.174,44.2011],[7.1636,44.2079],[7.1523,44.2035],[7.1477,44.2004],[7.1441,44.2002],[7.1416,44.201],[7.1379,44.2029],[7.1309,44.207],[7.1287,44.2086],[7.1273,44.21],[7.1254,44.2116],[7.1163,44.2163],[7.1132,44.2174],[7.0972,44.2205],[7.0907,44.2242],[7.0891,44.2274],[7.0864,44.2293],[7.0761,44.2321],[7.0705,44.2335],[7.0443,44.2276],[7.0425,44.2265],[7.0382,44.2244],[7.0361,44.224],[7.0334,44.2244],[7.0304,44.2275],[7.0296,44.2293],[7.0287,44.2311],[7.0222,44.2339],[7.0195,44.2338],[7.0176,44.2326],[7.015,44.2326],[7.0073,44.236],[7.0053,44.2374],[6.999,44.2442],[6.9973,44.2486],[6.9967,44.2507],[6.9964,44.2538],[6.9946,44.277],[6.9952,44.2797],[6.9899,44.2834],[6.9821,44.2868],[6.9799,44.2871],[6.9776,44.286],[6.974,44.2841],[6.971,44.2845],[6.9583,44.2955],[6.9567,44.2974],[6.9582,44.3052],[6.9597,44.3066],[6.961,44.3084],[6.9607,44.3112],[6.9538,44.3184],[6.9492,44.3199],[6.9468,44.3205],[6.9449,44.3214],[6.9389,44.3248],[6.9268,44.3332],[6.9232,44.3413],[6.9222,44.3471],[6.9224,44.3502],[6.9086,44.3573],[6.9058,44.3584],[6.9033,44.3582],[6.9002,44.3577],[6.8898,44.3608],[6.8877,44.3617],[6.8866,44.3639],[6.8877,44.3666],[6.889,44.3678],[6.8911,44.3684],[6.8933,44.3691],[6.8956,44.3711],[6.8968,44.3747],[6.8963,44.3846],[6.8958,44.3969],[6.8978,44.4051],[6.8969,44.4074],[6.8954,44.4087],[6.8944,44.4102],[6.893,44.4165],[6.8928,44.4196],[6.8992,44.422],[6.9138,44.4243],[6.9223,44.4237],[6.9239,44.4227],[6.9318,44.4243],[6.9328,44.4265],[6.9336,44.4291],[6.9454,44.4279],[6.9484,44.4298],[6.9351,44.4401],[6.9317,44.4404],[6.9156,44.4491],[6.913,44.451],[6.909,44.4589],[6.9073,44.4634],[6.9063,44.4678],[6.9016,44.4709],[6.8975,44.471],[6.8912,44.4726],[6.8887,44.4738],[6.883,44.4766],[6.8784,44.4795],[6.8762,44.4815],[6.8766,44.484],[6.8773,44.4879],[6.8728,44.4905],[6.8677,44.4934],[6.8652,44.4962],[6.8628,44.4998],[6.8612,44.5029],[6.8567,44.5134],[6.8534,44.5279],[6.8551,44.5322],[6.8566,44.534],[6.8648,44.5373],[6.8705,44.5404],[6.8727,44.5453],[6.8772,44.5529],[6.8789,44.5543],[6.8815,44.554],[6.8914,44.5545],[6.9056,44.5569],[6.9119,44.5582],[6.9143,44.559],[6.9164,44.5617],[6.914,44.5642],[6.9124,44.5677],[6.9136,44.569],[6.9229,44.5705],[6.926,44.5706],[6.9326,44.5729],[6.9337,44.575],[6.9336,44.5863],[6.9331,44.5926],[6.9337,44.5963],[6.9377,44.6031],[6.9426,44.6051],[6.9451,44.6057],[6.9472,44.6069],[6.9508,44.6127],[6.9496,44.6147],[6.9493,44.6176],[6.9504,44.6194],[6.9523,44.6205],[6.9541,44.6214],[6.9565,44.6222],[6.9589,44.6217],[6.9641,44.6191],[6.9673,44.6193],[6.9686,44.626],[6.9664,44.6278],[6.9634,44.6291],[6.9608,44.6296],[6.9549,44.6348],[6.9538,44.6363],[6.9527,44.6378],[6.9476,44.6526],[6.9479,44.6548],[6.9496,44.657],[6.9529,44.66],[6.956,44.6615],[6.9593,44.6647],[6.9586,44.668],[6.9575,44.6695],[6.959,44.6739],[6.9627,44.6777],[6.9653,44.678],[6.97,44.6774],[6.9824,44.6848],[6.9852,44.6874],[6.9871,44.6895],[6.9896,44.6903],[6.9957,44.6906],[6.9985,44.6906],[7.0004,44.6892],[7.002,44.6874],[7.0109,44.6886],[7.0223,44.6913],[7.0292,44.6916],[7.0413,44.6862],[7.0489,44.6831],[7.061,44.6801],[7.07,44.6798],[7.0728,44.6805],[7.0759,44.6833],[7.0752,44.6902],[7.0733,44.6959],[7.0713,44.6974],[7.068,44.7027],[7.0657,44.7081],[7.0653,44.7138],[7.0541,44.7151],[7.0482,44.7168],[7.0461,44.7175],[7.044,44.7182],[7.0411,44.7196],[7.0373,44.7231],[7.0324,44.7279],[7.0237,44.7397],[7.0212,44.7493],[7.0213,44.7518],[7.0219,44.7545],[7.0244,44.7557],[7.0248,44.7611],[7.0218,44.7709],[7.0192,44.776],[7.0122,44.7831],[7.0097,44.7844],[7.0073,44.785],[7.0051,44.7858],[7.0022,44.7873],[7.0001,44.789],[7.0015,44.7911],[7.0031,44.792],[7.0094,44.7983],[7.0171,44.8117],[7.02,44.8183],[7.0239,44.8233],[7.0127,44.8253],[7.0107,44.8258],[7.0093,44.827],[7.0084,44.8329],[7.0066,44.8395],[7.0012,44.8424],[6.9967,44.8421],[6.9934,44.8423],[6.9866,44.8449],[6.9837,44.8461],[6.9816,44.8467],[6.9781,44.8468],[6.9753,44.8462],[6.9716,44.8462],[6.9604,44.8513],[6.9586,44.8527],[6.9557,44.8545],[6.9538,44.8553],[6.9369,44.8609],[6.9332,44.8625],[6.9315,44.8634],[6.929,44.8611],[6.9269,44.8571],[6.9224,44.8513],[6.9128,44.8449],[6.9075,44.8439],[6.9056,44.8452],[6.882,44.8491],[6.8705,44.8498],[6.8641,44.8505],[6.8596,44.8528],[6.8571,44.8557],[6.8548,44.8576],[6.8481,44.8585],[6.8405,44.8597],[6.8388,44.8605],[6.8341,44.8634],[6.8329,44.8648],[6.83,44.8679],[6.8132,44.8746],[6.8104,44.8751],[6.8037,44.879],[6.8018,44.8804],[6.8002,44.8831],[6.7926,44.8893],[6.7854,44.8887],[6.7805,44.893],[6.7791,44.8955],[6.7786,44.8975],[6.7764,44.9002],[6.7739,44.902],[6.7719,44.903],[6.7678,44.9025],[6.7653,44.9022],[6.7616,44.9026],[6.752,44.9056],[6.7502,44.9068],[6.7508,44.9143],[6.7512,44.9183],[6.7509,44.9241],[6.7536,44.929],[6.759,44.932],[6.76,44.9338],[6.7591,44.9354],[6.7572,44.937],[6.7532,44.9384],[6.7462,44.9386],[6.7555,44.9462],[6.7578,44.9482],[6.7597,44.9508],[6.7644,44.958],[6.7654,44.9602],[6.764,44.9699],[6.7626,44.9724],[6.7605,44.9731],[6.7585,44.9738],[6.7504,44.9782],[6.7494,44.9822],[6.7483,44.9852],[6.7434,44.9886],[6.7395,44.9897],[6.7376,44.9908],[6.7375,44.9935],[6.7429,44.9948],[6.7465,44.9953],[6.7498,44.9958],[6.7513,44.9976],[6.7501,45.0035],[6.7478,45.0069],[6.7461,45.0096],[6.7455,45.0119],[6.746,45.0139],[6.7443,45.0153],[6.726,45.0217],[6.7223,45.022],[6.7187,45.0209],[6.7147,45.0204],[6.7076,45.0214],[6.7041,45.0211],[6.6941,45.0204],[6.6754,45.0193],[6.6736,45.02],[6.6723,45.0215],[6.6654,45.0316],[6.6645,45.0341],[6.6658,45.0398],[6.6684,45.0409],[6.6708,45.0416],[6.6699,45.0441],[6.667,45.0471],[6.6618,45.054],[6.6632,45.0561],[6.6626,45.0695],[6.6615,45.0717],[6.6579,45.0717],[6.6542,45.0717],[6.6477,45.0743],[6.6457,45.0756],[6.6464,45.0819],[6.6444,45.0857],[6.6406,45.0899],[6.6321,45.0977],[6.6273,45.1018],[6.6266,45.1043],[6.6334,45.1148],[6.6362,45.1161],[6.6426,45.1165],[6.6448,45.1157],[6.6469,45.1151],[6.6731,45.1245],[6.674,45.1284],[6.6741,45.131],[6.6756,45.134],[6.6766,45.1357],[6.6798,45.14],[6.6867,45.1401],[6.6913,45.1396],[6.6969,45.1407],[6.6992,45.142],[6.7011,45.1429],[6.7073,45.144],[6.712,45.1448],[6.7143,45.1443],[6.7172,45.143],[6.7202,45.1414],[6.723,45.1398],[6.725,45.1391],[6.7402,45.137],[6.7443,45.1384],[6.751,45.1432],[6.7576,45.1512],[6.765,45.1574],[6.768,45.1596],[6.7798,45.158],[6.7871,45.1536],[6.7941,45.1534],[6.7966,45.1531],[6.8131,45.1485],[6.8245,45.1428],[6.8411,45.1357],[6.8448,45.1321],[6.8451,45.1297],[6.8465,45.1282],[6.8483,45.1273],[6.8523,45.128],[6.8621,45.131],[6.8651,45.1317],[6.8675,45.1325],[6.8699,45.1342],[6.8713,45.1356],[6.8733,45.1361],[6.8821,45.1361],[6.8927,45.137],[6.8965,45.1394],[6.8979,45.1413],[6.8948,45.144],[6.89,45.1485],[6.8852,45.1546],[6.8842,45.1561],[6.8916,45.167],[6.8935,45.169],[6.9019,45.1675],[6.9074,45.1663],[6.9174,45.1674],[6.9244,45.1689],[6.9269,45.1702],[6.9309,45.171],[6.9338,45.1711],[6.9475,45.1705],[6.9461,45.172],[6.9443,45.1742],[6.9432,45.1759],[6.9497,45.1794],[6.9529,45.1864],[6.9587,45.1917],[6.967,45.1952],[6.9653,45.1975],[6.9606,45.203],[6.9629,45.2051],[6.9658,45.2077],[6.972,45.2075],[6.9758,45.2077],[6.9891,45.2102],[6.994,45.2119],[7.0032,45.2201],[7.0052,45.2182],[7.0074,45.2169],[7.0196,45.2146],[7.0269,45.2156],[7.0292,45.2162],[7.0347,45.2205],[7.0414,45.2254],[7.0475,45.2259],[7.051,45.2257],[7.067,45.2103],[7.0768,45.2141],[7.0831,45.2163],[7.0838,45.22],[7.0839,45.2234],[7.0849,45.2249],[7.0908,45.2297],[7.097,45.2335],[7.1071,45.2436],[7.1096,45.2455],[7.1121,45.2465],[7.115,45.2464],[7.1183,45.2455],[7.1217,45.2444],[7.1243,45.244],[7.1288,45.2477],[7.1369,45.2555],[7.1361,45.2586],[7.1327,45.264],[7.132,45.2689],[7.1315,45.274],[7.1337,45.2756],[7.1353,45.2776],[7.1361,45.2795],[7.136,45.28]],[[8.0478,45.1079],[8.0449,45.1158],[8.0457,45.123],[8.0468,45.1282],[8.0411,45.1281],[8.0355,45.1289],[8.0308,45.1299],[8.0288,45.1327],[8.0266,45.133],[8.0242,45.1326],[8.0228,45.1314],[8.0223,45.1289],[8.0205,45.1269],[8.016,45.1256],[8.0063,45.1287],[7.9923,45.1283],[7.9803,45.1238],[7.9852,45.1179],[7.9901,45.1139],[8.0081,45.1043],[8.0111,45.1024],[8.0221,45.1088],[8.0254,45.1083],[8.0294,45.107],[8.0414,45.1084],[8.044,45.1085],[8.0478,45.1079]],[[8.8164,45.0223],[8.8164,45.0223],[8.8143,45.0174],[8.8164,45.0223]],[[8.704,45.0175],[8.7064,45.0136],[8.7054,45.0245],[8.704,45.0175]]]},"properties":{"name":"Piemonte"}},{"type":"Feature","geometry":{"type":"Polygon","coordinates":[[[7.7346,45.9237],[7.7359,45.9274],[7.7473,45.9378],[7.7516,45.9395],[7.7672,45.9374],[7.7692,45.9368],[7.7825,45.9277],[7.7933,45.9215],[7.798,45.918],[7.7998,45.9172],[7.8044,45.9187],[7.8061,45.9197],[7.8077,45.9212],[7.8091,45.9224],[7.8188,45.9264],[7.8214,45.9269],[7.8269,45.9261],[7.8317,45.9249],[7.8337,45.9235],[7.8359,45.9221],[7.8457,45.921],[7.8532,45.9208],[7.8564,45.9211],[7.8592,45.9203],[7.864,45.9164],[7.8622,45.9149],[7.8614,45.9104],[7.8641,45.8929],[7.8654,45.8801],[7.8687,45.8682],[7.8699,45.8666],[7.8717,45.865],[7.8739,45.8633],[7.8757,45.862],[7.8744,45.8545],[7.8736,45.8527],[7.8722,45.8515],[7.8702,45.8505],[7.8683,45.8495],[7.8667,45.8483],[7.864,45.8401],[7.865,45.8381],[7.8668,45.8365],[7.8684,45.8355],[7.8735,45.8259],[7.8652,45.822],[7.8623,45.8199],[7.8636,45.817],[7.8666,45.8016],[7.8662,45.7989],[7.8652,45.7967],[7.8641,45.7951],[7.8626,45.7922],[7.8691,45.7829],[7.8734,45.7783],[7.876,45.7764],[7.879,45.7747],[7.8806,45.7737],[7.8822,45.7724],[7.8823,45.7697],[7.8809,45.7672],[7.8849,45.7602],[7.8915,45.7552],[7.8948,45.7528],[7.8995,45.7497],[7.9173,45.7435],[7.9226,45.7423],[7.9258,45.742],[7.929,45.7424],[7.9273,45.7347],[7.9366,45.7243],[7.93,45.7147],[7.9239,45.7063],[7.9203,45.7019],[7.9128,45.7011],[7.9094,45.6976],[7.9068,45.6924],[7.9048,45.6862],[7.9052,45.682],[7.9074,45.6816],[7.9103,45.6804],[7.9121,45.6739],[7.9119,45.6707],[7.9166,45.6691],[7.92,45.6674],[7.9216,45.6664],[7.922,45.6643],[7.921,45.6619],[7.9216,45.6594],[7.9239,45.6567],[7.9258,45.6552],[7.9272,45.6534],[7.9331,45.6485],[7.9382,45.6454],[7.9395,45.6437],[7.9361,45.6357],[7.9334,45.6358],[7.9297,45.6362],[7.9275,45.6359],[7.9252,45.6354],[7.9159,45.6331],[7.9136,45.6313],[7.9068,45.6236],[7.9044,45.6208],[7.9014,45.6167],[7.8989,45.6136],[7.8975,45.6125],[7.8974,45.6063],[7.8958,45.6016],[7.8968,45.5988],[7.8979,45.597],[7.9001,45.5935],[7.8971,45.5904],[7.8943,45.5909],[7.8924,45.5924],[7.891,45.5937],[7.8906,45.596],[7.8892,45.5976],[7.8805,45.5999],[7.8774,45.6002],[7.8704,45.599],[7.8663,45.5979],[7.8623,45.597],[7.859,45.5976],[7.8489,45.6023],[7.8472,45.6005],[7.8453,45.5992],[7.8422,45.5975],[7.8397,45.5974],[7.8369,45.5976],[7.8317,45.5978],[7.8288,45.5973],[7.8182,45.5936],[7.8113,45.5904],[7.8054,45.5877],[7.8012,45.5868],[7.7957,45.5864],[7.7968,45.5827],[7.7944,45.5817],[7.787,45.5765],[7.7853,45.5748],[7.7789,45.5715],[7.7748,45.5696],[7.7721,45.5685],[7.7685,45.5672],[7.7619,45.5653],[7.7557,45.5637],[7.7488,45.5601],[7.7455,45.5578],[7.7419,45.5545],[7.7377,45.5521],[7.7327,45.5503],[7.7303,45.5507],[7.7292,45.5525],[7.723,45.5574],[7.7205,45.5585],[7.7163,45.559],[7.7032,45.5556],[7.6909,45.5559],[7.6883,45.5573],[7.6768,45.5521],[7.6694,45.5558],[7.6609,45.5609],[7.659,45.5621],[7.647,45.5685],[7.6448,45.5691],[7.6403,45.5689],[7.634,45.5708],[7.6299,45.5691],[7.6245,45.5669],[7.6169,45.5645],[7.6102,45.5628],[7.6075,45.5685],[7.6062,45.5728],[7.6008,45.5773],[7.5991,45.5784],[7.59,45.582],[7.5877,45.5826],[7.5816,45.5827],[7.5787,45.585],[7.574,45.5893],[7.5686,45.5912],[7.5655,45.5916],[7.555,45.5899],[7.5484,45.5888],[7.5418,45.5851],[7.54,45.5834],[7.5386,45.5813],[7.5327,45.5772],[7.5303,45.5767],[7.5265,45.5766],[7.524,45.5766],[7.5209,45.5769],[7.5179,45.5782],[7.5138,45.5798],[7.5058,45.582],[7.5024,45.5827],[7.499,45.5831],[7.4917,45.5833],[7.4893,45.5831],[7.4709,45.5777],[7.4637,45.574],[7.4627,45.5722],[7.4504,45.5617],[7.4486,45.5608],[7.448,45.5556],[7.445,45.5549],[7.4222,45.546],[7.416,45.5418],[7.4089,45.5352],[7.4026,45.5341],[7.3994,45.5333],[7.3958,45.5316],[7.3967,45.529],[7.3849,45.5204],[7.38,45.518],[7.3772,45.5169],[7.368,45.5224],[7.3653,45.5245],[7.3626,45.5254],[7.3593,45.5259],[7.3565,45.5245],[7.3509,45.5224],[7.344,45.5213],[7.3415,45.521],[7.3387,45.5212],[7.3353,45.5212],[7.3284,45.5186],[7.323,45.5145],[7.3038,45.5165],[7.3012,45.5172],[7.296,45.5165],[7.2932,45.5161],[7.2908,45.5152],[7.279,45.5134],[7.2695,45.5147],[7.2682,45.5128],[7.2666,45.5086],[7.2664,45.5038],[7.2646,45.5002],[7.2633,45.4987],[7.2601,45.4984],[7.2578,45.4981],[7.2551,45.4973],[7.2532,45.4967],[7.2505,45.4956],[7.2476,45.4941],[7.2358,45.4854],[7.2304,45.478],[7.2304,45.4755],[7.2227,45.4705],[7.2149,45.471],[7.2098,45.4726],[7.2085,45.474],[7.2074,45.4756],[7.2003,45.4806],[7.1837,45.4831],[7.1639,45.4856],[7.1603,45.4866],[7.1573,45.4866],[7.1528,45.4849],[7.1511,45.4835],[7.1498,45.4814],[7.148,45.4781],[7.1436,45.4778],[7.1417,45.4798],[7.14,45.4834],[7.1374,45.4897],[7.1369,45.4918],[7.1392,45.4931],[7.1418,45.4948],[7.1435,45.4965],[7.1422,45.5054],[7.1411,45.5109],[7.1384,45.5133],[7.1375,45.5163],[7.1355,45.5158],[7.1263,45.5117],[7.1217,45.5062],[7.1215,45.4988],[7.1208,45.4968],[7.1188,45.4947],[7.1168,45.4912],[7.1153,45.4881],[7.1147,45.4853],[7.1142,45.4805],[7.1145,45.4783],[7.1148,45.476],[7.1137,45.4736],[7.1096,45.4701],[7.1043,45.467],[7.1021,45.4687],[7.0998,45.4695],[7.0756,45.4742],[7.0652,45.4747],[7.0608,45.4739],[7.0593,45.4727],[7.0546,45.4721],[7.05,45.4723],[7.0465,45.4731],[7.0445,45.4789],[7.0453,45.4811],[7.0483,45.4856],[7.0502,45.4866],[7.0536,45.488],[7.0548,45.4894],[7.0551,45.4921],[7.0532,45.495],[7.0513,45.496],[7.0485,45.497],[7.0442,45.4976],[7.0407,45.4968],[7.0377,45.4962],[7.0272,45.4967],[7.0212,45.497],[7.009,45.5003],[6.9997,45.5046],[7.0005,45.5102],[7.0016,45.5126],[7.0046,45.5168],[7.0036,45.5207],[6.9974,45.5263],[6.9949,45.5283],[6.9927,45.5387],[6.9946,45.5409],[6.9956,45.5436],[6.9952,45.5459],[6.9929,45.5504],[6.992,45.5527],[6.9911,45.5557],[6.9896,45.5631],[6.9911,45.5652],[6.9931,45.5658],[6.9947,45.5672],[6.9951,45.5756],[6.9915,45.5787],[6.9869,45.5808],[6.983,45.5826],[6.9802,45.5842],[6.9788,45.586],[6.978,45.5878],[6.9817,45.6001],[6.9836,45.6039],[6.9851,45.608],[6.9854,45.6105],[6.9845,45.6133],[6.9838,45.6163],[6.9841,45.6243],[6.9874,45.6261],[6.9899,45.6265],[6.9918,45.6272],[6.995,45.629],[6.9969,45.6309],[7.0008,45.6355],[7.001,45.6398],[6.9886,45.6445],[6.9838,45.6451],[6.9816,45.6454],[6.9778,45.6457],[6.9751,45.6465],[6.9727,45.6473],[6.9714,45.6497],[6.9707,45.6521],[6.97,45.6539],[6.9675,45.6546],[6.9636,45.655],[6.9609,45.6551],[6.9466,45.6513],[6.9327,45.6473],[6.9301,45.6471],[6.9261,45.6485],[6.9152,45.6525],[6.9158,45.6551],[6.9166,45.6595],[6.9132,45.6619],[6.9107,45.6622],[6.906,45.6674],[6.9065,45.6698],[6.9065,45.6752],[6.9028,45.6803],[6.9006,45.6808],[6.8981,45.6793],[6.8954,45.6771],[6.8935,45.676],[6.8714,45.6801],[6.8541,45.687],[6.848,45.6902],[6.8428,45.6974],[6.8311,45.7017],[6.8278,45.7039],[6.8206,45.7142],[6.82,45.7169],[6.8193,45.7191],[6.8151,45.7213],[6.8092,45.7248],[6.8086,45.7271],[6.8105,45.7288],[6.8119,45.73],[6.8131,45.7313],[6.8161,45.7369],[6.8173,45.7397],[6.8157,45.7415],[6.8136,45.7429],[6.8106,45.7437],[6.806,45.7474],[6.8046,45.7564],[6.8053,45.7588],[6.8064,45.7608],[6.8049,45.7687],[6.804,45.7716],[6.8028,45.7738],[6.8018,45.776],[6.8013,45.7813],[6.8045,45.7906],[6.8057,45.7923],[6.8076,45.7931],[6.8122,45.7968],[6.8133,45.8075],[6.8094,45.8208],[6.8186,45.8362],[6.8208,45.8373],[6.8233,45.838],[6.8425,45.8422],[6.8483,45.84],[6.853,45.8374],[6.8546,45.8364],[6.8564,45.8354],[6.8587,45.8341],[6.8606,45.8334],[6.8643,45.8331],[6.8729,45.8405],[6.8741,45.8422],[6.8742,45.8447],[6.878,45.8493],[6.8802,45.8499],[6.8831,45.8495],[6.8858,45.8482],[6.8875,45.8471],[6.8895,45.8457],[6.8931,45.8438],[6.895,45.843],[6.9099,45.8421],[6.9163,45.8444],[6.9303,45.8462],[6.9328,45.8461],[6.9396,45.8468],[6.9416,45.8477],[6.9452,45.8529],[6.9507,45.8588],[6.9705,45.8667],[6.9729,45.8675],[6.9773,45.8687],[6.981,45.869],[6.9861,45.8685],[6.9892,45.8681],[6.9917,45.8688],[6.9963,45.8716],[6.9984,45.8733],[7.0065,45.8866],[7.0057,45.8886],[7.0041,45.8906],[7.0031,45.8925],[7.0027,45.8968],[7.0038,45.8992],[7.0184,45.9147],[7.0206,45.9162],[7.0288,45.9201],[7.0307,45.9208],[7.0329,45.9214],[7.0406,45.9226],[7.043,45.9228],[7.0457,45.9223],[7.0521,45.9164],[7.0547,45.915],[7.0573,45.9143],[7.0607,45.9133],[7.0645,45.9095],[7.0641,45.9062],[7.0642,45.9014],[7.0652,45.8998],[7.0855,45.8828],[7.0899,45.88],[7.0923,45.8782],[7.0951,45.8759],[7.0949,45.87],[7.0981,45.8638],[7.1002,45.8606],[7.1016,45.859],[7.1069,45.8583],[7.1169,45.8592],[7.1271,45.8645],[7.1318,45.8672],[7.1336,45.8687],[7.1339,45.8711],[7.1351,45.8727],[7.1404,45.8748],[7.1442,45.8758],[7.1474,45.8768],[7.1513,45.8782],[7.1541,45.8793],[7.1594,45.8787],[7.1645,45.8769],[7.1644,45.8741],[7.1632,45.8728],[7.1612,45.8719],[7.1717,45.865],[7.1746,45.8633],[7.1841,45.86],[7.1877,45.859],[7.1903,45.8586],[7.1929,45.8595],[7.1967,45.8607],[7.2003,45.8631],[7.1994,45.8648],[7.198,45.8663],[7.1975,45.8704],[7.1998,45.8749],[7.206,45.8802],[7.2104,45.8813],[7.2152,45.8838],[7.2161,45.8862],[7.2164,45.8888],[7.228,45.8919],[7.2323,45.8914],[7.236,45.8902],[7.246,45.892],[7.2484,45.893],[7.2514,45.892],[7.2597,45.8904],[7.2615,45.8925],[7.2666,45.8965],[7.2702,45.8989],[7.273,45.9001],[7.2763,45.9006],[7.2823,45.9104],[7.2848,45.9149],[7.2907,45.9205],[7.293,45.9214],[7.2952,45.9217],[7.3014,45.9176],[7.3042,45.9179],[7.3154,45.9168],[7.3169,45.9149],[7.3173,45.9128],[7.3234,45.9105],[7.3297,45.9106],[7.3323,45.9115],[7.338,45.9134],[7.3439,45.9153],[7.3505,45.9116],[7.356,45.9084],[7.3652,45.904],[7.3706,45.9026],[7.374,45.9006],[7.3796,45.8983],[7.3818,45.8969],[7.3859,45.8973],[7.3887,45.8984],[7.3928,45.9011],[7.3966,45.9047],[7.4055,45.9091],[7.4084,45.9084],[7.4202,45.9121],[7.4272,45.9157],[7.4317,45.9184],[7.4332,45.92],[7.4406,45.9273],[7.4418,45.9292],[7.4432,45.931],[7.4591,45.9354],[7.463,45.9355],[7.4652,45.935],[7.4679,45.934],[7.4711,45.934],[7.4732,45.935],[7.4747,45.9361],[7.4746,45.9387],[7.4742,45.9408],[7.4731,45.9426],[7.4721,45.9445],[7.4714,45.9473],[7.4768,45.9519],[7.4795,45.9531],[7.4865,45.9555],[7.5023,45.9607],[7.5275,45.957],[7.5381,45.955],[7.541,45.9564],[7.5432,45.9577],[7.5449,45.9596],[7.546,45.9621],[7.5447,45.967],[7.5437,45.9695],[7.5427,45.9715],[7.5417,45.9756],[7.5455,45.9837],[7.5474,45.9853],[7.5503,45.9862],[7.5668,45.9873],[7.5714,45.9876],[7.574,45.9875],[7.5776,45.9865],[7.579,45.9851],[7.58,45.9835],[7.5813,45.9809],[7.5819,45.9787],[7.5815,45.9764],[7.5838,45.9725],[7.5877,45.971],[7.5914,45.9708],[7.5962,45.9707],[7.6038,45.9702],[7.6069,45.9698],[7.6099,45.9694],[7.6134,45.9709],[7.617,45.9721],[7.6198,45.9722],[7.6227,45.9716],[7.6262,45.9712],[7.6324,45.9706],[7.6379,45.9704],[7.6404,45.9705],[7.6436,45.9714],[7.6471,45.9729],[7.6505,45.9743],[7.6551,45.9759],[7.6579,45.9766],[7.6622,45.9758],[7.6644,45.9753],[7.6683,45.973],[7.6733,45.9671],[7.6801,45.958],[7.6878,45.9552],[7.6943,45.955],[7.6973,45.9549],[7.7025,45.9535],[7.7082,45.9496],[7.7099,45.9483],[7.7086,45.9412],[7.7072,45.9358],[7.7177,45.925],[7.7195,45.9239],[7.7222,45.9234],[7.7306,45.9232],[7.7332,45.9234],[7.7346,45.9237]]]},"properties":{"name":"Valle d'Aosta/Vallée d'Aoste"}},{"type":"Feature","geometry":{"type":"MultiPolygon","coordinates":[[[[8.5796,45.7517],[8.5753,45.7563],[8.5723,45.7593],[8.568,45.7636],[8.5651,45.7664],[8.5636,45.7678],[8.5621,45.7689],[8.5604,45.7702],[8.5573,45.7729],[8.5557,45.775],[8.5523,45.7881],[8.5548,45.7981],[8.5556,45.8],[8.5583,45.8036],[8.5635,45.8072],[8.5671,45.8087],[8.5743,45.8108],[8.5801,45.8129],[8.5879,45.8189],[8.592,45.8244],[8.5937,45.8281],[8.5952,45.8336],[8.5951,45.8385],[8.5946,45.8448],[8.5923,45.8524],[8.5869,45.8604],[8.584,45.8655],[8.5749,45.8823],[8.5717,45.887],[8.5705,45.8895],[8.5694,45.8941],[8.5706,45.9],[8.574,45.9038],[8.5879,45.9169],[8.5938,45.9218],[8.6001,45.9262],[8.6087,45.9325],[8.6169,45.9384],[8.6541,45.9661],[8.6823,45.9869],[8.6906,45.9928],[8.7007,45.9999],[8.7124,46.0068],[8.7148,46.0082],[8.7193,46.0111],[8.7208,46.0123],[8.7231,46.0143],[8.7254,46.0168],[8.728,46.0211],[8.7289,46.0234],[8.7291,46.0263],[8.7288,46.0292],[8.7275,46.0324],[8.7263,46.0342],[8.7245,46.0358],[8.7224,46.0381],[8.7213,46.0397],[8.7202,46.0422],[8.7187,46.0474],[8.7176,46.0514],[8.7169,46.0556],[8.7164,46.0589],[8.7159,46.061],[8.715,46.0636],[8.714,46.066],[8.7116,46.0723],[8.7106,46.0742],[8.7091,46.0764],[8.7065,46.0802],[8.7055,46.0819],[8.7056,46.0851],[8.7063,46.0877],[8.7079,46.0908],[8.7103,46.0934],[8.7128,46.096],[8.7148,46.098],[8.7184,46.1019],[8.7243,46.1098],[8.7304,46.1141],[8.7355,46.1175],[8.7427,46.1221],[8.7453,46.1188],[8.7493,46.1134],[8.7524,46.1094],[8.7548,46.1063],[8.7568,46.1038],[8.7593,46.1021],[8.7613,46.1014],[8.7688,46.1],[8.7772,46.0962],[8.7796,46.0953],[8.7834,46.0939],[8.7988,46.0945],[8.8037,46.0983],[8.8061,46.1009],[8.8111,46.0991],[8.8153,46.0973],[8.8263,46.0895],[8.828,46.0881],[8.8327,46.0835],[8.8357,46.0819],[8.8387,46.0811],[8.8418,46.0803],[8.844,46.0786],[8.8471,46.0758],[8.8521,46.0755],[8.854,46.0691],[8.8545,46.0616],[8.8443,46.0485],[8.8381,46.0504],[8.8344,46.0513],[8.8309,46.0473],[8.8317,46.0455],[8.8352,46.0437],[8.8323,46.0405],[8.8299,46.0416],[8.828,46.0333],[8.8263,46.0313],[8.8197,46.0253],[8.8119,46.0235],[8.8059,46.0216],[8.7972,46.012],[8.7921,46.005],[8.79,45.9998],[8.7859,45.989],[8.7897,45.9883],[8.7921,45.989],[8.7925,45.9916],[8.7947,45.9921],[8.7976,45.9918],[8.8036,45.9911],[8.8083,45.9905],[8.8211,45.9875],[8.8313,45.988],[8.837,45.9848],[8.8477,45.9751],[8.8492,45.9732],[8.8682,45.9604],[8.8732,45.9588],[8.8829,45.9566],[8.8943,45.9585],[8.8972,45.9538],[8.8981,45.9487],[8.8987,45.9463],[8.8983,45.9439],[8.8967,45.9416],[8.895,45.9392],[8.8934,45.9364],[8.8925,45.934],[8.8931,45.9313],[8.8977,45.9259],[8.9044,45.9215],[8.9069,45.9179],[8.9107,45.9174],[8.9246,45.9059],[8.9255,45.9037],[8.9247,45.9001],[8.9237,45.8984],[8.9222,45.8949],[8.9243,45.8921],[8.9273,45.8916],[8.9315,45.8859],[8.9338,45.8798],[8.9351,45.8718],[8.9341,45.8701],[8.9403,45.869],[8.9425,45.8703],[8.9455,45.8677],[8.9441,45.8656],[8.941,45.8641],[8.9386,45.8634],[8.9365,45.8629],[8.9343,45.8621],[8.9325,45.8606],[8.919,45.8477],[8.9164,45.8447],[8.9124,45.8303],[8.9194,45.834],[8.923,45.8343],[8.9254,45.8339],[8.9294,45.8333],[8.9307,45.8355],[8.9341,45.8394],[8.9385,45.8409],[8.9495,45.8435],[8.9518,45.8429],[8.9623,45.838],[8.9634,45.8352],[8.9698,45.8323],[8.9759,45.8363],[8.9867,45.8383],[8.9891,45.8378],[8.9905,45.836],[8.9975,45.8347],[8.9949,45.8271],[8.9933,45.8226],[8.9979,45.8229],[9.001,45.8222],[9.0035,45.821],[9.0104,45.8195],[9.0128,45.8191],[9.018,45.8191],[9.0211,45.8208],[9.023,45.8223],[9.026,45.822],[9.0281,45.8211],[9.0306,45.8208],[9.0324,45.8218],[9.0317,45.8241],[9.0319,45.8268],[9.0341,45.8293],[9.0378,45.8354],[9.0364,45.8378],[9.0358,45.8412],[9.0377,45.842],[9.0385,45.8442],[9.0402,45.8463],[9.0479,45.8518],[9.0485,45.8613],[9.054,45.8729],[9.0559,45.8747],[9.0624,45.8759],[9.0656,45.876],[9.0778,45.8856],[9.0837,45.8933],[9.0877,45.8986],[9.0888,45.9007],[9.0872,45.902],[9.0801,45.9004],[9.0763,45.9035],[9.075,45.9063],[9.0768,45.9089],[9.0763,45.9114],[9.0735,45.9128],[9.069,45.9118],[9.0672,45.9109],[9.0682,45.9131],[9.0662,45.9141],[9.0636,45.915],[9.0496,45.92],[9.0489,45.9224],[9.044,45.9263],[9.0419,45.9271],[9.0392,45.9267],[9.0348,45.9263],[9.0294,45.9264],[9.0194,45.9286],[9.02,45.9333],[9.0218,45.9376],[9.0152,45.9403],[9.0132,45.9417],[9.0129,45.944],[9.0151,45.9506],[9.0141,45.9602],[9.0113,45.9615],[9.0088,45.9624],[9.0042,45.9639],[9.002,45.9644],[8.9995,45.965],[8.994,45.9666],[8.9902,45.9691],[8.9888,45.9706],[8.9881,45.9724],[9.0045,45.9798],[9.0069,45.9803],[9.0182,45.9879],[9.0226,45.9927],[9.0277,45.9936],[9.0253,45.9995],[9.0243,46.0034],[9.0231,46.011],[9.0225,46.0156],[9.0193,46.0191],[9.0172,46.0208],[9.0136,46.0236],[9.0111,46.0255],[9.0091,46.0272],[9.0082,46.0291],[9.009,46.037],[9.0163,46.0489],[9.0195,46.0512],[9.0221,46.0524],[9.0396,46.0591],[9.0494,46.0624],[9.0526,46.0624],[9.0644,46.0619],[9.0734,46.0626],[9.0761,46.0639],[9.0779,46.0653],[9.0776,46.0698],[9.0784,46.0749],[9.0798,46.0767],[9.084,46.0799],[9.0894,46.085],[9.0899,46.0876],[9.0892,46.0901],[9.0784,46.1096],[9.0759,46.111],[9.0739,46.1128],[9.0724,46.1156],[9.0715,46.1193],[9.0765,46.1212],[9.082,46.1218],[9.0991,46.1272],[9.1006,46.1284],[9.1028,46.1303],[9.1044,46.1314],[9.113,46.1347],[9.1153,46.135],[9.1208,46.1346],[9.1253,46.1416],[9.1285,46.1461],[9.1344,46.1529],[9.1447,46.1585],[9.1499,46.1605],[9.1518,46.1612],[9.1582,46.1675],[9.1589,46.1699],[9.1604,46.1709],[9.1631,46.1714],[9.1674,46.1719],[9.1711,46.1718],[9.176,46.1714],[9.1792,46.17],[9.1826,46.1705],[9.193,46.1792],[9.1963,46.187],[9.1942,46.19],[9.194,46.1926],[9.2003,46.2072],[9.2015,46.209],[9.2056,46.2104],[9.2106,46.211],[9.2131,46.2112],[9.2173,46.2139],[9.2187,46.2155],[9.22,46.2213],[9.221,46.2269],[9.2208,46.2293],[9.2348,46.2338],[9.2382,46.2333],[9.2461,46.2322],[9.2476,46.2336],[9.2498,46.2404],[9.2489,46.2421],[9.2483,46.2479],[9.2494,46.2545],[9.2516,46.2655],[9.2556,46.269],[9.2644,46.2809],[9.272,46.2893],[9.274,46.2912],[9.2795,46.2945],[9.2822,46.2959],[9.2845,46.2969],[9.2847,46.3],[9.2836,46.3056],[9.2821,46.3083],[9.2844,46.3133],[9.2891,46.3154],[9.2915,46.3159],[9.2945,46.3172],[9.2952,46.3192],[9.2956,46.322],[9.2966,46.3239],[9.2991,46.326],[9.2957,46.329],[9.2939,46.3308],[9.2918,46.335],[9.2924,46.3382],[9.2939,46.3394],[9.2955,46.3403],[9.2982,46.3418],[9.2992,46.3438],[9.2973,46.352],[9.2957,46.3557],[9.2864,46.3575],[9.2824,46.3583],[9.2767,46.3694],[9.2765,46.3742],[9.278,46.377],[9.2792,46.379],[9.2839,46.3845],[9.2802,46.3879],[9.2779,46.3897],[9.2757,46.3947],[9.2777,46.3972],[9.2799,46.3987],[9.2812,46.4006],[9.2821,46.4058],[9.2806,46.4124],[9.275,46.4186],[9.2704,46.4183],[9.2661,46.4201],[9.2628,46.422],[9.2495,46.4312],[9.2482,46.4331],[9.2475,46.4362],[9.2465,46.4464],[9.252,46.4495],[9.2558,46.4499],[9.2595,46.4501],[9.2626,46.4503],[9.2656,46.4515],[9.2717,46.4545],[9.2773,46.461],[9.2748,46.4626],[9.2734,46.4671],[9.2739,46.4822],[9.2789,46.4916],[9.2819,46.4964],[9.2859,46.4971],[9.2889,46.4971],[9.2995,46.4997],[9.3044,46.5016],[9.3082,46.5038],[9.3199,46.5055],[9.3256,46.5059],[9.3348,46.5063],[9.3372,46.5056],[9.339,46.5041],[9.3499,46.5057],[9.3577,46.5077],[9.3647,46.5077],[9.37,46.5049],[9.3723,46.5037],[9.3737,46.4998],[9.3715,46.4984],[9.3695,46.4973],[9.3684,46.4949],[9.3698,46.4911],[9.3756,46.4852],[9.378,46.4838],[9.381,46.4838],[9.3847,46.4823],[9.3878,46.479],[9.3881,46.4767],[9.3894,46.4733],[9.4,46.4696],[9.4053,46.4685],[9.409,46.4667],[9.4128,46.4669],[9.4238,46.4765],[9.4241,46.4794],[9.4238,46.4828],[9.4245,46.4877],[9.4261,46.4909],[9.4339,46.4979],[9.4434,46.499],[9.4494,46.4997],[9.4534,46.5021],[9.4533,46.5049],[9.4599,46.5066],[9.4604,46.4999],[9.4605,46.4963],[9.4599,46.4903],[9.4593,46.4849],[9.4549,46.4845],[9.4502,46.4839],[9.4495,46.4804],[9.4512,46.4795],[9.454,46.4797],[9.4573,46.48],[9.4615,46.4802],[9.4635,46.4704],[9.4631,46.468],[9.4609,46.4658],[9.4587,46.4648],[9.4574,46.4632],[9.4575,46.4561],[9.4581,46.4482],[9.459,46.4435],[9.4585,46.4414],[9.4557,46.4367],[9.4535,46.4213],[9.4539,46.4184],[9.4569,46.4155],[9.4585,46.4145],[9.4611,46.4122],[9.4643,46.4054],[9.4669,46.3981],[9.4687,46.3887],[9.4654,46.384],[9.4618,46.3774],[9.4628,46.3751],[9.4827,46.3678],[9.4877,46.3666],[9.4937,46.3654],[9.496,46.364],[9.4987,46.3615],[9.5083,46.3491],[9.5102,46.3437],[9.5115,46.3389],[9.5139,46.3332],[9.5165,46.3325],[9.5178,46.3304],[9.518,46.328],[9.5254,46.3204],[9.5287,46.3171],[9.5342,46.3122],[9.5371,46.3097],[9.5422,46.3061],[9.5443,46.3049],[9.5464,46.3037],[9.5494,46.3023],[9.555,46.3063],[9.5576,46.3066],[9.5608,46.3055],[9.5622,46.3034],[9.5688,46.3002],[9.5829,46.2945],[9.5859,46.295],[9.5982,46.2952],[9.6099,46.2945],[9.6127,46.2924],[9.616,46.2895],[9.6185,46.2874],[9.6334,46.2863],[9.6386,46.2863],[9.6419,46.287],[9.6493,46.2898],[9.6501,46.292],[9.6743,46.3028],[9.6793,46.3012],[9.6812,46.2996],[9.6833,46.2963],[9.6883,46.2937],[9.7031,46.2907],[9.7112,46.2924],[9.7145,46.2931],[9.7145,46.2968],[9.7151,46.2997],[9.718,46.3061],[9.7215,46.3089],[9.7237,46.3093],[9.7255,46.3124],[9.7261,46.3192],[9.7246,46.3203],[9.7218,46.3282],[9.7269,46.3327],[9.7257,46.3365],[9.7238,46.3394],[9.7247,46.3426],[9.7271,46.3444],[9.7342,46.3491],[9.7373,46.3507],[9.7431,46.3516],[9.7561,46.3454],[9.7582,46.3436],[9.7612,46.3404],[9.7635,46.3386],[9.7659,46.3373],[9.7696,46.3359],[9.775,46.335],[9.7782,46.3353],[9.7827,46.3385],[9.787,46.3407],[9.7915,46.3426],[9.8156,46.35],[9.8217,46.3516],[9.8259,46.3542],[9.8293,46.3563],[9.8314,46.3581],[9.8361,46.3606],[9.8387,46.3615],[9.8491,46.3644],[9.8584,46.3638],[9.8683,46.3625],[9.8794,46.3678],[9.8819,46.3698],[9.8959,46.3765],[9.9064,46.3809],[9.9087,46.3798],[9.9109,46.3775],[9.9174,46.3701],[9.9245,46.3661],[9.9284,46.3666],[9.9304,46.3675],[9.9297,46.3707],[9.9307,46.3726],[9.9335,46.3745],[9.9375,46.3758],[9.9425,46.3771],[9.9527,46.3795],[9.9579,46.3784],[9.9574,46.3764],[9.9557,46.3745],[9.9569,46.3715],[9.9581,46.3701],[9.9632,46.3644],[9.98,46.3556],[9.9931,46.3525],[9.9955,46.3516],[9.9951,46.3445],[9.994,46.3414],[9.9909,46.3383],[9.9877,46.3359],[9.9857,46.3345],[9.9812,46.3247],[9.9947,46.314],[9.9982,46.3048],[9.9925,46.2973],[9.9916,46.2957],[9.9944,46.2874],[9.9955,46.2855],[9.9983,46.2829],[10.0078,46.2811],[10.0106,46.281],[10.0275,46.2777],[10.0301,46.2771],[10.0363,46.2742],[10.0406,46.2721],[10.0478,46.2684],[10.0555,46.2629],[10.0603,46.2511],[10.0605,46.2481],[10.0544,46.239],[10.0478,46.2322],[10.0474,46.2287],[10.0493,46.2275],[10.0528,46.2271],[10.0587,46.2248],[10.0611,46.2227],[10.0629,46.2204],[10.0676,46.2178],[10.0708,46.2171],[10.0728,46.219],[10.0803,46.2248],[10.0831,46.2264],[10.0882,46.2276],[10.0945,46.2286],[10.0974,46.2283],[10.1023,46.2283],[10.109,46.2257],[10.1136,46.2257],[10.1172,46.2256],[10.1193,46.2251],[10.1224,46.224],[10.1326,46.2255],[10.1347,46.2263],[10.1395,46.228],[10.1423,46.229],[10.1457,46.2304],[10.1472,46.2328],[10.1485,46.2353],[10.1509,46.2397],[10.1549,46.2422],[10.1604,46.2456],[10.1635,46.2473],[10.166,46.249],[10.1738,46.2541],[10.1754,46.2557],[10.1763,46.2579],[10.1738,46.2639],[10.1723,46.2662],[10.1635,46.2745],[10.1614,46.2763],[10.1618,46.2802],[10.1559,46.2906],[10.1538,46.2931],[10.1519,46.2941],[10.1481,46.295],[10.1446,46.2966],[10.1396,46.2996],[10.1382,46.3007],[10.1389,46.3047],[10.1342,46.3061],[10.1186,46.313],[10.1164,46.3147],[10.1043,46.3335],[10.105,46.3378],[10.1078,46.3514],[10.121,46.358],[10.1277,46.3605],[10.1293,46.3617],[10.1283,46.3645],[10.1265,46.3699],[10.1274,46.3767],[10.1286,46.3784],[10.1352,46.3823],[10.141,46.3857],[10.1474,46.3869],[10.1489,46.3857],[10.1545,46.3854],[10.1579,46.3856],[10.1617,46.3875],[10.1633,46.3898],[10.1634,46.3952],[10.1626,46.3983],[10.1623,46.4026],[10.1632,46.4054],[10.1656,46.407],[10.1614,46.4149],[10.1583,46.4162],[10.148,46.4192],[10.1465,46.4236],[10.1431,46.4281],[10.1389,46.4287],[10.1354,46.4288],[10.1329,46.4292],[10.1312,46.431],[10.1289,46.4319],[10.1067,46.4268],[10.1013,46.4223],[10.0959,46.4217],[10.0805,46.4211],[10.0793,46.4235],[10.0668,46.4263],[10.0637,46.4265],[10.0605,46.4282],[10.0592,46.4296],[10.0579,46.4345],[10.058,46.4372],[10.0571,46.44],[10.0486,46.4419],[10.0451,46.4419],[10.0417,46.443],[10.0398,46.4457],[10.0422,46.4522],[10.0439,46.4548],[10.0473,46.4575],[10.0492,46.4586],[10.0509,46.4595],[10.0528,46.4613],[10.0509,46.4721],[10.0497,46.4734],[10.0477,46.4746],[10.0456,46.4758],[10.0441,46.4773],[10.043,46.4794],[10.0468,46.5106],[10.0489,46.5117],[10.0505,46.5128],[10.0527,46.5159],[10.0535,46.5182],[10.054,46.5209],[10.0531,46.5315],[10.05,46.5336],[10.0473,46.535],[10.0447,46.5365],[10.0441,46.5394],[10.0456,46.5411],[10.0471,46.5428],[10.0492,46.5439],[10.0531,46.5443],[10.0573,46.545],[10.0597,46.5456],[10.0664,46.5501],[10.0678,46.5515],[10.0689,46.5537],[10.0696,46.5557],[10.0707,46.5578],[10.0726,46.5595],[10.0753,46.5605],[10.0781,46.5609],[10.0825,46.5636],[10.0852,46.5666],[10.0843,46.5689],[10.0828,46.5701],[10.0812,46.5711],[10.0792,46.5731],[10.0805,46.5752],[10.0879,46.5763],[10.0921,46.5768],[10.0956,46.5773],[10.1011,46.5828],[10.1016,46.5854],[10.1012,46.5896],[10.0996,46.5908],[10.0979,46.592],[10.0991,46.6052],[10.1017,46.6101],[10.1035,46.611],[10.1082,46.6095],[10.1117,46.608],[10.1168,46.6066],[10.1208,46.606],[10.1284,46.6055],[10.1318,46.606],[10.1364,46.6077],[10.1425,46.6108],[10.1517,46.6143],[10.1543,46.6149],[10.1581,46.6151],[10.1625,46.6157],[10.17,46.6182],[10.1768,46.621],[10.1802,46.6227],[10.1831,46.624],[10.186,46.625],[10.1885,46.6256],[10.1906,46.6261],[10.1937,46.6257],[10.2023,46.6217],[10.2115,46.6178],[10.2154,46.618],[10.2175,46.619],[10.2188,46.6205],[10.2198,46.6235],[10.2215,46.6267],[10.223,46.6283],[10.225,46.6294],[10.2281,46.6311],[10.2367,46.6344],[10.2391,46.6352],[10.2405,46.6341],[10.2403,46.63],[10.2411,46.6273],[10.2434,46.6238],[10.2493,46.6184],[10.2543,46.6141],[10.2564,46.6123],[10.2579,46.6109],[10.2464,46.5974],[10.2423,46.5925],[10.2439,46.5835],[10.244,46.5784],[10.2466,46.5753],[10.2518,46.5725],[10.2546,46.5719],[10.2582,46.574],[10.2599,46.5751],[10.2616,46.5762],[10.2633,46.5772],[10.2691,46.5778],[10.2835,46.5712],[10.2959,46.5585],[10.2961,46.5552],[10.2949,46.5528],[10.2957,46.5504],[10.2999,46.5494],[10.3154,46.5484],[10.3257,46.5517],[10.33,46.5497],[10.3326,46.5475],[10.3349,46.5452],[10.3371,46.5434],[10.3396,46.5431],[10.3422,46.5437],[10.3491,46.549],[10.3499,46.5508],[10.3505,46.5531],[10.3522,46.5556],[10.3634,46.5556],[10.3663,46.5549],[10.3707,46.5539],[10.3737,46.5524],[10.3938,46.5452],[10.3961,46.5443],[10.3991,46.5444],[10.4018,46.5456],[10.4046,46.5472],[10.4095,46.5493],[10.4126,46.5503],[10.4156,46.551],[10.4193,46.5511],[10.4209,46.55],[10.4302,46.5437],[10.432,46.5424],[10.4335,46.5412],[10.4356,46.5388],[10.4382,46.5365],[10.4435,46.5346],[10.4531,46.5306],[10.453,46.528],[10.4571,46.5127],[10.4579,46.5106],[10.4693,46.5026],[10.4717,46.501],[10.4736,46.5001],[10.4749,46.4988],[10.4761,46.4969],[10.4845,46.4936],[10.4933,46.4981],[10.4997,46.4968],[10.5039,46.4963],[10.5112,46.4955],[10.5311,46.4935],[10.5443,46.4924],[10.5469,46.4925],[10.5497,46.492],[10.552,46.4915],[10.5545,46.4899],[10.5556,46.4881],[10.5571,46.4857],[10.5585,46.4842],[10.56,46.4828],[10.5771,46.4734],[10.5818,46.4721],[10.5941,46.4702],[10.6005,46.4687],[10.6218,46.448],[10.6194,46.4461],[10.6173,46.4444],[10.6166,46.4425],[10.618,46.4394],[10.6195,46.4363],[10.6173,46.4305],[10.6162,46.4291],[10.6175,46.4237],[10.6191,46.4181],[10.6211,46.4137],[10.6245,46.4092],[10.6287,46.4076],[10.6305,46.4026],[10.6294,46.4009],[10.6264,46.399],[10.6212,46.395],[10.6135,46.3879],[10.6091,46.3824],[10.6077,46.3797],[10.5981,46.3774],[10.5786,46.3768],[10.5702,46.3771],[10.5674,46.3779],[10.5624,46.3755],[10.5466,46.3664],[10.5423,46.3606],[10.5436,46.3593],[10.5433,46.3567],[10.5415,46.3555],[10.5394,46.3545],[10.5366,46.3541],[10.5342,46.3545],[10.533,46.3563],[10.5297,46.3569],[10.5204,46.3561],[10.5159,46.3464],[10.5157,46.3432],[10.52,46.3433],[10.5284,46.3412],[10.5368,46.3382],[10.5523,46.3319],[10.5656,46.3263],[10.5654,46.3236],[10.5639,46.3214],[10.5641,46.3148],[10.5649,46.313],[10.5664,46.3116],[10.5714,46.3073],[10.576,46.3049],[10.5789,46.3019],[10.5796,46.2988],[10.5776,46.2972],[10.5709,46.2931],[10.5643,46.289],[10.56,46.284],[10.5688,46.277],[10.5705,46.2761],[10.573,46.2766],[10.5752,46.2761],[10.5762,46.2741],[10.5783,46.2663],[10.5828,46.2555],[10.5857,46.2479],[10.5857,46.2453],[10.5815,46.2403],[10.5799,46.2391],[10.578,46.238],[10.5761,46.2371],[10.5726,46.2367],[10.5707,46.2359],[10.5682,46.2337],[10.5689,46.2301],[10.5705,46.2272],[10.5707,46.2242],[10.5681,46.2202],[10.5582,46.2117],[10.555,46.21],[10.5528,46.2086],[10.5508,46.2068],[10.5494,46.2046],[10.5434,46.1925],[10.5414,46.1886],[10.5437,46.1874],[10.5464,46.1857],[10.5487,46.1842],[10.5535,46.181],[10.5561,46.1786],[10.558,46.1764],[10.5648,46.1677],[10.5641,46.1657],[10.5623,46.165],[10.5607,46.1639],[10.5575,46.1599],[10.5554,46.1554],[10.5549,46.1525],[10.5543,46.1488],[10.5493,46.1464],[10.5481,46.1393],[10.5512,46.1251],[10.5495,46.1174],[10.5416,46.1033],[10.5362,46.0981],[10.5247,46.0896],[10.5172,46.0801],[10.5092,46.0752],[10.5077,46.0736],[10.5049,46.0724],[10.5023,46.0723],[10.4951,46.0694],[10.4909,46.0668],[10.4809,46.0563],[10.4773,46.0513],[10.4791,46.0505],[10.4814,46.0499],[10.4835,46.0438],[10.4862,46.0296],[10.4847,46.0246],[10.4833,46.0219],[10.4815,46.0211],[10.4761,46.0213],[10.4721,46.0215],[10.4654,46.0175],[10.463,46.0154],[10.4583,46.0104],[10.4572,46.0086],[10.4571,46.0036],[10.4575,46.0011],[10.4572,45.9957],[10.4554,45.9926],[10.4537,45.9912],[10.4523,45.9824],[10.4521,45.9797],[10.4527,45.9777],[10.4675,45.9716],[10.4711,45.9723],[10.4745,45.9726],[10.4866,45.9712],[10.4885,45.9693],[10.4899,45.9628],[10.4887,45.9607],[10.487,45.9595],[10.4842,45.9547],[10.483,45.9519],[10.4847,45.9451],[10.4857,45.9435],[10.491,45.9419],[10.4912,45.9332],[10.4964,45.9295],[10.5041,45.9263],[10.5074,45.925],[10.5086,45.9236],[10.5101,45.9171],[10.5077,45.9053],[10.5062,45.9034],[10.5024,45.9006],[10.5004,45.8998],[10.4954,45.8998],[10.4901,45.8871],[10.49,45.8846],[10.491,45.8823],[10.4948,45.8798],[10.5023,45.8713],[10.5017,45.8674],[10.5015,45.8596],[10.5025,45.8566],[10.5047,45.8497],[10.5059,45.8433],[10.5036,45.837],[10.5026,45.8351],[10.502,45.8322],[10.5025,45.8302],[10.5082,45.8237],[10.5109,45.8241],[10.5137,45.8257],[10.5176,45.8264],[10.5243,45.8271],[10.5289,45.8266],[10.5368,45.8226],[10.5404,45.8204],[10.5433,45.8184],[10.5433,45.8157],[10.5371,45.8106],[10.5339,45.8094],[10.5311,45.8095],[10.5266,45.8066],[10.5282,45.8041],[10.5325,45.8051],[10.5351,45.8017],[10.5309,45.7959],[10.5327,45.7883],[10.536,45.7865],[10.5378,45.7856],[10.5454,45.7847],[10.5537,45.7839],[10.5611,45.7839],[10.5635,45.7841],[10.5745,45.7869],[10.5804,45.7889],[10.582,45.7919],[10.5857,45.7962],[10.5891,45.7979],[10.5977,45.7997],[10.6005,45.8028],[10.6117,45.8053],[10.6146,45.8056],[10.6248,45.8062],[10.6351,45.8067],[10.6414,45.8019],[10.6438,45.803],[10.6453,45.8041],[10.6484,45.8077],[10.651,45.8125],[10.6547,45.8213],[10.654,45.8271],[10.6546,45.8326],[10.6677,45.8323],[10.6713,45.8318],[10.6733,45.8313],[10.6757,45.8305],[10.6826,45.8326],[10.6903,45.8363],[10.6928,45.8377],[10.6951,45.8394],[10.6968,45.8409],[10.6995,45.8417],[10.7016,45.8411],[10.7062,45.8385],[10.7068,45.8365],[10.7099,45.8361],[10.7171,45.8368],[10.7187,45.8379],[10.7206,45.8393],[10.7222,45.8408],[10.7264,45.8424],[10.7317,45.8426],[10.7351,45.8427],[10.7371,45.842],[10.7415,45.8413],[10.745,45.8405],[10.7513,45.8366],[10.7522,45.8342],[10.7543,45.8316],[10.7564,45.83],[10.76,45.8375],[10.7631,45.84],[10.7654,45.8411],[10.7679,45.8419],[10.7706,45.8426],[10.7746,45.8431],[10.7771,45.8431],[10.7823,45.8384],[10.7891,45.8342],[10.7917,45.8331],[10.796,45.836],[10.7984,45.8363],[10.8009,45.8348],[10.8033,45.8344],[10.8254,45.8377],[10.8373,45.8337],[10.8399,45.8328],[10.8383,45.8276],[10.8345,45.8182],[10.8325,45.8156],[10.8303,45.8134],[10.827,45.8111],[10.825,45.8103],[10.8193,45.8071],[10.8163,45.805],[10.8096,45.7984],[10.8081,45.7966],[10.8053,45.793],[10.8024,45.7896],[10.7925,45.7771],[10.7841,45.7661],[10.772,45.7508],[10.7631,45.7407],[10.7483,45.7242],[10.7355,45.7098],[10.7293,45.703],[10.7275,45.7011],[10.7188,45.6914],[10.7123,45.6838],[10.7056,45.6764],[10.702,45.6727],[10.696,45.6674],[10.6895,45.6618],[10.6814,45.6547],[10.631,45.6095],[10.6285,45.6021],[10.6293,45.5954],[10.6309,45.5816],[10.6317,45.5741],[10.6323,45.5685],[10.6354,45.5354],[10.6367,45.5209],[10.6376,45.5115],[10.6379,45.5083],[10.6386,45.5008],[10.6403,45.4837],[10.6408,45.4792],[10.6416,45.4721],[10.6428,45.4626],[10.643,45.4573],[10.6462,45.4526],[10.6476,45.4514],[10.6477,45.4485],[10.6443,45.4447],[10.627,45.4429],[10.6236,45.4436],[10.6273,45.4383],[10.6354,45.4422],[10.6403,45.4435],[10.6495,45.4408],[10.6515,45.4279],[10.6507,45.4259],[10.6466,45.4214],[10.6448,45.4204],[10.6436,45.4187],[10.6539,45.4158],[10.6652,45.4277],[10.6687,45.4264],[10.6977,45.421],[10.6986,45.4228],[10.7125,45.4186],[10.7145,45.4176],[10.7161,45.4161],[10.7194,45.406],[10.7186,45.4028],[10.7176,45.4008],[10.7188,45.3992],[10.7176,45.3967],[10.7079,45.385],[10.6986,45.3803],[10.6995,45.3755],[10.7064,45.37],[10.7087,45.369],[10.7111,45.3688],[10.7139,45.3685],[10.7036,45.3583],[10.6918,45.354],[10.6889,45.3537],[10.6855,45.3537],[10.6868,45.3422],[10.6929,45.3407],[10.6955,45.3402],[10.6987,45.3397],[10.7007,45.3409],[10.7031,45.3414],[10.715,45.3341],[10.7149,45.3289],[10.7132,45.3237],[10.712,45.3221],[10.7095,45.3204],[10.7079,45.3186],[10.7064,45.3163],[10.7095,45.3159],[10.7164,45.3166],[10.7199,45.3175],[10.7213,45.3188],[10.7247,45.3185],[10.7271,45.3178],[10.7305,45.3159],[10.7314,45.3136],[10.733,45.3067],[10.7328,45.3041],[10.732,45.3019],[10.7305,45.2996],[10.7289,45.2961],[10.7284,45.2939],[10.7283,45.2913],[10.7374,45.2872],[10.7486,45.2942],[10.7828,45.3154],[10.7948,45.3078],[10.8165,45.2941],[10.8163,45.291],[10.8239,45.2848],[10.827,45.2839],[10.8294,45.2819],[10.8333,45.2762],[10.835,45.2744],[10.84,45.2729],[10.8398,45.2685],[10.8466,45.2566],[10.8615,45.2549],[10.874,45.2524],[10.8796,45.248],[10.8819,45.2469],[10.8861,45.2478],[10.889,45.2486],[10.8968,45.2471],[10.8997,45.2469],[10.9013,45.2384],[10.9035,45.2372],[10.9178,45.2351],[10.9278,45.2339],[10.9368,45.2329],[10.9308,45.2262],[10.9305,45.22],[10.935,45.2142],[10.9385,45.214],[10.9434,45.2113],[10.9454,45.2091],[10.947,45.2066],[10.9579,45.2061],[10.9636,45.2054],[10.9719,45.2018],[10.9764,45.1998],[10.9787,45.1992],[10.9841,45.1998],[10.9882,45.1975],[10.9904,45.1961],[10.9958,45.1887],[10.9971,45.1869],[10.9981,45.1853],[10.9948,45.1838],[10.9934,45.1801],[10.9983,45.1686],[10.9989,45.1659],[10.998,45.1586],[10.9954,45.1541],[10.9934,45.1531],[10.9944,45.1506],[11.0102,45.1487],[11.0123,45.1495],[11.0172,45.1526],[11.0216,45.1557],[11.0232,45.1574],[11.0261,45.1585],[11.028,45.1591],[11.0321,45.1536],[11.0323,45.1499],[11.0356,45.1501],[11.046,45.153],[11.0495,45.1507],[11.0474,45.1474],[11.0445,45.1455],[11.0423,45.1439],[11.0415,45.1404],[11.0429,45.1375],[11.0438,45.1346],[11.0416,45.1326],[11.0359,45.1303],[11.0316,45.1288],[11.0293,45.128],[11.0285,45.1242],[11.0307,45.1207],[11.0338,45.1175],[11.0397,45.1131],[11.0427,45.1117],[11.0462,45.1114],[11.049,45.1109],[11.0508,45.1094],[11.0729,45.0987],[11.0788,45.0995],[11.0833,45.0997],[11.0868,45.0988],[11.0883,45.0977],[11.0936,45.096],[11.0976,45.0952],[11.0954,45.0978],[11.0939,45.0999],[11.0949,45.1061],[11.0965,45.1087],[11.1001,45.1125],[11.1021,45.1131],[11.1035,45.1117],[11.1054,45.1091],[11.1144,45.1049],[11.1266,45.1032],[11.1318,45.1049],[11.1344,45.1091],[11.1341,45.1123],[11.1342,45.1159],[11.1387,45.1239],[11.1459,45.126],[11.1488,45.1248],[11.1592,45.1185],[11.1626,45.1177],[11.1668,45.1172],[11.1693,45.1168],[11.1731,45.1161],[11.1808,45.1131],[11.1876,45.1099],[11.1928,45.1102],[11.2034,45.1117],[11.2055,45.1095],[11.1884,45.1015],[11.1775,45.0973],[11.1771,45.0951],[11.1767,45.0921],[11.1767,45.0893],[11.1781,45.0877],[11.1808,45.088],[11.1875,45.0865],[11.1884,45.0841],[11.1873,45.0825],[11.1827,45.079],[11.1808,45.0776],[11.1782,45.076],[11.1755,45.0749],[11.1736,45.0716],[11.1737,45.0673],[11.1743,45.0616],[11.1764,45.0605],[11.1786,45.0609],[11.1811,45.0612],[11.1915,45.0609],[11.1974,45.0605],[11.201,45.0602],[11.2069,45.0585],[11.21,45.0579],[11.2122,45.0575],[11.2149,45.0564],[11.2247,45.0509],[11.2298,45.0478],[11.2385,45.0432],[11.243,45.0432],[11.2454,45.0437],[11.2476,45.0445],[11.2505,45.0469],[11.2516,45.0487],[11.253,45.0504],[11.2549,45.0523],[11.257,45.0539],[11.2595,45.0554],[11.2614,45.0563],[11.2643,45.0568],[11.2676,45.0552],[11.2687,45.0534],[11.2695,45.0511],[11.2703,45.0486],[11.2706,45.0464],[11.2704,45.044],[11.2685,45.0416],[11.2674,45.0399],[11.2631,45.0336],[11.2646,45.0317],[11.2699,45.0284],[11.2713,45.0271],[11.2728,45.0241],[11.2731,45.0216],[11.2733,45.0192],[11.2755,45.0173],[11.2815,45.0164],[11.2905,45.0152],[11.2989,45.0145],[11.3016,45.0142],[11.3054,45.0133],[11.3087,45.0124],[11.3109,45.0112],[11.3132,45.0097],[11.3179,45.0042],[11.3221,45.0002],[11.3272,44.9957],[11.3382,44.9894],[11.344,44.9878],[11.3584,44.9836],[11.3608,44.9825],[11.3637,44.9814],[11.376,44.9773],[11.3839,44.9748],[11.3864,44.9741],[11.3946,44.9716],[11.4018,44.9704],[11.4058,44.9699],[11.409,44.9695],[11.4113,44.9687],[11.4148,44.9673],[11.4175,44.9661],[11.4202,44.9648],[11.4219,44.9638],[11.4244,44.9619],[11.4262,44.9598],[11.4273,44.9579],[11.4277,44.9552],[11.4275,44.9528],[11.4267,44.9501],[11.41,44.9502],[11.3999,44.954],[11.3782,44.9579],[11.3741,44.9578],[11.3628,44.9555],[11.3617,44.9539],[11.36,44.9509],[11.3581,44.9501],[11.3376,44.9564],[11.3293,44.9607],[11.3135,44.9583],[11.3102,44.9593],[11.3087,44.9605],[11.3061,44.9621],[11.3016,44.9624],[11.2968,44.9576],[11.2933,44.9577],[11.2854,44.9568],[11.2838,44.9558],[11.2819,44.9528],[11.2798,44.9494],[11.2767,44.9448],[11.2723,44.9383],[11.2706,44.9412],[11.2667,44.944],[11.2632,44.9453],[11.2581,44.9464],[11.2503,44.9495],[11.2462,44.9514],[11.243,44.9473],[11.2414,44.9459],[11.238,44.945],[11.2354,44.9446],[11.2318,44.9448],[11.2278,44.9447],[11.2174,44.9441],[11.2131,44.9435],[11.2083,44.9423],[11.2054,44.9414],[11.2031,44.9402],[11.1794,44.9378],[11.1716,44.9376],[11.1585,44.9381],[11.1573,44.9365],[11.1535,44.9334],[11.1487,44.9342],[11.1429,44.9374],[11.1295,44.9452],[11.1278,44.9474],[11.1243,44.9514],[11.1223,44.9526],[11.1204,44.9536],[11.118,44.9545],[11.1043,44.9582],[11.1006,44.958],[11.0981,44.9579],[11.0945,44.9582],[11.0893,44.9589],[11.0798,44.9603],[11.0743,44.9626],[11.0618,44.9516],[11.0604,44.9502],[11.0573,44.9501],[11.046,44.9519],[11.0321,44.9519],[11.0226,44.9527],[11.0088,44.9547],[10.9983,44.9545],[10.994,44.9539],[10.9907,44.9524],[10.9888,44.9514],[10.9865,44.9495],[10.9845,44.9475],[10.9821,44.9452],[10.9773,44.9423],[10.9672,44.9348],[10.9628,44.9341],[10.9566,44.9335],[10.9527,44.9333],[10.9514,44.9279],[10.9477,44.9262],[10.9414,44.9219],[10.9374,44.9222],[10.9315,44.9227],[10.9191,44.9238],[10.9139,44.9231],[10.8903,44.9124],[10.8885,44.9137],[10.898,44.9218],[10.8766,44.9171],[10.874,44.9218],[10.8705,44.9205],[10.865,44.9236],[10.8661,44.926],[10.867,44.9282],[10.8654,44.9296],[10.8577,44.9283],[10.854,44.9277],[10.8519,44.9264],[10.8472,44.9267],[10.8426,44.9292],[10.8198,44.9367],[10.8021,44.9394],[10.7971,44.9396],[10.7936,44.9396],[10.7812,44.9412],[10.7768,44.942],[10.7747,44.9426],[10.7713,44.9439],[10.7695,44.9454],[10.766,44.9459],[10.7495,44.9476],[10.7437,44.9491],[10.7429,44.953],[10.7482,44.9627],[10.742,44.9728],[10.7412,44.9748],[10.7422,44.9772],[10.7417,44.9803],[10.7387,44.9857],[10.7365,44.9871],[10.7341,44.9872],[10.7294,44.9867],[10.73,44.9888],[10.7318,44.9901],[10.7306,44.9919],[10.7274,44.992],[10.7252,44.9916],[10.7145,44.9871],[10.7122,44.9853],[10.7114,44.9833],[10.7116,44.98],[10.7121,44.9777],[10.7117,44.9746],[10.7067,44.969],[10.7045,44.9668],[10.7025,44.9652],[10.6984,44.9632],[10.6965,44.9624],[10.6936,44.9619],[10.691,44.9627],[10.688,44.9656],[10.6891,44.9674],[10.6913,44.9682],[10.6931,44.9691],[10.696,44.9745],[10.6933,44.9783],[10.6914,44.981],[10.689,44.9838],[10.6867,44.9866],[10.6834,44.9827],[10.6818,44.9806],[10.6805,44.9774],[10.6724,44.973],[10.6639,44.9686],[10.6621,44.9671],[10.6605,44.9653],[10.6584,44.9625],[10.6572,44.9601],[10.6562,44.9578],[10.653,44.952],[10.6503,44.9481],[10.6429,44.9425],[10.6395,44.9395],[10.6341,44.9334],[10.6305,44.9289],[10.6279,44.9242],[10.6252,44.9256],[10.6228,44.9253],[10.6202,44.9246],[10.6182,44.9239],[10.6142,44.9222],[10.6119,44.9211],[10.6045,44.9173],[10.6023,44.9162],[10.6,44.9152],[10.5978,44.9146],[10.5942,44.9146],[10.5915,44.9148],[10.5824,44.9126],[10.5733,44.9091],[10.5711,44.9085],[10.5686,44.9083],[10.5661,44.9085],[10.5631,44.909],[10.5537,44.9108],[10.5376,44.9127],[10.5311,44.913],[10.5268,44.9127],[10.5199,44.9127],[10.5172,44.9135],[10.515,44.9144],[10.5043,44.9224],[10.4985,44.9247],[10.4925,44.9267],[10.4886,44.9279],[10.4812,44.9301],[10.4775,44.9315],[10.4753,44.9324],[10.4712,44.9341],[10.464,44.9372],[10.4609,44.9382],[10.4516,44.9405],[10.4417,44.9408],[10.4378,44.942],[10.4357,44.9431],[10.434,44.9445],[10.4327,44.946],[10.4312,44.9487],[10.4304,44.9515],[10.4266,44.9581],[10.4252,44.9602],[10.4221,44.9655],[10.4193,44.9736],[10.4168,44.9777],[10.4146,44.9796],[10.4116,44.9818],[10.4099,44.9829],[10.408,44.9838],[10.4057,44.9845],[10.4035,44.9848],[10.3993,44.9847],[10.3954,44.9841],[10.3932,44.9835],[10.3911,44.9828],[10.3877,44.9814],[10.3855,44.9803],[10.3834,44.9791],[10.3794,44.9761],[10.3763,44.9734],[10.3731,44.9707],[10.3693,44.9681],[10.3653,44.9661],[10.3622,44.9655],[10.3588,44.9655],[10.3553,44.9662],[10.3514,44.9675],[10.3489,44.9686],[10.346,44.9705],[10.3445,44.9719],[10.3428,44.9734],[10.3393,44.9762],[10.3374,44.9774],[10.3328,44.9799],[10.3308,44.9808],[10.3238,44.983],[10.3215,44.9836],[10.3182,44.9838],[10.3146,44.985],[10.3108,44.9866],[10.3089,44.9874],[10.3092,44.9896],[10.3099,44.9924],[10.3055,44.9982],[10.3038,44.9994],[10.3005,45.0001],[10.2944,45.0004],[10.2918,45],[10.2895,44.9994],[10.2837,44.9985],[10.2771,44.9979],[10.2745,44.9979],[10.2651,45.0048],[10.2626,45.0096],[10.2608,45.0129],[10.2585,45.0161],[10.2568,45.0172],[10.2541,45.0187],[10.2505,45.0193],[10.2481,45.02],[10.2432,45.0223],[10.229,45.0279],[10.2111,45.034],[10.2045,45.0313],[10.202,45.0305],[10.194,45.0282],[10.1873,45.0282],[10.1844,45.0292],[10.1809,45.0305],[10.1747,45.0342],[10.1749,45.037],[10.1725,45.0403],[10.1706,45.042],[10.1688,45.0432],[10.1648,45.0443],[10.161,45.0444],[10.1577,45.0441],[10.155,45.043],[10.1524,45.0408],[10.1489,45.0369],[10.1477,45.0355],[10.1436,45.0338],[10.1409,45.0328],[10.1307,45.0298],[10.1287,45.0291],[10.1062,45.0221],[10.1028,45.0224],[10.0947,45.0234],[10.0917,45.0247],[10.0891,45.0272],[10.0845,45.0324],[10.0839,45.0344],[10.0835,45.044],[10.0823,45.0466],[10.077,45.0459],[10.0743,45.0452],[10.0646,45.0429],[10.059,45.0417],[10.0557,45.0414],[10.0502,45.0413],[10.0515,45.0454],[10.053,45.05],[10.0484,45.0575],[10.0469,45.0593],[10.0442,45.0625],[10.0407,45.0638],[10.038,45.0642],[10.0342,45.065],[10.031,45.0662],[10.0257,45.0703],[10.024,45.0717],[10.0229,45.0732],[10.0216,45.0759],[10.023,45.0805],[10.0242,45.0822],[10.0256,45.0834],[10.0278,45.0845],[10.0295,45.0872],[10.0299,45.0901],[10.0296,45.0935],[10.0285,45.0962],[10.0263,45.0988],[10.0243,45.1008],[10.0209,45.1029],[10.0178,45.1041],[10.0159,45.1052],[10.0135,45.1072],[10.0109,45.1096],[10.0074,45.114],[10.0043,45.118],[9.999,45.1241],[9.9927,45.1298],[9.9911,45.131],[9.989,45.1321],[9.9869,45.133],[9.9837,45.1337],[9.9783,45.1337],[9.9664,45.1275],[9.9631,45.1241],[9.96,45.1214],[9.958,45.1199],[9.9365,45.1048],[9.9321,45.1026],[9.9303,45.1019],[9.9256,45.1006],[9.9227,45.1],[9.9185,45.0996],[9.9158,45.1001],[9.9145,45.1013],[9.9134,45.1035],[9.9142,45.1083],[9.916,45.1106],[9.9186,45.1119],[9.9205,45.1131],[9.9221,45.1152],[9.9265,45.1244],[9.9272,45.1275],[9.9268,45.1306],[9.9256,45.133],[9.9238,45.135],[9.9213,45.1367],[9.9197,45.1376],[9.9155,45.139],[9.9125,45.1388],[9.9105,45.1377],[9.9081,45.1357],[9.8911,45.1309],[9.8821,45.1274],[9.88,45.1264],[9.8777,45.1244],[9.8762,45.1231],[9.8753,45.1206],[9.8758,45.1171],[9.8778,45.1135],[9.8794,45.1118],[9.8838,45.1087],[9.8858,45.1074],[9.8916,45.1037],[9.8942,45.1018],[9.8974,45.0989],[9.8991,45.0973],[9.9006,45.0954],[9.9011,45.0887],[9.9004,45.0861],[9.8993,45.084],[9.8974,45.0814],[9.8958,45.0796],[9.8937,45.0783],[9.891,45.0769],[9.8885,45.0759],[9.8843,45.0749],[9.8817,45.0746],[9.8795,45.0751],[9.8773,45.0762],[9.8754,45.0777],[9.8744,45.0795],[9.8733,45.0815],[9.8711,45.0849],[9.8692,45.0873],[9.8675,45.0889],[9.8643,45.0917],[9.8626,45.093],[9.8605,45.094],[9.858,45.0948],[9.8554,45.0953],[9.8476,45.0965],[9.844,45.0968],[9.8412,45.0965],[9.8384,45.0956],[9.8354,45.0941],[9.833,45.0918],[9.8322,45.0894],[9.8314,45.084],[9.8314,45.0811],[9.8321,45.0783],[9.8341,45.0743],[9.8355,45.0719],[9.834,45.0627],[9.8332,45.0604],[9.8313,45.0578],[9.8282,45.0546],[9.8238,45.0526],[9.8205,45.0531],[9.8178,45.0536],[9.8163,45.0553],[9.8158,45.0578],[9.8166,45.0666],[9.8169,45.0696],[9.8156,45.0756],[9.8133,45.0781],[9.8112,45.0793],[9.8091,45.0802],[9.806,45.0809],[9.7994,45.082],[9.7882,45.0845],[9.779,45.0896],[9.7773,45.0913],[9.7748,45.0946],[9.7736,45.0965],[9.7727,45.0988],[9.7714,45.101],[9.7698,45.1033],[9.7671,45.1068],[9.7575,45.1125],[9.7552,45.1131],[9.7518,45.1135],[9.7486,45.1133],[9.7463,45.1125],[9.7451,45.1109],[9.7451,45.1058],[9.7479,45.1002],[9.7513,45.0918],[9.7531,45.0866],[9.7517,45.0817],[9.7504,45.079],[9.7488,45.0769],[9.7469,45.0753],[9.7433,45.0751],[9.7405,45.0743],[9.7378,45.0732],[9.7364,45.072],[9.7347,45.0705],[9.7333,45.0691],[9.7308,45.0648],[9.7289,45.0629],[9.7248,45.0607],[9.7222,45.0595],[9.7202,45.0588],[9.7166,45.0582],[9.7137,45.0584],[9.6906,45.0672],[9.6881,45.0682],[9.6837,45.0703],[9.6817,45.0718],[9.6769,45.0776],[9.6743,45.0784],[9.6648,45.0811],[9.6612,45.0819],[9.6584,45.0821],[9.6548,45.0816],[9.652,45.0811],[9.649,45.0808],[9.6434,45.0805],[9.6404,45.0811],[9.6372,45.0827],[9.6353,45.0838],[9.6323,45.0863],[9.6314,45.0889],[9.6318,45.0914],[9.6331,45.0944],[9.6344,45.0972],[9.6361,45.0991],[9.6372,45.1008],[9.6376,45.1044],[9.6374,45.1074],[9.6376,45.1103],[9.6379,45.1131],[9.6397,45.1153],[9.6409,45.1166],[9.6396,45.1219],[9.6383,45.1243],[9.6366,45.1264],[9.6337,45.1291],[9.6319,45.1304],[9.6294,45.132],[9.6264,45.1331],[9.6238,45.1338],[9.621,45.134],[9.619,45.1335],[9.6162,45.1286],[9.6151,45.1262],[9.6144,45.1228],[9.6141,45.1205],[9.6139,45.1178],[9.6133,45.1139],[9.612,45.1115],[9.6091,45.1084],[9.6036,45.1051],[9.6019,45.1041],[9.5978,45.1025],[9.5948,45.1015],[9.5906,45.1003],[9.5885,45.0998],[9.5867,45.1027],[9.586,45.105],[9.582,45.1053],[9.5771,45.1052],[9.5686,45.1073],[9.5676,45.1099],[9.5665,45.1124],[9.5644,45.1168],[9.5634,45.1186],[9.5624,45.1203],[9.5608,45.1225],[9.5566,45.1275],[9.5547,45.1294],[9.553,45.1306],[9.5487,45.1327],[9.5372,45.1261],[9.5363,45.124],[9.5358,45.122],[9.5362,45.1192],[9.5367,45.1171],[9.5374,45.1149],[9.5391,45.1122],[9.5407,45.1103],[9.5445,45.1047],[9.5506,45.0952],[9.5514,45.0931],[9.551,45.0908],[9.5499,45.089],[9.5474,45.0866],[9.5449,45.0847],[9.5416,45.0826],[9.5398,45.0815],[9.538,45.0806],[9.5334,45.0789],[9.53,45.0784],[9.5275,45.079],[9.5255,45.0801],[9.524,45.0814],[9.523,45.0834],[9.5222,45.0855],[9.5203,45.0881],[9.5182,45.0906],[9.5089,45.0992],[9.5061,45.1015],[9.5034,45.1028],[9.5015,45.1036],[9.4993,45.1039],[9.496,45.1037],[9.4937,45.1034],[9.4913,45.1028],[9.4892,45.1021],[9.4802,45.0988],[9.4753,45.0966],[9.4727,45.0958],[9.4677,45.0949],[9.4558,45.094],[9.4532,45.0938],[9.439,45.0934],[9.4392,45.0904],[9.439,45.0861],[9.4362,45.0824],[9.4338,45.0817],[9.4275,45.0818],[9.4265,45.0834],[9.4235,45.084],[9.4127,45.0837],[9.4108,45.0828],[9.4126,45.0789],[9.4059,45.0729],[9.3941,45.0662],[9.3893,45.064],[9.3887,45.0617],[9.3876,45.0599],[9.3846,45.0584],[9.3708,45.0482],[9.3755,45.045],[9.3762,45.0417],[9.3703,45.0253],[9.3694,45.0237],[9.3756,45.0199],[9.3724,45.0172],[9.3712,45.0159],[9.3712,45.0129],[9.3662,45.0036],[9.3608,44.9996],[9.3582,45.0007],[9.3535,45.0011],[9.3509,44.9997],[9.3475,44.9974],[9.3458,44.9956],[9.344,44.9929],[9.3437,44.9904],[9.3427,44.9859],[9.3418,44.9833],[9.3404,44.9815],[9.3381,44.98],[9.3368,44.9785],[9.3355,44.9747],[9.3351,44.97],[9.3356,44.9676],[9.337,44.9658],[9.335,44.9631],[9.3276,44.9591],[9.3246,44.956],[9.323,44.9497],[9.3223,44.9451],[9.318,44.9402],[9.3153,44.9375],[9.3111,44.9357],[9.3054,44.9345],[9.3002,44.935],[9.2876,44.9342],[9.285,44.9318],[9.2859,44.9294],[9.2873,44.928],[9.2917,44.9209],[9.2887,44.9098],[9.2861,44.9032],[9.2832,44.9013],[9.2813,44.8996],[9.2789,44.8974],[9.2774,44.8956],[9.281,44.896],[9.2832,44.8954],[9.2852,44.8945],[9.2902,44.8918],[9.2928,44.8903],[9.2924,44.8881],[9.2909,44.8854],[9.2901,44.8832],[9.2957,44.88],[9.3072,44.8761],[9.3096,44.8759],[9.3131,44.8765],[9.318,44.8778],[9.3198,44.8788],[9.3216,44.8799],[9.3238,44.8788],[9.3254,44.8767],[9.3264,44.8735],[9.3304,44.8708],[9.3338,44.8711],[9.3399,44.8707],[9.3417,44.8698],[9.3449,44.8603],[9.3478,44.8441],[9.348,44.8406],[9.3489,44.8388],[9.3503,44.837],[9.353,44.8352],[9.3548,44.833],[9.3555,44.8307],[9.3583,44.8243],[9.3631,44.8224],[9.3584,44.8149],[9.3542,44.8119],[9.3442,44.8066],[9.3413,44.8052],[9.3299,44.8],[9.3262,44.799],[9.3233,44.7992],[9.3215,44.8],[9.3191,44.7918],[9.3179,44.7862],[9.3172,44.7844],[9.3116,44.7816],[9.2948,44.7742],[9.287,44.7725],[9.2859,44.7594],[9.2874,44.758],[9.2943,44.7541],[9.2981,44.7522],[9.3144,44.7447],[9.3285,44.7361],[9.3317,44.7353],[9.3305,44.7301],[9.3296,44.7281],[9.3286,44.7265],[9.3259,44.7231],[9.3244,44.7221],[9.3223,44.7212],[9.3172,44.7195],[9.3149,44.7189],[9.3126,44.7171],[9.3085,44.7056],[9.3094,44.7023],[9.3166,44.6956],[9.3187,44.695],[9.3221,44.6946],[9.3254,44.6941],[9.3251,44.6907],[9.3214,44.6891],[9.3185,44.6886],[9.3107,44.6881],[9.3067,44.6882],[9.2985,44.681],[9.2909,44.6809],[9.2862,44.6849],[9.283,44.686],[9.2798,44.6858],[9.2705,44.6843],[9.2632,44.6808],[9.2604,44.6799],[9.2576,44.6812],[9.2563,44.6852],[9.2543,44.6905],[9.2544,44.693],[9.2539,44.696],[9.2503,44.6992],[9.2419,44.7084],[9.24,44.7115],[9.2383,44.7133],[9.2363,44.7153],[9.2334,44.7097],[9.2323,44.7037],[9.2335,44.6997],[9.24,44.689],[9.2371,44.6851],[9.2238,44.6834],[9.2179,44.6835],[9.2126,44.6841],[9.2042,44.6856],[9.202,44.686],[9.2023,44.6885],[9.2084,44.7029],[9.2072,44.7055],[9.2054,44.7095],[9.2035,44.717],[9.2028,44.7221],[9.2038,44.7247],[9.2062,44.7277],[9.2087,44.7295],[9.2106,44.7312],[9.2142,44.7447],[9.2136,44.7523],[9.2115,44.7528],[9.1942,44.7568],[9.1888,44.7601],[9.1791,44.7664],[9.1738,44.77],[9.1717,44.7717],[9.1704,44.7755],[9.1705,44.778],[9.1732,44.787],[9.1735,44.7961],[9.1677,44.7993],[9.1653,44.8003],[9.1644,44.8029],[9.1615,44.8053],[9.1595,44.8064],[9.1577,44.8075],[9.1557,44.8089],[9.1554,44.8112],[9.1571,44.8124],[9.1597,44.8133],[9.161,44.8147],[9.156,44.8154],[9.1521,44.8117],[9.1465,44.8088],[9.1308,44.8057],[9.1278,44.8056],[9.119,44.8084],[9.1167,44.8074],[9.1097,44.8055],[9.1079,44.8075],[9.107,44.8105],[9.1032,44.8145],[9.0951,44.819],[9.0892,44.8173],[9.0816,44.8145],[9.077,44.8148],[9.0733,44.8167],[9.0754,44.8218],[9.0734,44.827],[9.0711,44.8302],[9.0693,44.8309],[9.0641,44.8302],[9.0649,44.8323],[9.0622,44.8358],[9.0534,44.8442],[9.0514,44.8459],[9.0497,44.8481],[9.0491,44.8503],[9.052,44.8503],[9.0539,44.8513],[9.0676,44.8601],[9.0699,44.8642],[9.068,44.869],[9.0592,44.8815],[9.0576,44.8832],[9.0562,44.8844],[9.0559,44.8888],[9.0487,44.8877],[9.0446,44.8855],[9.0351,44.8875],[9.0304,44.8885],[9.0232,44.897],[9.0184,44.9008],[9.0153,44.9011],[9.008,44.903],[9.0062,44.9037],[9.0004,44.9086],[8.9984,44.9139],[8.9926,44.9248],[8.9882,44.9309],[8.9826,44.9316],[8.9782,44.9373],[8.9772,44.9401],[8.9696,44.9435],[8.977,44.9585],[8.9766,44.9607],[8.9765,44.9635],[8.9781,44.9672],[8.9747,44.9714],[8.9725,44.9734],[8.9706,44.9747],[8.9679,44.9771],[8.9617,44.9837],[8.9606,44.9873],[8.9566,44.9876],[8.952,44.9882],[8.9495,44.9884],[8.944,44.9872],[8.9427,44.9858],[8.9314,44.9827],[8.9256,44.9822],[8.9174,44.9898],[8.9106,44.9955],[8.9077,44.9988],[8.9013,45.0078],[8.9012,45.011],[8.902,45.0147],[8.9028,45.0175],[8.9035,45.0201],[8.9047,45.0254],[8.9044,45.0296],[8.9025,45.0361],[8.8951,45.0404],[8.9002,45.0436],[8.8993,45.048],[8.8981,45.0507],[8.8916,45.0513],[8.8811,45.0541],[8.8877,45.0592],[8.885,45.0608],[8.8824,45.0607],[8.8804,45.0599],[8.8706,45.052],[8.8657,45.051],[8.8629,45.0505],[8.8605,45.0512],[8.8493,45.0495],[8.8467,45.0504],[8.8443,45.0509],[8.8421,45.0503],[8.8407,45.0489],[8.8409,45.0466],[8.8424,45.0432],[8.832,45.0448],[8.8239,45.0466],[8.8193,45.0425],[8.8127,45.0375],[8.8056,45.0371],[8.7979,45.0362],[8.7956,45.0355],[8.7944,45.0341],[8.7955,45.0314],[8.7969,45.0301],[8.8023,45.0261],[8.7983,45.0211],[8.7964,45.0203],[8.793,45.0198],[8.7895,45.0206],[8.7877,45.0217],[8.7824,45.0233],[8.7803,45.0238],[8.7777,45.0237],[8.7764,45.0187],[8.7783,45.0131],[8.7758,45.0085],[8.7733,45.0072],[8.7707,45.0067],[8.7681,45.0069],[8.7667,45.0081],[8.7602,45.0106],[8.7487,45.0092],[8.7482,45.0142],[8.7503,45.0149],[8.7537,45.0151],[8.7513,45.02],[8.7498,45.0212],[8.7429,45.0242],[8.7289,45.0233],[8.7272,45.022],[8.7224,45.0237],[8.7205,45.0269],[8.719,45.0293],[8.7147,45.036],[8.7132,45.0374],[8.7114,45.0381],[8.7088,45.0382],[8.7066,45.0378],[8.703,45.035],[8.7013,45.0326],[8.7011,45.0303],[8.7008,45.0265],[8.692,45.0233],[8.6904,45.0246],[8.6857,45.0271],[8.6813,45.029],[8.6712,45.0272],[8.667,45.0235],[8.6664,45.0212],[8.6593,45.0179],[8.6568,45.0193],[8.6519,45.0234],[8.6545,45.0253],[8.656,45.0265],[8.657,45.0284],[8.6523,45.0349],[8.65,45.0357],[8.6471,45.0357],[8.6347,45.041],[8.6396,45.045],[8.6461,45.0532],[8.647,45.055],[8.6454,45.057],[8.6425,45.0599],[8.6447,45.0609],[8.6426,45.063],[8.6372,45.0662],[8.64,45.0699],[8.6413,45.0711],[8.646,45.0753],[8.6415,45.076],[8.6369,45.0815],[8.6365,45.0837],[8.636,45.0876],[8.6275,45.0883],[8.622,45.0912],[8.6237,45.095],[8.6236,45.0975],[8.6207,45.0986],[8.6135,45.1024],[8.6115,45.1042],[8.61,45.1057],[8.6087,45.1076],[8.6089,45.1178],[8.611,45.1236],[8.6065,45.1279],[8.599,45.1315],[8.5929,45.1309],[8.5901,45.133],[8.5883,45.1357],[8.5875,45.1414],[8.5868,45.1453],[8.5853,45.1479],[8.5807,45.1523],[8.5597,45.1581],[8.5567,45.1577],[8.5544,45.1574],[8.5529,45.1586],[8.5535,45.1617],[8.555,45.1643],[8.5478,45.1682],[8.5464,45.171],[8.5447,45.1724],[8.543,45.1746],[8.5437,45.1803],[8.5446,45.1821],[8.563,45.1963],[8.5734,45.1985],[8.5768,45.1999],[8.5791,45.2011],[8.5812,45.2022],[8.5781,45.207],[8.5758,45.2077],[8.5569,45.2052],[8.5549,45.2043],[8.5506,45.2012],[8.5511,45.1983],[8.5523,45.1964],[8.5501,45.1957],[8.5465,45.1949],[8.5443,45.1945],[8.5309,45.1933],[8.528,45.1946],[8.5245,45.1983],[8.5254,45.202],[8.5276,45.2007],[8.5322,45.1993],[8.5406,45.201],[8.5433,45.2019],[8.5472,45.2034],[8.5473,45.2061],[8.5453,45.2083],[8.5376,45.2142],[8.5355,45.2157],[8.5337,45.2166],[8.5311,45.2166],[8.5275,45.2181],[8.5257,45.2193],[8.5241,45.2206],[8.5228,45.2226],[8.5231,45.2251],[8.5245,45.2271],[8.5271,45.2292],[8.5297,45.2299],[8.5324,45.2302],[8.5357,45.23],[8.5392,45.2301],[8.5416,45.2314],[8.5432,45.2329],[8.5424,45.2359],[8.5404,45.2368],[8.5377,45.2371],[8.534,45.237],[8.5305,45.2374],[8.529,45.2387],[8.5423,45.2398],[8.5452,45.2397],[8.5472,45.2384],[8.5554,45.2388],[8.5564,45.2406],[8.5548,45.2432],[8.5517,45.2431],[8.549,45.2424],[8.5462,45.2418],[8.5428,45.2421],[8.5378,45.2431],[8.5277,45.2458],[8.5258,45.2465],[8.5225,45.2492],[8.5228,45.2546],[8.5263,45.2543],[8.5309,45.2537],[8.5326,45.2524],[8.5344,45.2504],[8.536,45.2476],[8.5394,45.2499],[8.5427,45.2525],[8.5435,45.2546],[8.5412,45.2563],[8.5377,45.2568],[8.5352,45.2571],[8.5332,45.2579],[8.5348,45.2614],[8.5362,45.2627],[8.5313,45.2658],[8.5309,45.2682],[8.5324,45.2698],[8.5347,45.2711],[8.5355,45.2763],[8.534,45.2781],[8.5303,45.2783],[8.5278,45.2784],[8.5245,45.2784],[8.5224,45.2791],[8.5229,45.2757],[8.5206,45.274],[8.5175,45.2738],[8.5141,45.2743],[8.5135,45.278],[8.516,45.2863],[8.512,45.291],[8.5061,45.2906],[8.4992,45.2917],[8.4999,45.2972],[8.5072,45.3071],[8.5104,45.3106],[8.5135,45.3133],[8.5147,45.3117],[8.5177,45.3115],[8.5216,45.3123],[8.5249,45.3135],[8.5266,45.3144],[8.5292,45.3167],[8.5304,45.3183],[8.534,45.3185],[8.537,45.3171],[8.5384,45.3194],[8.5331,45.3354],[8.5283,45.3406],[8.5269,45.3419],[8.5356,45.3463],[8.5504,45.3548],[8.5508,45.3572],[8.5518,45.3613],[8.5572,45.3533],[8.5593,45.3523],[8.569,45.3489],[8.5788,45.3472],[8.5809,45.35],[8.5847,45.3513],[8.5869,45.3519],[8.601,45.3511],[8.6045,45.3524],[8.6118,45.3544],[8.6137,45.3534],[8.6167,45.3525],[8.6191,45.3526],[8.6233,45.3524],[8.6288,45.3499],[8.6306,45.3461],[8.6317,45.3384],[8.6557,45.3257],[8.6548,45.3233],[8.6573,45.3188],[8.66,45.3142],[8.6613,45.3127],[8.6625,45.3112],[8.6607,45.3059],[8.6589,45.3037],[8.6634,45.2956],[8.6666,45.2922],[8.6735,45.2921],[8.6762,45.2928],[8.6789,45.2936],[8.6866,45.294],[8.6893,45.2938],[8.6906,45.2925],[8.6972,45.2947],[8.704,45.3015],[8.7072,45.2986],[8.7142,45.3016],[8.7161,45.3029],[8.7172,45.3055],[8.7222,45.3188],[8.7262,45.3317],[8.7259,45.3341],[8.7248,45.3357],[8.7421,45.3321],[8.7426,45.338],[8.7434,45.3399],[8.7486,45.3415],[8.7575,45.3447],[8.7593,45.3456],[8.7623,45.3484],[8.7622,45.3508],[8.7587,45.3547],[8.7607,45.3557],[8.7572,45.3569],[8.7534,45.357],[8.7467,45.3563],[8.7432,45.3579],[8.7368,45.3618],[8.7322,45.3652],[8.7284,45.3682],[8.7245,45.3705],[8.7208,45.3704],[8.7204,45.3747],[8.7191,45.3781],[8.7307,45.3755],[8.7378,45.376],[8.7417,45.3768],[8.7443,45.3769],[8.7469,45.3756],[8.7483,45.3744],[8.7609,45.3765],[8.764,45.3773],[8.7643,45.3834],[8.765,45.3876],[8.7663,45.3888],[8.7691,45.3876],[8.7719,45.3862],[8.7768,45.3839],[8.7934,45.379],[8.8015,45.3792],[8.8041,45.3799],[8.8069,45.3809],[8.8101,45.3823],[8.8119,45.3833],[8.811,45.3867],[8.8105,45.3888],[8.8142,45.3901],[8.8218,45.3914],[8.8264,45.3912],[8.8295,45.3903],[8.8401,45.3928],[8.8429,45.3938],[8.8422,45.3989],[8.8407,45.4009],[8.8396,45.4024],[8.83,45.4143],[8.8275,45.4169],[8.8245,45.4195],[8.8229,45.4294],[8.8263,45.4326],[8.818,45.4347],[8.81,45.4326],[8.8081,45.4333],[8.808,45.4358],[8.81,45.4374],[8.812,45.439],[8.8105,45.445],[8.8087,45.4471],[8.8048,45.4502],[8.801,45.4544],[8.7929,45.4598],[8.7893,45.462],[8.7882,45.4642],[8.7913,45.4674],[8.7909,45.477],[8.7906,45.4802],[8.789,45.4841],[8.7875,45.4862],[8.7846,45.4868],[8.7826,45.4859],[8.7796,45.4846],[8.7753,45.4844],[8.7717,45.4856],[8.7687,45.4878],[8.7652,45.4911],[8.7635,45.4929],[8.7617,45.4957],[8.7571,45.4981],[8.7506,45.4987],[8.7482,45.4981],[8.7457,45.4978],[8.7419,45.4977],[8.7393,45.4981],[8.7279,45.5024],[8.7256,45.5038],[8.7235,45.5053],[8.7228,45.5076],[8.7132,45.5199],[8.7123,45.522],[8.7126,45.5243],[8.714,45.5272],[8.7194,45.5311],[8.711,45.5413],[8.7095,45.5433],[8.7085,45.5454],[8.7078,45.5475],[8.7062,45.5528],[8.7064,45.5551],[8.7069,45.5583],[8.7058,45.5679],[8.7049,45.5699],[8.7024,45.5709],[8.7006,45.5718],[8.6989,45.5727],[8.6966,45.5744],[8.6951,45.5755],[8.6938,45.5767],[8.6938,45.5798],[8.6949,45.5813],[8.6968,45.5831],[8.6986,45.5844],[8.7002,45.5854],[8.702,45.5862],[8.7036,45.5871],[8.7047,45.5892],[8.7049,45.5926],[8.7043,45.5959],[8.7031,45.6001],[8.702,45.6018],[8.6998,45.6045],[8.6991,45.6027],[8.6953,45.6025],[8.6929,45.6035],[8.6896,45.6066],[8.6939,45.6096],[8.6898,45.6124],[8.6882,45.6135],[8.6866,45.616],[8.6856,45.6176],[8.6837,45.6194],[8.6821,45.6203],[8.678,45.6215],[8.6734,45.6212],[8.6684,45.6208],[8.6642,45.6211],[8.6629,45.6226],[8.6655,45.6278],[8.6659,45.6303],[8.6639,45.6326],[8.6616,45.6345],[8.6603,45.6358],[8.6589,45.6377],[8.6594,45.6403],[8.6604,45.6419],[8.6637,45.6428],[8.6671,45.6428],[8.6709,45.6415],[8.6722,45.6402],[8.673,45.6379],[8.6745,45.6356],[8.677,45.6341],[8.6852,45.6344],[8.6871,45.6358],[8.6886,45.6382],[8.688,45.6417],[8.6868,45.6438],[8.6847,45.6469],[8.6834,45.6485],[8.682,45.65],[8.6735,45.6569],[8.6713,45.6592],[8.6698,45.6614],[8.6702,45.6642],[8.6724,45.6663],[8.6751,45.667],[8.6804,45.668],[8.682,45.6694],[8.6812,45.6764],[8.6788,45.6774],[8.6757,45.6776],[8.6732,45.6771],[8.6709,45.6759],[8.6681,45.6751],[8.6653,45.6747],[8.6574,45.6745],[8.6549,45.6745],[8.6518,45.6746],[8.6434,45.6755],[8.6409,45.6765],[8.6404,45.6799],[8.6403,45.6834],[8.6414,45.6872],[8.6432,45.6888],[8.6444,45.6902],[8.6461,45.6927],[8.6544,45.7079],[8.6547,45.7102],[8.6539,45.7129],[8.6518,45.716],[8.6488,45.7196],[8.6469,45.7211],[8.6443,45.7226],[8.6413,45.7235],[8.6353,45.723],[8.623,45.724],[8.6209,45.7247],[8.6176,45.7252],[8.6152,45.7255],[8.607,45.7259],[8.5938,45.7304],[8.5919,45.7323],[8.5904,45.7346],[8.5887,45.7383],[8.5875,45.7412],[8.5854,45.7448],[8.5837,45.7475],[8.5824,45.7492],[8.5796,45.7517]],[[8.6975,45.8447],[8.681,45.8352],[8.6711,45.8351],[8.6599,45.8276],[8.6586,45.8208],[8.6641,45.8206],[8.6664,45.8199],[8.6679,45.8183],[8.6703,45.815],[8.6721,45.814],[8.6748,45.8138],[8.6827,45.8123],[8.6861,45.8121],[8.6905,45.8126],[8.6924,45.8143],[8.699,45.8219],[8.7001,45.8238],[8.7056,45.8308],[8.7119,45.8325],[8.7169,45.8343],[8.7099,45.8343],[8.706,45.8343],[8.7034,45.8346],[8.7013,45.8356],[8.6982,45.8433],[8.6975,45.8447]],[[9.2897,44.7012],[9.2922,44.7011],[9.3021,44.7032],[9.3006,44.7044],[9.2976,44.7044],[9.2953,44.7049],[9.2911,44.7042],[9.2897,44.7012]],[[9.2992,44.6925],[9.303,44.693],[9.3046,44.6943],[9.3042,44.6966],[9.2994,44.694],[9.2992,44.6925]]],[[[8.9738,45.9835],[8.9769,45.9833],[8.9766,45.9803],[8.9761,45.9774],[8.9767,45.9721],[8.9789,45.9711],[8.9765,45.9633],[8.9752,45.9616],[8.9692,45.9614],[8.9579,45.9647],[8.9607,45.9714],[8.9641,45.9788],[8.9654,45.9815],[8.9668,45.984],[8.9694,45.984],[8.9738,45.9835]]],[[[8.7054,45.0245],[8.7064,45.0136],[8.704,45.0175],[8.7054,45.0245]]],[[[8.8164,45.0223],[8.8164,45.0223],[8.8143,45.0174],[8.8164,45.0223]]]]},"properties":{"name":"Lombardia"}},{"type":"Feature","geometry":{"type":"Polygon","coordinates":[[[12.014,46.5509],[12.0069,46.5427],[12.0055,46.5408],[12.0031,46.5376],[12.0017,46.5359],[12.0004,46.5346],[11.9984,46.5329],[11.9889,46.5443],[11.9857,46.5452],[11.9661,46.5447],[11.952,46.5405],[11.9501,46.5396],[11.9487,46.5373],[11.9472,46.5332],[11.946,46.5303],[11.9405,46.5283],[11.9339,46.5279],[11.9294,46.5285],[11.9258,46.5296],[11.9238,46.5305],[11.9177,46.5325],[11.9147,46.5329],[11.9119,46.533],[11.908,46.5318],[11.9009,46.5294],[11.8987,46.5282],[11.885,46.5227],[11.8799,46.5224],[11.8769,46.5222],[11.8532,46.5182],[11.848,46.5167],[11.8444,46.5153],[11.8283,46.5089],[11.8241,46.5041],[11.8155,46.5003],[11.8139,46.4958],[11.8104,46.4849],[11.8132,46.4781],[11.8154,46.4772],[11.8173,46.4766],[11.823,46.4761],[11.8304,46.4761],[11.8344,46.4763],[11.8515,46.475],[11.8742,46.4729],[11.8764,46.4721],[11.8786,46.4707],[11.8812,46.4677],[11.8827,46.4663],[11.8868,46.4646],[11.8882,46.4578],[11.8891,46.4436],[11.8739,46.4344],[11.8718,46.4334],[11.8632,46.4331],[11.8612,46.4337],[11.8578,46.4342],[11.8505,46.4343],[11.8482,46.429],[11.8405,46.419],[11.8395,46.4175],[11.8382,46.4152],[11.8399,46.4133],[11.8437,46.4099],[11.8424,46.4086],[11.8402,46.4059],[11.8374,46.4019],[11.8359,46.3982],[11.8349,46.3952],[11.832,46.3872],[11.8318,46.3796],[11.8329,46.3766],[11.8344,46.3715],[11.8353,46.3681],[11.8336,46.3661],[11.8309,46.3669],[11.8252,46.3713],[11.8202,46.3766],[11.8178,46.376],[11.8161,46.3748],[11.8149,46.3728],[11.8155,46.3702],[11.8148,46.3681],[11.804,46.365],[11.8003,46.3649],[11.7985,46.3658],[11.7959,46.3674],[11.7936,46.3679],[11.7837,46.3647],[11.7802,46.3629],[11.7769,46.3604],[11.7744,46.3582],[11.7795,46.3516],[11.7914,46.3471],[11.7982,46.3447],[11.8003,46.3442],[11.8021,46.343],[11.8019,46.338],[11.8028,46.3332],[11.8156,46.3297],[11.8204,46.3285],[11.8241,46.3277],[11.8277,46.327],[11.83,46.3265],[11.8319,46.3251],[11.8317,46.3166],[11.8314,46.3134],[11.8344,46.3102],[11.8368,46.3082],[11.8414,46.3063],[11.8368,46.3027],[11.8335,46.2991],[11.8301,46.2942],[11.8263,46.285],[11.8376,46.2707],[11.8397,46.2699],[11.8573,46.2706],[11.8629,46.2713],[11.8648,46.2724],[11.8669,46.2738],[11.8692,46.275],[11.8795,46.2781],[11.8823,46.2787],[11.8849,46.2789],[11.8865,46.277],[11.8877,46.2749],[11.8884,46.2725],[11.8879,46.2685],[11.8876,46.2661],[11.8868,46.2638],[11.8853,46.2625],[11.8852,46.2601],[11.8863,46.2582],[11.8895,46.2548],[11.8912,46.2532],[11.8943,46.2511],[11.8974,46.2519],[11.9003,46.2537],[11.9133,46.2522],[11.9159,46.2505],[11.9208,46.2481],[11.9246,46.2481],[11.9279,46.2486],[11.9262,46.2447],[11.9248,46.243],[11.9233,46.2416],[11.9181,46.2384],[11.9124,46.229],[11.9096,46.2244],[11.9157,46.221],[11.9186,46.2211],[11.9242,46.2172],[11.9256,46.2157],[11.9269,46.212],[11.9278,46.209],[11.9302,46.2065],[11.9342,46.2022],[11.9394,46.1988],[11.954,46.1994],[11.9623,46.1998],[11.9627,46.1905],[11.9623,46.188],[11.9611,46.1864],[11.9586,46.1843],[11.9528,46.1833],[11.95,46.1821],[11.9505,46.1781],[11.9511,46.1761],[11.9521,46.1727],[11.9509,46.1703],[11.9483,46.1706],[11.942,46.1724],[11.94,46.173],[11.9373,46.1739],[11.9356,46.1751],[11.9309,46.1756],[11.9296,46.1708],[11.9288,46.1679],[11.9272,46.1658],[11.924,46.1635],[11.9219,46.1623],[11.9183,46.1553],[11.9191,46.1534],[11.9206,46.1509],[11.9218,46.1493],[11.9128,46.1433],[11.9052,46.1394],[11.9012,46.1366],[11.9056,46.1345],[11.8934,46.1211],[11.8876,46.1187],[11.8795,46.1177],[11.8763,46.1177],[11.8502,46.113],[11.8415,46.1112],[11.827,46.1074],[11.8226,46.1079],[11.8197,46.108],[11.8178,46.1072],[11.8164,46.1061],[11.8151,46.1044],[11.8139,46.1023],[11.81,46.102],[11.794,46.1031],[11.7836,46.1027],[11.7801,46.1027],[11.7777,46.1031],[11.7755,46.1041],[11.7735,46.1063],[11.7718,46.1035],[11.7654,46.0987],[11.7587,46.0956],[11.7516,46.1043],[11.7458,46.1043],[11.7198,46.1032],[11.7169,46.103],[11.7115,46.0991],[11.7068,46.0943],[11.7045,46.0919],[11.6954,46.0943],[11.6919,46.095],[11.6891,46.0949],[11.6856,46.0937],[11.6839,46.0923],[11.6824,46.0902],[11.682,46.0869],[11.6829,46.079],[11.6835,46.0763],[11.6864,46.0663],[11.6876,46.0644],[11.6899,46.0628],[11.6924,46.0623],[11.7039,46.0551],[11.7064,46.046],[11.7043,46.045],[11.7016,46.0446],[11.6873,46.0441],[11.6845,46.0441],[11.6799,46.0459],[11.6669,46.0381],[11.6662,46.0363],[11.6723,46.0301],[11.6759,46.0286],[11.6799,46.0282],[11.6819,46.0274],[11.6808,46.0257],[11.6724,46.0198],[11.67,46.0182],[11.6667,46.0171],[11.6687,46.0156],[11.6726,46.0128],[11.6751,46.0092],[11.6775,46.0048],[11.6785,46.0029],[11.6812,45.9997],[11.6853,45.9951],[11.69,45.9888],[11.6843,45.9841],[11.6823,45.9759],[11.6838,45.9742],[11.6856,45.9715],[11.6845,45.9692],[11.6817,45.9686],[11.6795,45.9677],[11.6777,45.9667],[11.6761,45.9657],[11.6744,45.9648],[11.668,45.9638],[11.6559,45.9647],[11.6373,45.9617],[11.6276,45.9606],[11.6307,45.9694],[11.6209,45.9716],[11.6091,45.9694],[11.5979,45.9721],[11.5942,45.9713],[11.5917,45.9695],[11.5876,45.969],[11.5867,45.9729],[11.5842,45.9834],[11.582,45.9926],[11.5798,46.0008],[11.5772,46.0065],[11.5722,46.007],[11.5694,46.0059],[11.567,46.0057],[11.5628,46.0074],[11.5601,46.0087],[11.5524,46.0118],[11.5445,46.0118],[11.5389,46.0133],[11.5332,46.0118],[11.5172,46.0092],[11.5127,46.0103],[11.5107,46.012],[11.4912,46.0085],[11.4891,46.0073],[11.4852,46.0034],[11.4838,46.0011],[11.468,45.9976],[11.4641,45.9941],[11.462,45.9913],[11.4544,45.9848],[11.4468,45.9809],[11.4224,45.9802],[11.4001,45.9801],[11.3942,45.9806],[11.3782,45.9842],[11.3744,45.9837],[11.3726,45.976],[11.3724,45.9732],[11.3761,45.9609],[11.3781,45.9564],[11.3796,45.9547],[11.3833,45.951],[11.3824,45.9479],[11.3807,45.9427],[11.3705,45.9422],[11.3679,45.9421],[11.3652,45.9423],[11.3616,45.943],[11.3583,45.9437],[11.3601,45.9381],[11.3606,45.9351],[11.3578,45.9291],[11.3581,45.9253],[11.3536,45.924],[11.348,45.922],[11.3455,45.9211],[11.3463,45.9189],[11.348,45.9167],[11.3495,45.9151],[11.3502,45.9109],[11.3468,45.9092],[11.3397,45.9113],[11.3243,45.9174],[11.3182,45.9213],[11.3158,45.9235],[11.3138,45.9262],[11.3124,45.928],[11.3046,45.9268],[11.3018,45.9247],[11.3034,45.9195],[11.3008,45.9179],[11.2837,45.9175],[11.2817,45.9186],[11.2753,45.9197],[11.2717,45.9193],[11.2709,45.9174],[11.2583,45.9207],[11.2612,45.9182],[11.2604,45.9092],[11.257,45.9029],[11.2545,45.902],[11.2517,45.9006],[11.2497,45.8997],[11.2511,45.8961],[11.2534,45.893],[11.2546,45.8912],[11.2549,45.8886],[11.2551,45.884],[11.2517,45.8843],[11.2479,45.8857],[11.2349,45.8797],[11.2404,45.8757],[11.2444,45.8769],[11.2393,45.856],[11.2282,45.8497],[11.2238,45.8489],[11.2209,45.8481],[11.2197,45.8464],[11.2185,45.844],[11.2183,45.8415],[11.2184,45.8357],[11.219,45.8329],[11.2149,45.8307],[11.2128,45.83],[11.2081,45.8286],[11.2031,45.8271],[11.1987,45.8242],[11.1976,45.8213],[11.1922,45.8173],[11.1891,45.814],[11.1885,45.8119],[11.1895,45.8049],[11.1931,45.7949],[11.1949,45.7917],[11.2028,45.7834],[11.1901,45.7816],[11.1794,45.7877],[11.177,45.7882],[11.174,45.7871],[11.1752,45.7828],[11.1768,45.7807],[11.1783,45.7771],[11.1791,45.7752],[11.1798,45.7729],[11.1806,45.7658],[11.1807,45.7629],[11.1794,45.7606],[11.1777,45.7567],[11.1751,45.7491],[11.1761,45.7472],[11.1771,45.745],[11.1784,45.7381],[11.1747,45.7331],[11.1729,45.7318],[11.1532,45.7183],[11.1495,45.7174],[11.1459,45.7169],[11.1444,45.7131],[11.1421,45.7121],[11.1392,45.7098],[11.137,45.7041],[11.1362,45.701],[11.1383,45.6971],[11.1356,45.6954],[11.1334,45.6939],[11.1285,45.6916],[11.1239,45.6896],[11.1235,45.6929],[11.1225,45.6952],[11.1143,45.6967],[11.1086,45.695],[11.1032,45.696],[11.1002,45.695],[11.0924,45.6952],[11.0738,45.7031],[11.0708,45.7059],[11.0655,45.7085],[11.0595,45.7142],[11.0584,45.716],[11.0567,45.7184],[11.0528,45.7166],[11.0414,45.7063],[11.0277,45.7047],[11.0221,45.7055],[11.0179,45.7064],[11.0152,45.711],[11.0166,45.7145],[11.0172,45.7165],[11.0174,45.7189],[11.0115,45.7189],[11.0117,45.7164],[11.0114,45.7142],[11.0076,45.7104],[11.0015,45.7083],[10.999,45.7076],[10.9977,45.7028],[10.998,45.6991],[10.9863,45.6888],[10.9791,45.6857],[10.9754,45.6842],[10.9683,45.6801],[10.9684,45.6847],[10.9694,45.6874],[10.9704,45.6893],[10.9725,45.6925],[10.9742,45.6947],[10.9748,45.6967],[10.9725,45.7014],[10.9659,45.6933],[10.962,45.6857],[10.9513,45.6845],[10.9461,45.6792],[10.9455,45.6759],[10.9445,45.6741],[10.943,45.6731],[10.9403,45.6732],[10.9375,45.6734],[10.9339,45.6758],[10.9304,45.6777],[10.918,45.6837],[10.912,45.6883],[10.9136,45.6921],[10.9188,45.7006],[10.9046,45.7077],[10.8896,45.7151],[10.8855,45.7162],[10.883,45.7169],[10.8725,45.7158],[10.862,45.7174],[10.8583,45.7178],[10.8555,45.7179],[10.8482,45.7179],[10.8438,45.7186],[10.8444,45.7249],[10.8499,45.7358],[10.855,45.7419],[10.8583,45.7438],[10.8626,45.7437],[10.8637,45.7491],[10.8649,45.7549],[10.8651,45.7597],[10.8669,45.7642],[10.8758,45.7701],[10.8809,45.7722],[10.8838,45.7728],[10.885,45.7747],[10.8848,45.7782],[10.8834,45.7798],[10.8819,45.7809],[10.8728,45.7886],[10.8732,45.7915],[10.8741,45.7955],[10.8767,45.8032],[10.88,45.8057],[10.8855,45.8091],[10.8876,45.8112],[10.8867,45.8129],[10.8847,45.8145],[10.8825,45.8151],[10.8834,45.817],[10.8701,45.8221],[10.859,45.8263],[10.8561,45.8274],[10.8413,45.8324],[10.8373,45.8337],[10.8258,45.8377],[10.8053,45.8349],[10.8009,45.8348],[10.7988,45.836],[10.7963,45.8361],[10.7929,45.8342],[10.7891,45.8342],[10.7823,45.8384],[10.7774,45.8428],[10.7746,45.8431],[10.7712,45.8427],[10.7679,45.8419],[10.7654,45.8411],[10.7631,45.84],[10.76,45.8375],[10.7564,45.83],[10.7543,45.8316],[10.7522,45.8342],[10.7513,45.8366],[10.7452,45.8404],[10.7415,45.8413],[10.7373,45.8417],[10.7356,45.8427],[10.7317,45.8426],[10.7264,45.8424],[10.7225,45.8412],[10.7206,45.8393],[10.7187,45.8379],[10.7171,45.8368],[10.711,45.8361],[10.7068,45.8365],[10.7062,45.8385],[10.7018,45.841],[10.6995,45.8417],[10.6968,45.8409],[10.6951,45.8394],[10.6929,45.8378],[10.6903,45.8363],[10.6826,45.8326],[10.6757,45.8305],[10.6733,45.8313],[10.6713,45.8318],[10.6677,45.8323],[10.6546,45.8326],[10.654,45.8271],[10.6547,45.8213],[10.651,45.8125],[10.6484,45.8077],[10.6453,45.8041],[10.6438,45.803],[10.6414,45.8019],[10.6367,45.8059],[10.6248,45.8062],[10.6146,45.8056],[10.6117,45.8053],[10.601,45.803],[10.5977,45.7997],[10.591,45.7985],[10.5857,45.7962],[10.5822,45.7942],[10.5811,45.7894],[10.5745,45.7869],[10.5635,45.7841],[10.5611,45.7839],[10.5537,45.7839],[10.5454,45.7847],[10.5384,45.7855],[10.536,45.7865],[10.5328,45.7881],[10.5309,45.7959],[10.5339,45.8006],[10.5338,45.8043],[10.5282,45.8041],[10.5261,45.8056],[10.5297,45.8096],[10.5325,45.8094],[10.5362,45.8102],[10.5431,45.8149],[10.5438,45.8171],[10.5404,45.8204],[10.5368,45.8226],[10.5291,45.8265],[10.5243,45.8271],[10.5176,45.8264],[10.5145,45.826],[10.5111,45.8242],[10.509,45.8236],[10.5028,45.8297],[10.502,45.832],[10.5026,45.8351],[10.5035,45.8369],[10.5059,45.8433],[10.5047,45.8497],[10.5031,45.8561],[10.5015,45.8585],[10.5017,45.8671],[10.5023,45.8711],[10.4953,45.8795],[10.491,45.8823],[10.49,45.8846],[10.4901,45.8871],[10.4951,45.8998],[10.499,45.8995],[10.5011,45.9],[10.5059,45.903],[10.5077,45.9053],[10.5101,45.9171],[10.5086,45.9233],[10.5074,45.925],[10.5041,45.9263],[10.4964,45.9295],[10.4912,45.9332],[10.4914,45.942],[10.4862,45.9428],[10.4851,45.9444],[10.4832,45.9506],[10.4842,45.9547],[10.4868,45.9592],[10.4885,45.9605],[10.4898,45.9622],[10.4885,45.9693],[10.4866,45.9712],[10.4745,45.9726],[10.4711,45.9723],[10.4675,45.9716],[10.4534,45.9766],[10.4521,45.9797],[10.4523,45.9824],[10.4529,45.9896],[10.4543,45.9916],[10.4572,45.9957],[10.4578,45.9994],[10.4571,46.0036],[10.4571,46.008],[10.458,46.01],[10.4625,46.0149],[10.4647,46.017],[10.4704,46.0208],[10.4761,46.0213],[10.4808,46.0211],[10.483,46.0216],[10.4846,46.0243],[10.4861,46.029],[10.4835,46.0438],[10.4814,46.0499],[10.4791,46.0505],[10.4773,46.0513],[10.4809,46.0563],[10.4909,46.0668],[10.4949,46.0693],[10.5013,46.0723],[10.5049,46.0724],[10.5077,46.0736],[10.5092,46.0752],[10.5172,46.0801],[10.5247,46.0896],[10.5353,46.0974],[10.5407,46.1024],[10.5495,46.1174],[10.5511,46.1245],[10.5481,46.1393],[10.5493,46.1464],[10.5543,46.1488],[10.5549,46.1525],[10.5554,46.1554],[10.5572,46.1594],[10.5607,46.1639],[10.5623,46.165],[10.5641,46.1657],[10.5653,46.167],[10.558,46.1764],[10.5561,46.1786],[10.5546,46.1803],[10.5487,46.1842],[10.5464,46.1857],[10.5437,46.1874],[10.5414,46.1886],[10.5434,46.1925],[10.5492,46.2041],[10.5508,46.2068],[10.5528,46.2086],[10.5543,46.2096],[10.5582,46.2117],[10.5681,46.2202],[10.5704,46.2232],[10.5711,46.2255],[10.5689,46.2301],[10.5678,46.2318],[10.5701,46.2355],[10.5726,46.2367],[10.575,46.2369],[10.578,46.238],[10.5799,46.2391],[10.5815,46.2403],[10.5857,46.2453],[10.5857,46.2479],[10.5828,46.2555],[10.5783,46.2663],[10.5764,46.2721],[10.5761,46.2746],[10.5749,46.2763],[10.5723,46.2765],[10.5688,46.277],[10.5603,46.2826],[10.5633,46.2881],[10.5709,46.2931],[10.5776,46.2972],[10.5796,46.2988],[10.5789,46.3019],[10.576,46.3049],[10.5719,46.3071],[10.5664,46.3116],[10.5649,46.313],[10.5641,46.3148],[10.5637,46.3204],[10.5649,46.3224],[10.5656,46.3263],[10.5523,46.3319],[10.5368,46.3382],[10.5284,46.3412],[10.52,46.3433],[10.5157,46.3432],[10.5158,46.3458],[10.5192,46.3553],[10.529,46.3569],[10.5328,46.3564],[10.534,46.3551],[10.5359,46.3541],[10.5388,46.3543],[10.541,46.3552],[10.5428,46.3563],[10.5439,46.3589],[10.5423,46.3606],[10.5466,46.3664],[10.5624,46.3755],[10.5667,46.3778],[10.57,46.3771],[10.5786,46.3768],[10.5981,46.3774],[10.6074,46.3793],[10.6091,46.3821],[10.6135,46.3879],[10.6212,46.395],[10.6264,46.399],[10.6294,46.4009],[10.6305,46.4026],[10.6287,46.4076],[10.6245,46.4092],[10.6211,46.4137],[10.6191,46.4181],[10.6175,46.4237],[10.6164,46.4278],[10.6169,46.4302],[10.6196,46.4345],[10.618,46.4394],[10.6169,46.4416],[10.6173,46.4444],[10.6194,46.4461],[10.6216,46.4478],[10.6005,46.4687],[10.5941,46.4702],[10.5833,46.4718],[10.5771,46.4734],[10.5608,46.4823],[10.5591,46.4836],[10.5573,46.4855],[10.5556,46.4881],[10.5545,46.4899],[10.552,46.4915],[10.5497,46.492],[10.5473,46.4925],[10.5443,46.4924],[10.5311,46.4935],[10.5112,46.4955],[10.5039,46.4963],[10.4997,46.4968],[10.4933,46.4981],[10.4845,46.4936],[10.4761,46.4955],[10.475,46.4986],[10.4736,46.5001],[10.4717,46.501],[10.47,46.5021],[10.4592,46.5095],[10.4577,46.511],[10.4533,46.5263],[10.4531,46.5306],[10.4537,46.533],[10.4591,46.5394],[10.4616,46.5411],[10.4647,46.5412],[10.4705,46.5422],[10.4722,46.5431],[10.4772,46.5564],[10.4763,46.5594],[10.4749,46.5608],[10.4742,46.5626],[10.475,46.5666],[10.4793,46.5731],[10.4837,46.5799],[10.4856,46.5855],[10.4857,46.5905],[10.4848,46.5953],[10.4843,46.6041],[10.4869,46.6082],[10.4885,46.6094],[10.4906,46.6108],[10.4919,46.6129],[10.4923,46.6151],[10.4897,46.615],[10.4872,46.6156],[10.485,46.6171],[10.4831,46.6187],[10.4807,46.6207],[10.4626,46.6332],[10.4561,46.6368],[10.4531,46.6382],[10.446,46.6411],[10.4263,46.6381],[10.4108,46.6351],[10.4066,46.6353],[10.404,46.636],[10.4019,46.6369],[10.4,46.6385],[10.4017,46.6402],[10.4005,46.6447],[10.3995,46.6468],[10.3958,46.653],[10.3941,46.6548],[10.3926,46.661],[10.3925,46.6651],[10.3923,46.6713],[10.39,46.675],[10.3861,46.6802],[10.3874,46.6873],[10.3994,46.6997],[10.4032,46.7053],[10.4089,46.7052],[10.4109,46.7058],[10.4128,46.7068],[10.4149,46.7082],[10.4175,46.7143],[10.4183,46.7178],[10.417,46.7194],[10.4112,46.7236],[10.401,46.7321],[10.4016,46.7343],[10.4055,46.7357],[10.4093,46.7376],[10.4274,46.7477],[10.4291,46.7487],[10.4312,46.75],[10.4338,46.7516],[10.439,46.7526],[10.4413,46.7521],[10.4427,46.7541],[10.4434,46.7566],[10.4439,46.7608],[10.442,46.771],[10.4407,46.7735],[10.4296,46.7846],[10.4279,46.7855],[10.4247,46.7888],[10.4277,46.7939],[10.4298,46.7965],[10.4319,46.7971],[10.4392,46.7976],[10.4418,46.7985],[10.4483,46.8014],[10.451,46.8049],[10.4536,46.8089],[10.4578,46.8158],[10.4589,46.8237],[10.4576,46.8289],[10.4648,46.8401],[10.4686,46.8471],[10.4696,46.8548],[10.4713,46.8558],[10.4781,46.8586],[10.4809,46.8584],[10.4824,46.8574],[10.4889,46.8527],[10.4965,46.8486],[10.4989,46.8475],[10.5166,46.8467],[10.5271,46.8467],[10.5295,46.8472],[10.5362,46.8485],[10.5389,46.8488],[10.5507,46.8499],[10.5535,46.8494],[10.5553,46.8484],[10.5562,46.8466],[10.555,46.845],[10.5508,46.8407],[10.5628,46.8407],[10.5683,46.8417],[10.5705,46.8424],[10.5914,46.8523],[10.595,46.8566],[10.6237,46.864],[10.6296,46.8646],[10.6406,46.8653],[10.6439,46.8654],[10.6559,46.8689],[10.6587,46.8712],[10.6627,46.874],[10.6679,46.8759],[10.6694,46.8737],[10.671,46.8713],[10.6728,46.8702],[10.6771,46.8704],[10.6883,46.8676],[10.6925,46.8653],[10.6969,46.8627],[10.6965,46.8598],[10.6941,46.8565],[10.693,46.853],[10.7024,46.8486],[10.7103,46.8468],[10.716,46.8438],[10.7221,46.8379],[10.7365,46.8341],[10.7393,46.8337],[10.7422,46.8334],[10.7448,46.8333],[10.7485,46.8334],[10.753,46.833],[10.7551,46.8323],[10.7632,46.8235],[10.7628,46.8212],[10.7587,46.8179],[10.7458,46.8044],[10.7431,46.8028],[10.7393,46.8009],[10.7365,46.7997],[10.734,46.7988],[10.7261,46.7977],[10.7305,46.7879],[10.7412,46.7868],[10.7551,46.7852],[10.7576,46.7853],[10.7785,46.7903],[10.7819,46.7932],[10.7888,46.7947],[10.7936,46.7912],[10.7967,46.7906],[10.7981,46.7894],[10.801,46.7867],[10.8124,46.7767],[10.8141,46.7754],[10.8183,46.7748],[10.8215,46.7744],[10.8242,46.7742],[10.8271,46.7743],[10.8295,46.7756],[10.8304,46.7774],[10.8312,46.7791],[10.8324,46.7806],[10.8359,46.7818],[10.8407,46.7817],[10.8506,46.775],[10.853,46.7741],[10.8557,46.7737],[10.8608,46.7732],[10.8665,46.7726],[10.8677,46.7706],[10.8683,46.7676],[10.869,46.7657],[10.8822,46.7632],[10.8847,46.7631],[10.8876,46.7635],[10.9059,46.7682],[10.9109,46.7712],[10.9139,46.7731],[10.9157,46.7741],[10.918,46.7748],[10.9232,46.7749],[10.9248,46.7736],[10.9285,46.773],[10.9391,46.774],[10.9425,46.7745],[10.9506,46.7749],[10.9738,46.7722],[10.9766,46.7707],[10.9829,46.7689],[10.9934,46.7671],[10.9959,46.7671],[10.9984,46.7675],[11.003,46.7684],[11.0059,46.7692],[11.0079,46.77],[11.0123,46.7716],[11.0151,46.7711],[11.0217,46.7659],[11.0256,46.7731],[11.0287,46.7796],[11.0352,46.7904],[11.0398,46.8051],[11.0604,46.8126],[11.0641,46.8147],[11.0718,46.818],[11.08,46.8204],[11.0827,46.8213],[11.0814,46.8278],[11.078,46.8337],[11.0761,46.8356],[11.0717,46.8508],[11.072,46.8565],[11.0732,46.8579],[11.077,46.8584],[11.0785,46.8598],[11.0806,46.8632],[11.0817,46.8654],[11.082,46.8684],[11.0869,46.8755],[11.0896,46.8789],[11.0911,46.8806],[11.0944,46.8823],[11.097,46.8843],[11.1005,46.8882],[11.1015,46.8899],[11.0992,46.9009],[11.0972,46.904],[11.0957,46.9057],[11.095,46.908],[11.0953,46.9102],[11.0959,46.9122],[11.0976,46.914],[11.1024,46.9151],[11.1051,46.9156],[11.1078,46.916],[11.1097,46.9174],[11.1108,46.9196],[11.1106,46.923],[11.1098,46.9256],[11.1115,46.9285],[11.115,46.931],[11.1181,46.9309],[11.1274,46.929],[11.1314,46.9283],[11.1386,46.9275],[11.1557,46.9344],[11.1638,46.9397],[11.1663,46.9417],[11.1679,46.9441],[11.1647,46.9473],[11.163,46.9494],[11.1639,46.9605],[11.1645,46.9656],[11.1669,46.9648],[11.1717,46.9634],[11.1741,46.9628],[11.1767,46.9627],[11.1827,46.9657],[11.1848,46.9675],[11.1873,46.9695],[11.1952,46.9701],[11.2025,46.9684],[11.2041,46.9663],[11.2048,46.9641],[11.2062,46.9627],[11.2119,46.9649],[11.2159,46.967],[11.2201,46.969],[11.2245,46.9695],[11.2404,46.9698],[11.2443,46.9716],[11.2471,46.9731],[11.2622,46.9801],[11.2842,46.9829],[11.3003,46.9835],[11.3103,46.9857],[11.3123,46.9879],[11.314,46.9893],[11.3162,46.9908],[11.3178,46.9918],[11.3198,46.9924],[11.3322,46.9885],[11.3352,46.9866],[11.3422,46.9876],[11.3472,46.9904],[11.3574,46.9905],[11.364,46.9875],[11.3756,46.9797],[11.3805,46.9749],[11.4009,46.9652],[11.4068,46.9659],[11.4143,46.9668],[11.424,46.9691],[11.4287,46.9709],[11.4391,46.9748],[11.4412,46.976],[11.4425,46.9772],[11.443,46.9799],[11.4445,46.983],[11.4457,46.9846],[11.4523,46.9915],[11.4546,46.9927],[11.4577,46.9926],[11.4617,46.9929],[11.4691,46.9949],[11.4691,46.9975],[11.4696,47.0012],[11.4705,47.003],[11.4771,47.0098],[11.4787,47.0107],[11.4817,47.011],[11.4885,47.0107],[11.4921,47.0104],[11.4987,47.0096],[11.5126,47.0047],[11.532,46.992],[11.5335,46.9905],[11.5381,46.9841],[11.5436,46.9865],[11.5503,46.9894],[11.5536,46.9903],[11.5565,46.9907],[11.5621,46.991],[11.5707,46.9931],[11.5771,46.9956],[11.5808,46.9971],[11.5806,46.9999],[11.582,47.002],[11.5889,47.0047],[11.6095,47.0108],[11.6157,47.012],[11.6272,47.0126],[11.6282,47.011],[11.6306,47.0073],[11.6358,47.0027],[11.6468,46.9994],[11.656,46.9961],[11.6641,46.9926],[11.6676,46.9927],[11.6827,46.9938],[11.7112,46.993],[11.7169,46.9875],[11.7206,46.9819],[11.7272,46.9729],[11.7291,46.972],[11.7472,46.9689],[11.7514,46.9712],[11.7563,46.9722],[11.7668,46.9776],[11.7684,46.9802],[11.772,46.9843],[11.7818,46.9921],[11.7844,46.992],[11.7893,46.9902],[11.7968,46.991],[11.803,46.9913],[11.8074,46.9907],[11.8095,46.9899],[11.8147,46.9897],[11.8356,46.9927],[11.8482,47.0001],[11.8598,47.0079],[11.8782,47.0153],[11.8936,47.0185],[11.9153,47.0325],[11.9174,47.0333],[11.9321,47.0376],[11.9345,47.0377],[11.9382,47.0373],[11.9412,47.0365],[11.9684,47.0406],[11.9714,47.0444],[11.9728,47.0462],[11.9761,47.0487],[11.978,47.0496],[11.9968,47.0496],[12.0085,47.048],[12.0125,47.0474],[12.0155,47.0468],[12.0201,47.0468],[12.0303,47.05],[12.0317,47.0513],[12.0323,47.0537],[12.0335,47.0558],[12.0349,47.0575],[12.043,47.0613],[12.05,47.0616],[12.0527,47.0611],[12.0595,47.0587],[12.07,47.0599],[12.0812,47.068],[12.0826,47.0693],[12.093,47.0763],[12.0971,47.0775],[12.1018,47.078],[12.1215,47.0746],[12.1243,47.0757],[12.1288,47.0775],[12.1363,47.0804],[12.1442,47.0803],[12.149,47.0797],[12.1534,47.0802],[12.161,47.0816],[12.1631,47.0824],[12.1748,47.0871],[12.1791,47.0896],[12.1854,47.0916],[12.1905,47.0906],[12.1935,47.0895],[12.1954,47.0887],[12.2015,47.0873],[12.2051,47.0865],[12.2113,47.0862],[12.2141,47.0861],[12.2247,47.083],[12.2267,47.082],[12.228,47.0803],[12.2289,47.0784],[12.23,47.0768],[12.2319,47.0751],[12.2378,47.0703],[12.2398,47.0698],[12.2396,47.0672],[12.2378,47.0656],[12.2264,47.0609],[12.2214,47.0596],[12.2183,47.0589],[12.2157,47.0546],[12.2168,47.0497],[12.2164,47.0455],[12.2113,47.0365],[12.2082,47.032],[12.207,47.0305],[12.2048,47.0279],[12.2002,47.0271],[12.1951,47.027],[12.1833,47.025],[12.1789,47.0243],[12.1736,47.0234],[12.1699,47.022],[12.1482,47.0244],[12.1458,47.0237],[12.1429,47.0222],[12.1271,47.0135],[12.1256,47.0124],[12.121,47.0067],[12.1238,47.0037],[12.1367,46.983],[12.1374,46.9795],[12.1359,46.9696],[12.1315,46.9641],[12.1323,46.962],[12.1378,46.9569],[12.1448,46.9545],[12.1494,46.9532],[12.1524,46.9524],[12.1582,46.9507],[12.1605,46.9484],[12.165,46.9429],[12.1682,46.9379],[12.1679,46.9345],[12.1669,46.9326],[12.165,46.9319],[12.1618,46.9299],[12.1557,46.9221],[12.147,46.9157],[12.1441,46.914],[12.1589,46.9094],[12.1614,46.907],[12.1658,46.9085],[12.1707,46.9092],[12.1804,46.9081],[12.1902,46.9062],[12.1936,46.9034],[12.1987,46.8974],[12.1979,46.8919],[12.2001,46.8884],[12.2046,46.8835],[12.2091,46.8791],[12.215,46.8742],[12.2179,46.8738],[12.2196,46.8767],[12.2211,46.879],[12.2233,46.8793],[12.2254,46.8787],[12.2279,46.8789],[12.232,46.8805],[12.2357,46.884],[12.236,46.8868],[12.2365,46.8888],[12.2422,46.8911],[12.2454,46.8889],[12.2478,46.8891],[12.2665,46.8871],[12.274,46.8844],[12.2777,46.8799],[12.2774,46.8772],[12.2753,46.8748],[12.2758,46.8727],[12.2809,46.8692],[12.2837,46.8681],[12.2862,46.868],[12.2918,46.8653],[12.2909,46.8609],[12.2892,46.8568],[12.2911,46.8518],[12.2921,46.8498],[12.2961,46.8435],[12.2993,46.8431],[12.3022,46.8429],[12.3045,46.8425],[12.3066,46.8417],[12.3062,46.8339],[12.3012,46.8298],[12.2979,46.8272],[12.2946,46.825],[12.2916,46.8228],[12.2824,46.815],[12.2847,46.8134],[12.2892,46.8092],[12.2926,46.8025],[12.2849,46.7935],[12.2805,46.7914],[12.2813,46.7888],[12.2835,46.7833],[12.2852,46.7824],[12.3018,46.7822],[12.3059,46.7827],[12.3072,46.7841],[12.3096,46.7848],[12.324,46.782],[12.3261,46.7815],[12.329,46.7803],[12.3318,46.7792],[12.3364,46.7791],[12.3512,46.7771],[12.3574,46.7747],[12.3589,46.773],[12.3593,46.7673],[12.3596,46.7646],[12.3619,46.7601],[12.3644,46.7561],[12.3661,46.7528],[12.3672,46.7482],[12.3684,46.7425],[12.3691,46.7405],[12.3779,46.7219],[12.3837,46.7166],[12.3903,46.7135],[12.4009,46.7076],[12.4139,46.7007],[12.4159,46.6998],[12.42,46.6991],[12.4304,46.6944],[12.4385,46.6901],[12.4429,46.6881],[12.4445,46.6891],[12.4473,46.6899],[12.4512,46.6897],[12.4736,46.6869],[12.4755,46.686],[12.4775,46.6829],[12.4777,46.6805],[12.4752,46.6789],[12.4723,46.6779],[12.4588,46.6742],[12.4463,46.671],[12.4375,46.6689],[12.4353,46.6686],[12.433,46.6673],[12.4274,46.6616],[12.4177,46.6529],[12.4126,46.6487],[12.4057,46.6432],[12.3924,46.6417],[12.3885,46.6424],[12.3865,46.643],[12.383,46.6437],[12.3798,46.6429],[12.379,46.641],[12.3782,46.6385],[12.3829,46.6321],[12.3898,46.6275],[12.3892,46.6252],[12.3878,46.624],[12.3852,46.6228],[12.3706,46.6199],[12.3667,46.6195],[12.3623,46.6195],[12.3467,46.6242],[12.3446,46.6264],[12.3431,46.6282],[12.3416,46.6301],[12.3397,46.6314],[12.3316,46.6292],[12.3206,46.6293],[12.3178,46.6295],[12.3154,46.6251],[12.3138,46.6233],[12.3084,46.6205],[12.3065,46.6196],[12.3013,46.6188],[12.2927,46.6181],[12.2857,46.6179],[12.2714,46.6207],[12.2692,46.6223],[12.268,46.6244],[12.2668,46.6264],[12.2642,46.6278],[12.2612,46.6291],[12.2447,46.6241],[12.2418,46.6163],[12.2384,46.6155],[12.2322,46.614],[12.2247,46.6123],[12.2211,46.6114],[12.2179,46.6106],[12.2143,46.6096],[12.2109,46.6079],[12.2101,46.6053],[12.2038,46.5993],[12.1957,46.5952],[12.1937,46.5946],[12.1919,46.5954],[12.1933,46.6026],[12.1945,46.6049],[12.1947,46.6109],[12.1943,46.6193],[12.1851,46.6206],[12.1822,46.621],[12.1804,46.6232],[12.1788,46.6254],[12.1775,46.6273],[12.176,46.6292],[12.1727,46.633],[12.162,46.6368],[12.1566,46.6357],[12.1481,46.6342],[12.1451,46.6341],[12.1403,46.6376],[12.1271,46.6447],[12.1253,46.6456],[12.1128,46.6519],[12.111,46.653],[12.1093,46.6549],[12.1085,46.6571],[12.106,46.6589],[12.0999,46.6613],[12.0913,46.6646],[12.0821,46.6675],[12.0799,46.6691],[12.0785,46.6715],[12.0765,46.6738],[12.0747,46.6746],[12.0703,46.6749],[12.0689,46.6664],[12.0665,46.6532],[12.0695,46.6489],[12.0742,46.6426],[12.0714,46.6416],[12.0692,46.6401],[12.0675,46.6345],[12.0658,46.6278],[12.0652,46.6247],[12.0641,46.6217],[12.0611,46.6202],[12.0577,46.6197],[12.0541,46.6185],[12.0455,46.608],[12.0487,46.6017],[12.0496,46.5995],[12.0498,46.5938],[12.0471,46.5856],[12.0449,46.5827],[12.0425,46.5812],[12.0389,46.5797],[12.0367,46.5788],[12.0351,46.5777],[12.0332,46.5756],[12.0287,46.5681],[12.0216,46.5597],[12.014,46.5509]]]},"properties":{"name":"Trentino-Alto Adige/Südtirol"}},{"type":"Feature","geometry":{"type":"Polygon","coordinates":[[[10.6354,45.5354],[10.6323,45.5685],[10.6317,45.5741],[10.6309,45.5816],[10.6293,45.5954],[10.6285,45.6021],[10.631,45.6095],[10.6814,45.6547],[10.6895,45.6618],[10.696,45.6674],[10.702,45.6727],[10.7056,45.6764],[10.7123,45.6838],[10.7188,45.6914],[10.7275,45.7011],[10.7293,45.703],[10.7355,45.7098],[10.7483,45.7242],[10.7631,45.7407],[10.772,45.7508],[10.7841,45.7661],[10.7925,45.7771],[10.8024,45.7896],[10.8053,45.793],[10.8081,45.7966],[10.8096,45.7984],[10.8148,45.804],[10.8193,45.8071],[10.825,45.8103],[10.827,45.8111],[10.8303,45.8134],[10.8325,45.8156],[10.8345,45.8182],[10.8383,45.8276],[10.8402,45.8328],[10.8561,45.8274],[10.859,45.8263],[10.8701,45.8221],[10.8834,45.817],[10.8825,45.8151],[10.8847,45.8145],[10.8867,45.8129],[10.8876,45.8112],[10.8855,45.8091],[10.8811,45.8062],[10.8768,45.8033],[10.8741,45.7955],[10.8732,45.7915],[10.8728,45.7886],[10.8819,45.7809],[10.8834,45.7798],[10.8848,45.7782],[10.8854,45.7756],[10.8844,45.7737],[10.883,45.772],[10.8758,45.7701],[10.8676,45.765],[10.8652,45.7613],[10.8649,45.7549],[10.8637,45.7491],[10.8626,45.7437],[10.8586,45.7439],[10.8557,45.7424],[10.8499,45.7358],[10.8444,45.7249],[10.8433,45.7206],[10.8482,45.7179],[10.8555,45.7179],[10.858,45.7178],[10.862,45.7174],[10.8725,45.7158],[10.8815,45.7173],[10.8855,45.7162],[10.8889,45.7153],[10.9046,45.7077],[10.9188,45.7006],[10.9136,45.6921],[10.912,45.6883],[10.918,45.6837],[10.9304,45.6777],[10.9339,45.6758],[10.9375,45.6734],[10.9403,45.6732],[10.9429,45.6731],[10.9445,45.6741],[10.9455,45.6759],[10.946,45.6782],[10.9513,45.6845],[10.962,45.6857],[10.9651,45.692],[10.9722,45.7018],[10.9748,45.6967],[10.9742,45.6947],[10.9725,45.6925],[10.9704,45.6893],[10.9694,45.6874],[10.9684,45.6847],[10.9683,45.6801],[10.9754,45.6842],[10.9791,45.6857],[10.9863,45.6888],[10.9976,45.697],[10.9979,45.7007],[10.999,45.7076],[11.0015,45.7083],[11.0076,45.7104],[11.0106,45.7132],[11.0118,45.7146],[11.0116,45.7176],[11.0166,45.7194],[11.0174,45.7171],[11.0166,45.7145],[11.0152,45.711],[11.0165,45.7057],[11.0221,45.7055],[11.0255,45.7048],[11.0414,45.7063],[11.0521,45.7159],[11.0559,45.7183],[11.0577,45.7176],[11.059,45.715],[11.065,45.7088],[11.0708,45.7059],[11.0724,45.7038],[11.0924,45.6952],[11.1002,45.695],[11.1019,45.696],[11.1072,45.6957],[11.1131,45.6965],[11.1207,45.6957],[11.1234,45.6938],[11.1232,45.691],[11.1225,45.6892],[11.1285,45.6916],[11.1334,45.6939],[11.1356,45.6954],[11.1385,45.6968],[11.136,45.6991],[11.1368,45.7036],[11.1387,45.7093],[11.1415,45.7116],[11.1436,45.7126],[11.1457,45.7149],[11.1495,45.7174],[11.1523,45.7181],[11.1729,45.7318],[11.1745,45.733],[11.1784,45.7381],[11.1771,45.7447],[11.1761,45.7472],[11.1751,45.7488],[11.1777,45.7567],[11.1794,45.7606],[11.1805,45.7624],[11.1806,45.7657],[11.1798,45.7729],[11.1791,45.7752],[11.1783,45.7771],[11.1768,45.7807],[11.1752,45.7828],[11.1736,45.7865],[11.1757,45.7879],[11.1781,45.7881],[11.1901,45.7816],[11.2028,45.7834],[11.1959,45.7902],[11.1937,45.7935],[11.1896,45.8044],[11.1885,45.8119],[11.1891,45.814],[11.1911,45.8167],[11.1976,45.8213],[11.1987,45.8242],[11.2031,45.8271],[11.2081,45.8286],[11.2128,45.83],[11.2149,45.8307],[11.2191,45.8327],[11.2184,45.8352],[11.2183,45.8415],[11.2185,45.844],[11.2197,45.8464],[11.2209,45.8481],[11.2227,45.8489],[11.2266,45.849],[11.2393,45.856],[11.2444,45.8769],[11.2415,45.8758],[11.235,45.8781],[11.2464,45.8864],[11.2497,45.8848],[11.2531,45.8841],[11.2549,45.8886],[11.2546,45.8912],[11.2534,45.893],[11.2511,45.8961],[11.2494,45.8985],[11.2517,45.9006],[11.2545,45.902],[11.2564,45.9027],[11.2604,45.9092],[11.2612,45.9182],[11.2583,45.9207],[11.2699,45.9166],[11.2706,45.9186],[11.2738,45.9196],[11.2817,45.9186],[11.2837,45.9175],[11.3007,45.9179],[11.3038,45.9182],[11.3018,45.9247],[11.3046,45.9268],[11.313,45.9298],[11.3138,45.9262],[11.3158,45.9235],[11.3182,45.9213],[11.3242,45.9175],[11.3397,45.9113],[11.3455,45.9091],[11.3493,45.9095],[11.3507,45.914],[11.349,45.9156],[11.3469,45.9181],[11.345,45.9209],[11.348,45.922],[11.3529,45.9238],[11.3581,45.9253],[11.3578,45.9291],[11.3606,45.9344],[11.3601,45.9381],[11.3583,45.9437],[11.3616,45.943],[11.3643,45.9424],[11.3672,45.9422],[11.3698,45.9421],[11.3807,45.9427],[11.3824,45.9479],[11.3833,45.951],[11.3796,45.9547],[11.3783,45.956],[11.3761,45.9609],[11.3724,45.9732],[11.3726,45.976],[11.3732,45.9824],[11.3771,45.9842],[11.3927,45.981],[11.4001,45.9801],[11.4224,45.9802],[11.4468,45.9809],[11.4538,45.9844],[11.462,45.9913],[11.4641,45.9941],[11.468,45.9976],[11.4835,46.0007],[11.4852,46.0034],[11.4885,46.0068],[11.4912,46.0085],[11.5107,46.012],[11.5127,46.0103],[11.5172,46.0092],[11.5332,46.0118],[11.5379,46.0129],[11.5445,46.0118],[11.5524,46.0118],[11.5601,46.0087],[11.5628,46.0074],[11.5668,46.0058],[11.5694,46.0059],[11.5722,46.007],[11.5772,46.0065],[11.5798,46.0008],[11.582,45.9926],[11.5842,45.9835],[11.5867,45.9729],[11.5876,45.969],[11.5917,45.9695],[11.5942,45.9713],[11.5979,45.9721],[11.6091,45.9694],[11.6187,45.9716],[11.6307,45.9694],[11.6276,45.9606],[11.6373,45.9617],[11.6559,45.9647],[11.668,45.9638],[11.6732,45.9644],[11.6761,45.9657],[11.6777,45.9667],[11.6795,45.9677],[11.6817,45.9686],[11.6845,45.9692],[11.686,45.9703],[11.6838,45.9742],[11.6823,45.9759],[11.6843,45.9841],[11.69,45.9888],[11.6861,45.9946],[11.6817,45.9991],[11.6785,46.0029],[11.6775,46.0048],[11.6751,46.0092],[11.6726,46.0128],[11.6687,46.0156],[11.6667,46.0171],[11.6687,46.0176],[11.6721,46.0195],[11.6806,46.0256],[11.6819,46.0269],[11.6806,46.0283],[11.6761,46.0286],[11.6734,46.0293],[11.6666,46.0353],[11.6667,46.0378],[11.6788,46.046],[11.6829,46.0445],[11.6873,46.0441],[11.7006,46.0445],[11.7035,46.0448],[11.7055,46.0454],[11.7043,46.0546],[11.6924,46.0623],[11.6901,46.0627],[11.6877,46.0643],[11.6865,46.066],[11.6835,46.0763],[11.6829,46.079],[11.682,46.0869],[11.6823,46.09],[11.6839,46.0923],[11.6853,46.0936],[11.6879,46.0947],[11.6917,46.095],[11.6951,46.0945],[11.7035,46.0905],[11.7056,46.0931],[11.7103,46.0979],[11.7168,46.1029],[11.7198,46.1032],[11.7458,46.1043],[11.7508,46.1051],[11.7587,46.0956],[11.7638,46.0979],[11.7718,46.1035],[11.7732,46.1058],[11.7751,46.1044],[11.7772,46.1032],[11.7798,46.1027],[11.7836,46.1027],[11.794,46.1031],[11.8082,46.1024],[11.8137,46.1023],[11.815,46.1039],[11.8161,46.1058],[11.8178,46.1072],[11.8197,46.108],[11.8226,46.1079],[11.827,46.1074],[11.8415,46.1112],[11.8502,46.113],[11.8758,46.1177],[11.8784,46.1179],[11.8876,46.1187],[11.8918,46.1205],[11.9047,46.133],[11.9012,46.1366],[11.9052,46.1394],[11.9128,46.1433],[11.9218,46.1493],[11.9206,46.1509],[11.9192,46.1531],[11.9183,46.1553],[11.9219,46.1623],[11.924,46.1635],[11.9272,46.1658],[11.9288,46.1679],[11.9296,46.1708],[11.9286,46.1758],[11.9356,46.1751],[11.9373,46.1739],[11.94,46.173],[11.942,46.1724],[11.9483,46.1706],[11.9509,46.1703],[11.9521,46.1726],[11.9514,46.1752],[11.9508,46.1771],[11.9498,46.1804],[11.9523,46.1831],[11.9574,46.1841],[11.9611,46.1864],[11.9623,46.1879],[11.9627,46.1905],[11.9626,46.1997],[11.954,46.1994],[11.9396,46.1988],[11.9342,46.2022],[11.9302,46.2065],[11.9278,46.209],[11.9269,46.212],[11.9264,46.2144],[11.9246,46.2168],[11.9194,46.2208],[11.9172,46.2213],[11.9096,46.2244],[11.9124,46.229],[11.9181,46.2384],[11.9233,46.2416],[11.9248,46.243],[11.9262,46.2447],[11.9291,46.2488],[11.9246,46.2481],[11.9222,46.2478],[11.9159,46.2505],[11.9136,46.2519],[11.9003,46.2537],[11.898,46.2522],[11.8947,46.2509],[11.892,46.2526],[11.8895,46.2548],[11.8863,46.2582],[11.8852,46.2601],[11.8853,46.2625],[11.8868,46.2638],[11.8876,46.2661],[11.8879,46.2685],[11.8884,46.2725],[11.8877,46.2749],[11.8865,46.277],[11.8852,46.2788],[11.8823,46.2787],[11.8795,46.2781],[11.8692,46.275],[11.8669,46.2738],[11.8648,46.2724],[11.8629,46.2713],[11.8573,46.2706],[11.8403,46.27],[11.838,46.2703],[11.8268,46.284],[11.8301,46.2942],[11.8335,46.2991],[11.8368,46.3027],[11.8414,46.3063],[11.8368,46.3082],[11.8344,46.3102],[11.8317,46.3129],[11.8317,46.3166],[11.8319,46.3249],[11.8302,46.3264],[11.8277,46.327],[11.8241,46.3277],[11.8204,46.3285],[11.8156,46.3297],[11.8037,46.3329],[11.8019,46.338],[11.8023,46.3429],[11.8004,46.3441],[11.7982,46.3447],[11.7914,46.3471],[11.7795,46.3516],[11.7744,46.3582],[11.7769,46.3604],[11.7796,46.3625],[11.7829,46.3643],[11.7918,46.3677],[11.7943,46.3679],[11.7973,46.3668],[11.7988,46.3656],[11.8017,46.3649],[11.8137,46.3675],[11.8154,46.3684],[11.8151,46.371],[11.8154,46.3738],[11.8169,46.3755],[11.8187,46.3763],[11.8252,46.3713],[11.8309,46.3669],[11.8332,46.3662],[11.8353,46.3681],[11.8344,46.3715],[11.8329,46.3766],[11.8318,46.3796],[11.832,46.387],[11.8349,46.3952],[11.8359,46.3982],[11.8374,46.4019],[11.8402,46.4059],[11.8414,46.4074],[11.8437,46.4099],[11.8403,46.413],[11.8385,46.4146],[11.8395,46.4175],[11.8405,46.419],[11.8482,46.429],[11.8503,46.4342],[11.8578,46.4342],[11.8606,46.4339],[11.8632,46.4331],[11.8699,46.4332],[11.873,46.4339],[11.8888,46.442],[11.8882,46.4578],[11.8874,46.4631],[11.8838,46.4658],[11.8812,46.4677],[11.8786,46.4703],[11.8772,46.4718],[11.8752,46.4726],[11.8515,46.475],[11.8344,46.4763],[11.8304,46.4761],[11.823,46.4761],[11.8181,46.4765],[11.8154,46.4772],[11.8134,46.4779],[11.8106,46.4842],[11.8139,46.4958],[11.8152,46.4997],[11.8241,46.5041],[11.8283,46.5089],[11.8444,46.5153],[11.848,46.5167],[11.8514,46.5178],[11.8757,46.522],[11.8799,46.5224],[11.885,46.5227],[11.8987,46.5282],[11.9009,46.5294],[11.908,46.5318],[11.9119,46.533],[11.9145,46.5329],[11.9177,46.5325],[11.9222,46.5312],[11.9258,46.5296],[11.9276,46.5289],[11.9339,46.5279],[11.9405,46.5283],[11.9455,46.5294],[11.9472,46.5332],[11.9483,46.5359],[11.9491,46.5384],[11.9513,46.5402],[11.9642,46.5442],[11.9857,46.5452],[11.9889,46.5443],[11.9984,46.5329],[12.0004,46.5346],[12.0017,46.5359],[12.0031,46.5376],[12.0055,46.5408],[12.0069,46.5427],[12.0128,46.5497],[12.0216,46.5597],[12.0287,46.5681],[12.0332,46.5756],[12.0351,46.5777],[12.0367,46.5788],[12.0389,46.5797],[12.0409,46.5805],[12.0438,46.5819],[12.0463,46.5841],[12.0494,46.5921],[12.0496,46.5995],[12.0487,46.6017],[12.0455,46.608],[12.053,46.618],[12.0577,46.6197],[12.0611,46.6202],[12.0641,46.6217],[12.0652,46.6247],[12.0658,46.6278],[12.0675,46.6345],[12.0686,46.6384],[12.0698,46.6408],[12.0733,46.6423],[12.0695,46.6489],[12.0666,46.6527],[12.0689,46.6664],[12.0683,46.6751],[12.0747,46.6746],[12.0765,46.6738],[12.0778,46.6723],[12.079,46.6707],[12.0809,46.6683],[12.0913,46.6646],[12.0999,46.6613],[12.106,46.6589],[12.1083,46.6573],[12.1092,46.6556],[12.11,46.6538],[12.1128,46.6519],[12.1253,46.6456],[12.1271,46.6447],[12.1403,46.6376],[12.1451,46.6341],[12.1481,46.6342],[12.1566,46.6357],[12.1611,46.6368],[12.1713,46.6341],[12.1756,46.6296],[12.1768,46.6282],[12.1788,46.6254],[12.1799,46.6238],[12.1817,46.6216],[12.1834,46.6207],[12.1943,46.6193],[12.1947,46.6109],[12.1945,46.6049],[12.1933,46.6026],[12.1917,46.5967],[12.1922,46.5946],[12.195,46.5949],[12.2038,46.5993],[12.2095,46.6046],[12.2104,46.6064],[12.2124,46.609],[12.2179,46.6106],[12.2211,46.6114],[12.2247,46.6123],[12.2322,46.614],[12.2384,46.6155],[12.2418,46.6163],[12.2447,46.6241],[12.2612,46.6291],[12.2642,46.6278],[12.2667,46.6265],[12.268,46.6244],[12.2692,46.6223],[12.2714,46.6207],[12.2838,46.6179],[12.2927,46.6181],[12.3013,46.6188],[12.3055,46.6192],[12.3074,46.62],[12.3138,46.6233],[12.3154,46.6251],[12.316,46.6299],[12.3191,46.6294],[12.3316,46.6292],[12.3397,46.6314],[12.3416,46.6301],[12.3431,46.6282],[12.3446,46.6264],[12.3467,46.6242],[12.3601,46.6195],[12.3667,46.6195],[12.3706,46.6199],[12.3852,46.6228],[12.3878,46.624],[12.3892,46.6252],[12.3899,46.6272],[12.3829,46.6321],[12.3784,46.6367],[12.379,46.641],[12.3798,46.6429],[12.3816,46.6436],[12.3851,46.6434],[12.3885,46.6424],[12.3911,46.6416],[12.4055,46.6431],[12.4126,46.6487],[12.4177,46.6529],[12.4274,46.6616],[12.433,46.6673],[12.4353,46.6686],[12.4375,46.6689],[12.4463,46.671],[12.4588,46.6742],[12.4723,46.6779],[12.4752,46.6789],[12.4772,46.6796],[12.4792,46.6782],[12.4807,46.6771],[12.4903,46.6764],[12.4963,46.6771],[12.4992,46.6778],[12.5005,46.6791],[12.5021,46.6805],[12.5051,46.6796],[12.506,46.678],[12.5143,46.6781],[12.517,46.6776],[12.521,46.6765],[12.5268,46.6743],[12.5286,46.6734],[12.5442,46.6616],[12.5463,46.6593],[12.5541,46.6574],[12.5594,46.6542],[12.5611,46.6521],[12.5646,46.6511],[12.567,46.6508],[12.5704,46.6508],[12.5734,46.6534],[12.5766,46.6554],[12.5789,46.6562],[12.5823,46.6558],[12.5869,46.6556],[12.6027,46.6556],[12.6122,46.6578],[12.6214,46.6608],[12.6244,46.6609],[12.6305,46.6606],[12.6321,46.6597],[12.6324,46.657],[12.6341,46.6543],[12.6411,46.6521],[12.6443,46.6521],[12.6489,46.6525],[12.6519,46.6537],[12.6533,46.6548],[12.658,46.6564],[12.6622,46.6568],[12.6668,46.6572],[12.6758,46.6568],[12.688,46.6562],[12.6912,46.6553],[12.6941,46.6535],[12.6973,46.6519],[12.6993,46.651],[12.7015,46.6502],[12.7073,46.6492],[12.7106,46.6493],[12.7146,46.6483],[12.7172,46.6465],[12.7247,46.6403],[12.7282,46.6364],[12.732,46.6338],[12.7274,46.6304],[12.7209,46.629],[12.7166,46.6276],[12.7128,46.6262],[12.7102,46.6247],[12.7088,46.6235],[12.7072,46.622],[12.7051,46.6191],[12.7054,46.6163],[12.7062,46.6138],[12.7069,46.6109],[12.7086,46.602],[12.7054,46.602],[12.6996,46.6016],[12.6902,46.6006],[12.6875,46.5999],[12.6845,46.5975],[12.6825,46.5943],[12.68,46.5911],[12.676,46.5866],[12.6746,46.5852],[12.6686,46.5828],[12.6646,46.582],[12.6605,46.578],[12.6568,46.5725],[12.6461,46.5746],[12.6445,46.5759],[12.637,46.5726],[12.6344,46.5688],[12.6287,46.5606],[12.6236,46.5509],[12.6202,46.5438],[12.6194,46.5414],[12.6199,46.5347],[12.6215,46.5265],[12.6253,46.5197],[12.6296,46.5154],[12.6306,46.5122],[12.6316,46.5089],[12.6309,46.5034],[12.63,46.5007],[12.6423,46.4905],[12.6508,46.4855],[12.6532,46.4848],[12.6569,46.4812],[12.6624,46.4692],[12.6588,46.466],[12.6565,46.4652],[12.649,46.4666],[12.6449,46.4696],[12.6439,46.4712],[12.6424,46.4723],[12.6369,46.4737],[12.6333,46.4744],[12.6208,46.4754],[12.6182,46.4745],[12.6087,46.4667],[12.6075,46.4652],[12.6061,46.4641],[12.6023,46.4656],[12.5997,46.4674],[12.5948,46.4708],[12.5929,46.4714],[12.5863,46.4732],[12.5796,46.4737],[12.5761,46.4734],[12.57,46.4755],[12.5602,46.4711],[12.5564,46.4691],[12.5476,46.4636],[12.542,46.4593],[12.5368,46.4597],[12.531,46.4649],[12.5275,46.4602],[12.527,46.457],[12.5279,46.4531],[12.5189,46.4474],[12.5153,46.4466],[12.5059,46.441],[12.5034,46.4389],[12.502,46.4375],[12.4993,46.4343],[12.4964,46.4285],[12.4939,46.4261],[12.4925,46.4243],[12.4943,46.4186],[12.4987,46.4122],[12.4953,46.412],[12.4911,46.4098],[12.4894,46.4087],[12.482,46.4033],[12.4785,46.3996],[12.4772,46.3978],[12.4693,46.3901],[12.4649,46.3885],[12.4569,46.391],[12.455,46.3917],[12.4563,46.3865],[12.4571,46.3846],[12.4586,46.3829],[12.4605,46.3804],[12.4629,46.3693],[12.45,46.3607],[12.4405,46.3586],[12.4287,46.3516],[12.4242,46.3529],[12.4187,46.3545],[12.4207,46.3464],[12.4212,46.3426],[12.4183,46.3389],[12.4115,46.3308],[12.4029,46.3294],[12.4007,46.3289],[12.3981,46.3285],[12.3878,46.3292],[12.3843,46.329],[12.3827,46.3301],[12.3799,46.3315],[12.3768,46.331],[12.375,46.3299],[12.3714,46.3261],[12.3648,46.3256],[12.3547,46.3197],[12.3553,46.3166],[12.3546,46.3086],[12.3528,46.3008],[12.3508,46.2938],[12.3481,46.2924],[12.345,46.2915],[12.3326,46.2843],[12.3291,46.2821],[12.3245,46.2758],[12.3227,46.2731],[12.3209,46.2689],[12.3212,46.2645],[12.324,46.2549],[12.3259,46.254],[12.3331,46.247],[12.335,46.2432],[12.336,46.2416],[12.3377,46.2395],[12.34,46.2402],[12.3423,46.2405],[12.3464,46.2392],[12.3519,46.2361],[12.3549,46.2332],[12.3569,46.2311],[12.36,46.229],[12.3631,46.2291],[12.3657,46.2293],[12.3678,46.2283],[12.3723,46.224],[12.3764,46.2229],[12.3787,46.2236],[12.3838,46.2256],[12.3892,46.2276],[12.4017,46.229],[12.4038,46.2275],[12.4057,46.2256],[12.4083,46.2229],[12.4083,46.2195],[12.4066,46.2181],[12.4042,46.2175],[12.4029,46.216],[12.4003,46.2113],[12.4063,46.2073],[12.4184,46.2083],[12.4262,46.2093],[12.4295,46.2095],[12.4415,46.2084],[12.4465,46.2078],[12.4445,46.2064],[12.4425,46.1994],[12.443,46.1961],[12.4444,46.1944],[12.4472,46.1884],[12.4482,46.1833],[12.447,46.1803],[12.4569,46.1706],[12.465,46.1657],[12.4703,46.1647],[12.4785,46.1618],[12.4915,46.1569],[12.494,46.1544],[12.4958,46.1526],[12.4952,46.1502],[12.4943,46.1483],[12.4961,46.1414],[12.4971,46.1398],[12.4986,46.1385],[12.4983,46.1357],[12.497,46.1329],[12.4972,46.1298],[12.4951,46.1291],[12.4935,46.1278],[12.4919,46.1251],[12.493,46.1229],[12.4942,46.1215],[12.4915,46.117],[12.4903,46.1155],[12.4847,46.105],[12.4834,46.1034],[12.4724,46.096],[12.4648,46.0928],[12.4547,46.0887],[12.4479,46.0861],[12.4428,46.0842],[12.4393,46.0845],[12.4278,46.0763],[12.4268,46.0742],[12.4256,46.0712],[12.4241,46.0682],[12.4223,46.0657],[12.4207,46.064],[12.4172,46.0605],[12.4141,46.0591],[12.4099,46.0591],[12.4066,46.0513],[12.4053,46.0448],[12.4044,46.0425],[12.4018,46.0419],[12.399,46.0414],[12.4003,46.04],[12.4021,46.0383],[12.4041,46.0367],[12.4058,46.0354],[12.4081,46.0342],[12.4104,46.0323],[12.4144,46.028],[12.4164,46.0224],[12.4149,46.02],[12.4178,46.014],[12.422,46.0038],[12.4237,46.0008],[12.4242,45.9982],[12.426,45.9969],[12.4279,45.9959],[12.4284,45.9933],[12.428,45.9877],[12.4264,45.9753],[12.4245,45.9639],[12.4223,45.9562],[12.4257,45.9476],[12.428,45.9465],[12.4322,45.9455],[12.4348,45.9453],[12.4381,45.9457],[12.4419,45.9467],[12.4535,45.9473],[12.4557,45.9461],[12.4563,45.9427],[12.4631,45.9345],[12.4739,45.9288],[12.479,45.927],[12.4827,45.9257],[12.4856,45.9256],[12.4897,45.9264],[12.4958,45.9254],[12.4989,45.9255],[12.5011,45.9251],[12.5032,45.9243],[12.5052,45.9234],[12.5069,45.9219],[12.5078,45.92],[12.5056,45.9167],[12.5086,45.9104],[12.5134,45.906],[12.5158,45.9041],[12.5232,45.9031],[12.5186,45.9001],[12.5129,45.8983],[12.5098,45.8987],[12.507,45.8978],[12.5164,45.89],[12.5234,45.8864],[12.5277,45.8848],[12.5305,45.8844],[12.5323,45.8819],[12.5363,45.8713],[12.5371,45.8687],[12.534,45.8682],[12.5296,45.8643],[12.5311,45.8631],[12.5347,45.862],[12.5496,45.8607],[12.5524,45.856],[12.559,45.8471],[12.5583,45.8436],[12.5544,45.8401],[12.5513,45.8394],[12.5523,45.8362],[12.5541,45.8295],[12.5593,45.8259],[12.5619,45.826],[12.5652,45.8299],[12.564,45.8313],[12.5668,45.8309],[12.5681,45.829],[12.5688,45.8271],[12.5729,45.8244],[12.582,45.8242],[12.5828,45.8218],[12.5837,45.8202],[12.5876,45.8153],[12.5933,45.8151],[12.5953,45.816],[12.5945,45.8182],[12.5924,45.8195],[12.5964,45.8221],[12.5954,45.827],[12.5944,45.8308],[12.5993,45.8346],[12.6057,45.8382],[12.6081,45.8351],[12.6116,45.8319],[12.6159,45.8295],[12.6211,45.8279],[12.6236,45.8286],[12.6254,45.8299],[12.6295,45.8302],[12.6322,45.8293],[12.633,45.8229],[12.6377,45.8183],[12.6482,45.8122],[12.654,45.8095],[12.654,45.8068],[12.6516,45.8046],[12.6574,45.7974],[12.6593,45.796],[12.6617,45.7937],[12.669,45.7909],[12.6738,45.7919],[12.6755,45.7927],[12.6789,45.7947],[12.6831,45.7998],[12.6885,45.8027],[12.695,45.8063],[12.7035,45.8162],[12.7057,45.8169],[12.7079,45.8176],[12.7125,45.8208],[12.715,45.8229],[12.7181,45.8259],[12.7193,45.8275],[12.73,45.8373],[12.7372,45.8307],[12.7389,45.8294],[12.7411,45.8278],[12.7427,45.8267],[12.7472,45.8289],[12.7488,45.8299],[12.7508,45.8318],[12.7548,45.8358],[12.7574,45.8381],[12.759,45.8393],[12.7639,45.842],[12.7688,45.8452],[12.7661,45.8475],[12.7689,45.85],[12.775,45.8531],[12.7772,45.8538],[12.7798,45.8544],[12.7886,45.8493],[12.7969,45.846],[12.801,45.8457],[12.8042,45.8447],[12.8041,45.8419],[12.8,45.8339],[12.7986,45.8327],[12.7999,45.8257],[12.8016,45.8232],[12.807,45.8203],[12.8188,45.8243],[12.8188,45.8288],[12.8189,45.8337],[12.8228,45.8365],[12.8247,45.8357],[12.8272,45.8354],[12.8339,45.8383],[12.8372,45.8413],[12.8367,45.8454],[12.8542,45.8499],[12.8612,45.8508],[12.875,45.8503],[12.8759,45.8481],[12.8763,45.8457],[12.8772,45.8432],[12.8697,45.8338],[12.8723,45.8326],[12.8754,45.8297],[12.8901,45.8205],[12.893,45.8197],[12.8999,45.8227],[12.9008,45.8245],[12.9111,45.8261],[12.915,45.8246],[12.9194,45.8298],[12.9205,45.8313],[12.9236,45.8273],[12.9245,45.8243],[12.9274,45.8202],[12.9287,45.8184],[12.9419,45.8203],[12.9521,45.8222],[12.9521,45.8283],[12.9509,45.8349],[12.9514,45.843],[12.9548,45.8462],[12.9578,45.8474],[12.9614,45.8469],[12.9627,45.8456],[12.9647,45.8434],[12.9663,45.8411],[12.9664,45.8382],[12.9672,45.836],[12.9697,45.8357],[12.979,45.834],[12.9721,45.8295],[12.9729,45.8251],[12.9742,45.8234],[12.977,45.8237],[12.9772,45.8268],[12.9809,45.8272],[12.9782,45.8241],[12.9813,45.8187],[12.9837,45.8188],[12.9866,45.8184],[12.9905,45.8166],[12.9921,45.8157],[12.9934,45.8142],[12.9916,45.8103],[12.9901,45.8092],[12.9873,45.8089],[12.9852,45.8105],[12.9844,45.8127],[12.9835,45.8149],[12.9799,45.8148],[12.9779,45.8137],[12.9742,45.8076],[12.9808,45.7967],[12.9824,45.7956],[12.9852,45.7957],[12.9867,45.7972],[12.9874,45.8001],[12.9889,45.8014],[12.9913,45.8],[12.9917,45.7978],[12.9901,45.7962],[12.9813,45.7929],[12.9812,45.7869],[12.9847,45.7814],[12.9985,45.7687],[13.0006,45.7672],[13.0035,45.7663],[13.0061,45.7659],[13.009,45.7651],[13.0107,45.7641],[13.012,45.7625],[13.011,45.761],[13.0067,45.7606],[13.0013,45.75],[13.0025,45.7475],[13.0051,45.7458],[13.0067,45.7448],[13.0087,45.744],[13.0119,45.7432],[13.0143,45.7426],[13.0157,45.7413],[13.0161,45.7359],[13.0147,45.7348],[13.0118,45.7336],[13.009,45.7323],[13.0076,45.7289],[13.0077,45.7261],[13.0088,45.7246],[13.011,45.7239],[13.0132,45.7236],[13.015,45.7245],[13.0162,45.7261],[13.0161,45.7293],[13.0171,45.7311],[13.02,45.7331],[13.0237,45.7354],[13.0254,45.7363],[13.0276,45.7369],[13.029,45.7351],[13.0302,45.7253],[13.0381,45.7142],[13.0406,45.706],[13.0381,45.7012],[13.0364,45.7002],[13.038,45.6986],[13.045,45.6938],[13.0471,45.6946],[13.0484,45.6968],[13.051,45.6969],[13.0529,45.6955],[13.0524,45.6918],[13.0512,45.6896],[13.0496,45.6878],[13.0475,45.6872],[13.0449,45.6877],[13.0436,45.6855],[13.0454,45.6836],[13.0529,45.6784],[13.055,45.6775],[13.0569,45.6783],[13.0589,45.6795],[13.0614,45.6795],[13.0635,45.6784],[13.0649,45.6764],[13.0668,45.6723],[13.0635,45.6664],[13.062,45.6634],[13.0619,45.6602],[13.0628,45.6576],[13.0639,45.6561],[13.0665,45.6559],[13.0696,45.6572],[13.0715,45.6581],[13.0737,45.6589],[13.0763,45.6593],[13.0794,45.6592],[13.0831,45.6581],[13.0846,45.6567],[13.0871,45.6512],[13.0985,45.6446],[13.1008,45.6434],[13.1021,45.6419],[13.0991,45.6377],[13.0977,45.6359],[13.0939,45.6352],[13.0748,45.6323],[13.0634,45.631],[13.054,45.6307],[13.0451,45.6306],[13.0322,45.6305],[13.0261,45.6303],[13.0224,45.63],[13.0029,45.6278],[12.993,45.6265],[12.9858,45.6254],[12.9828,45.6251],[12.9792,45.6248],[12.9781,45.6265],[12.9728,45.6252],[12.9542,45.621],[12.9274,45.6148],[12.9219,45.6134],[12.919,45.6129],[12.9168,45.6125],[12.9143,45.6129],[12.9131,45.6145],[12.9111,45.6151],[12.9084,45.6144],[12.9064,45.6133],[12.9038,45.6115],[12.892,45.6031],[12.8909,45.6016],[12.8844,45.5969],[12.87,45.5901],[12.8625,45.5866],[12.8595,45.5858],[12.8575,45.5851],[12.8524,45.5835],[12.8439,45.5804],[12.8378,45.578],[12.8353,45.5771],[12.8242,45.5722],[12.7992,45.5621],[12.7967,45.561],[12.788,45.5566],[12.7854,45.5555],[12.7717,45.548],[12.7617,45.5429],[12.7556,45.5401],[12.7365,45.5317],[12.7306,45.5294],[12.7224,45.5267],[12.7155,45.5244],[12.7111,45.5235],[12.6933,45.519],[12.6862,45.517],[12.6831,45.5161],[12.6779,45.5145],[12.6576,45.5079],[12.6502,45.5055],[12.6332,45.4996],[12.6292,45.4982],[12.6273,45.4975],[12.6195,45.4946],[12.6162,45.4934],[12.6136,45.4923],[12.5993,45.4864],[12.5923,45.4833],[12.5843,45.4796],[12.5811,45.4786],[12.5687,45.476],[12.5551,45.4719],[12.5509,45.4707],[12.5474,45.4693],[12.545,45.4683],[12.5423,45.4672],[12.5382,45.4656],[12.5337,45.4639],[12.5222,45.4602],[12.488,45.4507],[12.4855,45.4501],[12.4825,45.4496],[12.465,45.4437],[12.4528,45.4387],[12.4506,45.4374],[12.4475,45.4355],[12.4446,45.4337],[12.4407,45.4308],[12.4353,45.4263],[12.434,45.4246],[12.4362,45.4225],[12.4337,45.4213],[12.4269,45.418],[12.4191,45.4233],[12.4165,45.425],[12.4144,45.4263],[12.4115,45.4275],[12.4081,45.4285],[12.4044,45.4291],[12.3996,45.4298],[12.3971,45.4285],[12.3934,45.4262],[12.3885,45.4227],[12.3808,45.4169],[12.3794,45.4157],[12.3764,45.4129],[12.3659,45.4021],[12.3601,45.3961],[12.3575,45.3925],[12.3541,45.3877],[12.348,45.379],[12.3459,45.3754],[12.3429,45.3707],[12.3411,45.3683],[12.3389,45.3653],[12.3359,45.3616],[12.3338,45.3591],[12.3322,45.3563],[12.3307,45.3535],[12.3294,45.3493],[12.3291,45.3469],[12.3288,45.3442],[12.3289,45.3379],[12.3309,45.337],[12.3332,45.3365],[12.3362,45.3358],[12.3389,45.3352],[12.3427,45.3342],[12.3365,45.3314],[12.3325,45.332],[12.3299,45.3327],[12.3262,45.3323],[12.3244,45.3303],[12.3218,45.3256],[12.319,45.3202],[12.3177,45.3176],[12.3164,45.3149],[12.3139,45.3087],[12.306,45.2878],[12.3039,45.2802],[12.2997,45.2588],[12.2999,45.2529],[12.3003,45.2504],[12.2989,45.2474],[12.2971,45.2457],[12.2959,45.2437],[12.2962,45.2414],[12.2972,45.2364],[12.3099,45.2339],[12.3143,45.2338],[12.3139,45.2311],[12.3123,45.2287],[12.302,45.2293],[12.3003,45.2245],[12.2995,45.2216],[12.2991,45.2188],[12.2993,45.2149],[12.2998,45.2125],[12.301,45.2079],[12.3018,45.2052],[12.3033,45.201],[12.305,45.197],[12.3063,45.1944],[12.312,45.1853],[12.3165,45.184],[12.3183,45.1824],[12.3283,45.1685],[12.3309,45.1637],[12.3332,45.1633],[12.3331,45.1593],[12.3321,45.1568],[12.3312,45.1548],[12.3303,45.153],[12.3294,45.1499],[12.3289,45.1469],[12.3271,45.1393],[12.3267,45.1365],[12.3264,45.1319],[12.3266,45.1291],[12.3272,45.1237],[12.3279,45.1199],[12.3289,45.1163],[12.3299,45.1131],[12.3346,45.0969],[12.3372,45.0895],[12.342,45.0877],[12.345,45.0861],[12.3479,45.0841],[12.3558,45.0766],[12.3652,45.0724],[12.3706,45.0649],[12.3726,45.0632],[12.3747,45.0613],[12.3769,45.0595],[12.3935,45.0455],[12.41,45.0366],[12.4207,45.0302],[12.4323,45.0214],[12.4357,45.019],[12.4435,45.0136],[12.4595,45.0055],[12.4638,45.0034],[12.4691,45.0008],[12.4851,44.993],[12.5034,44.989],[12.507,44.9902],[12.5084,44.9915],[12.5109,44.9914],[12.5146,44.99],[12.5165,44.989],[12.5186,44.9877],[12.5236,44.9849],[12.5291,44.9817],[12.531,44.9808],[12.5388,44.9775],[12.5436,44.9758],[12.547,44.975],[12.5539,44.966],[12.5509,44.9609],[12.5492,44.9593],[12.546,44.958],[12.538,44.953],[12.536,44.9517],[12.5342,44.9504],[12.5312,44.948],[12.5297,44.9467],[12.5156,44.9345],[12.5091,44.9264],[12.501,44.9091],[12.4952,44.8961],[12.4942,44.8939],[12.4855,44.8778],[12.4845,44.876],[12.4829,44.8732],[12.465,44.8437],[12.4561,44.8389],[12.4518,44.8367],[12.4478,44.8351],[12.4427,44.8334],[12.439,44.8323],[12.4351,44.8313],[12.432,44.8308],[12.429,44.8309],[12.4155,44.82],[12.4168,44.8169],[12.4193,44.815],[12.4215,44.8139],[12.4209,44.8114],[12.4184,44.808],[12.4152,44.8037],[12.4088,44.7984],[12.3968,44.7907],[12.3981,44.7928],[12.3952,44.7941],[12.3902,44.7959],[12.3883,44.7967],[12.3817,44.7998],[12.3794,44.8011],[12.3776,44.8022],[12.374,44.8047],[12.3689,44.808],[12.364,44.811],[12.362,44.812],[12.359,44.8131],[12.3552,44.8151],[12.3533,44.817],[12.3517,44.8194],[12.3461,44.8294],[12.3446,44.8352],[12.3439,44.8386],[12.3436,44.8418],[12.3435,44.8458],[12.3425,44.8478],[12.3405,44.8501],[12.3384,44.8513],[12.3363,44.8522],[12.3325,44.8527],[12.3271,44.8528],[12.3226,44.8535],[12.3174,44.8542],[12.3096,44.855],[12.3061,44.8552],[12.3019,44.8557],[12.2999,44.8564],[12.2979,44.8572],[12.2951,44.8593],[12.2879,44.8686],[12.2867,44.8703],[12.286,44.8724],[12.2847,44.8784],[12.284,44.8864],[12.2846,44.8937],[12.2853,44.8956],[12.2849,44.8995],[12.284,44.9039],[12.2823,44.9078],[12.2819,44.91],[12.2833,44.9132],[12.2893,44.9194],[12.2919,44.9216],[12.2932,44.9231],[12.2947,44.9254],[12.294,44.9291],[12.2923,44.9316],[12.2838,44.9397],[12.2819,44.9413],[12.2762,44.9433],[12.2578,44.9428],[12.2396,44.9351],[12.2375,44.9339],[12.2358,44.9319],[12.2339,44.9292],[12.2317,44.9265],[12.2296,44.9247],[12.2268,44.9233],[12.2237,44.9232],[12.2202,44.9241],[12.2179,44.9248],[12.2159,44.9255],[12.2136,44.9263],[12.2112,44.927],[12.2064,44.9269],[12.2038,44.9265],[12.2014,44.9258],[12.1981,44.9254],[12.1942,44.9254],[12.1913,44.9256],[12.1891,44.926],[12.1861,44.9272],[12.1842,44.9283],[12.1822,44.9296],[12.1793,44.9318],[12.1779,44.9335],[12.1766,44.9354],[12.1759,44.9374],[12.1749,44.9394],[12.1736,44.9407],[12.1707,44.942],[12.1673,44.9415],[12.165,44.9406],[12.1632,44.9397],[12.1611,44.9386],[12.1592,44.9365],[12.1588,44.9331],[12.158,44.9306],[12.1443,44.9282],[12.1406,44.9284],[12.1389,44.9296],[12.128,44.9372],[12.1225,44.9431],[12.1175,44.9512],[12.1175,44.9548],[12.1162,44.9577],[12.1149,44.9591],[12.1131,44.9604],[12.109,44.9616],[12.1012,44.9618],[12.0998,44.9661],[12.0916,44.9702],[12.0723,44.972],[12.0692,44.9707],[12.0665,44.9699],[12.064,44.9695],[12.0611,44.9696],[12.0569,44.9706],[12.0537,44.9724],[12.0516,44.9739],[12.0475,44.977],[12.0431,44.9767],[12.0395,44.9767],[12.0347,44.9768],[12.0232,44.9767],[12.0155,44.9766],[12.0132,44.9771],[12.0056,44.9795],[12.0024,44.9805],[11.9993,44.9816],[11.9966,44.9822],[11.9884,44.9834],[11.9858,44.9837],[11.9832,44.9843],[11.975,44.9858],[11.9642,44.9868],[11.961,44.9865],[11.9589,44.986],[11.9512,44.9835],[11.9463,44.9813],[11.9431,44.9798],[11.9387,44.978],[11.9366,44.9773],[11.9323,44.976],[11.9302,44.9755],[11.9278,44.975],[11.9246,44.9747],[11.9212,44.9747],[11.9154,44.9752],[11.9114,44.9756],[11.9077,44.9762],[11.9044,44.9769],[11.8996,44.9778],[11.8956,44.9779],[11.8917,44.9775],[11.8874,44.9764],[11.8832,44.9754],[11.8773,44.9745],[11.87,44.9748],[11.8533,44.9743],[11.8383,44.9728],[11.8355,44.9731],[11.8276,44.9747],[11.8256,44.9754],[11.8195,44.9767],[11.8159,44.9772],[11.8113,44.9773],[11.8065,44.9772],[11.8026,44.9765],[11.8007,44.9758],[11.7973,44.9738],[11.7955,44.9723],[11.7933,44.9702],[11.7916,44.9687],[11.79,44.9675],[11.7884,44.9664],[11.7838,44.9642],[11.7807,44.9635],[11.7722,44.962],[11.7642,44.9601],[11.7604,44.9594],[11.7564,44.9591],[11.7521,44.9589],[11.7487,44.9585],[11.7456,44.9573],[11.744,44.956],[11.7424,44.9546],[11.7412,44.9531],[11.74,44.9502],[11.7413,44.9441],[11.7434,44.9402],[11.7447,44.9371],[11.744,44.9336],[11.74,44.9307],[11.737,44.9287],[11.7341,44.9271],[11.7312,44.9264],[11.7278,44.9262],[11.7253,44.9265],[11.7215,44.9267],[11.7184,44.9267],[11.7155,44.9263],[11.7103,44.9252],[11.7076,44.9245],[11.7013,44.9219],[11.6987,44.9207],[11.6962,44.9195],[11.6938,44.9187],[11.6895,44.9174],[11.6875,44.9168],[11.678,44.9156],[11.6755,44.9154],[11.6728,44.9152],[11.6696,44.9141],[11.6659,44.9121],[11.6634,44.9108],[11.6569,44.9071],[11.6501,44.9033],[11.643,44.8991],[11.6318,44.8929],[11.6248,44.8892],[11.6214,44.8884],[11.6174,44.888],[11.6147,44.8881],[11.6009,44.889],[11.5968,44.8897],[11.5935,44.8909],[11.5921,44.892],[11.5902,44.8951],[11.5891,44.8975],[11.5883,44.8993],[11.5881,44.9021],[11.5881,44.9048],[11.5876,44.9087],[11.5864,44.9113],[11.5847,44.9132],[11.5817,44.9152],[11.579,44.9169],[11.5756,44.9177],[11.5727,44.9184],[11.57,44.9186],[11.5664,44.9188],[11.5637,44.9192],[11.5612,44.92],[11.5585,44.9214],[11.5565,44.9228],[11.5546,44.9242],[11.5528,44.9257],[11.5491,44.9288],[11.5341,44.9362],[11.5237,44.9369],[11.5199,44.9366],[11.5158,44.9364],[11.5127,44.9367],[11.5065,44.937],[11.5031,44.9371],[11.4999,44.9373],[11.4901,44.9373],[11.485,44.9371],[11.4774,44.9368],[11.4696,44.9364],[11.4658,44.936],[11.4619,44.9353],[11.4597,44.9349],[11.4563,44.9342],[11.4526,44.9331],[11.4341,44.9294],[11.4311,44.929],[11.4275,44.9296],[11.4256,44.9311],[11.4246,44.9336],[11.424,44.9366],[11.4241,44.9393],[11.4247,44.9438],[11.4254,44.9463],[11.4262,44.9488],[11.4275,44.9528],[11.4277,44.9552],[11.4273,44.9579],[11.4262,44.9598],[11.4244,44.9619],[11.423,44.9631],[11.4202,44.9648],[11.4184,44.9657],[11.4161,44.9668],[11.4127,44.9682],[11.409,44.9695],[11.4058,44.9699],[11.4018,44.9704],[11.3958,44.9713],[11.388,44.9738],[11.3839,44.9748],[11.376,44.9773],[11.3637,44.9814],[11.3608,44.9825],[11.3584,44.9836],[11.344,44.9878],[11.3382,44.9894],[11.3272,44.9957],[11.3221,45.0002],[11.3179,45.0042],[11.3132,45.0097],[11.3109,45.0112],[11.3087,45.0124],[11.3054,45.0133],[11.3034,45.0138],[11.2989,45.0145],[11.2921,45.015],[11.283,45.0161],[11.2774,45.0169],[11.274,45.0183],[11.2732,45.0204],[11.273,45.0231],[11.2721,45.0257],[11.2699,45.0284],[11.2646,45.0317],[11.2631,45.0329],[11.2674,45.0399],[11.2685,45.0416],[11.2704,45.044],[11.2706,45.0464],[11.2703,45.0486],[11.2695,45.0511],[11.2687,45.0534],[11.2676,45.0552],[11.2659,45.0562],[11.2627,45.0568],[11.2595,45.0554],[11.257,45.0539],[11.2549,45.0523],[11.253,45.0504],[11.2516,45.0487],[11.2505,45.0469],[11.249,45.0454],[11.2454,45.0437],[11.243,45.0432],[11.2404,45.043],[11.2298,45.0478],[11.2247,45.0509],[11.2164,45.0557],[11.2122,45.0575],[11.21,45.0579],[11.2069,45.0585],[11.2014,45.0602],[11.1974,45.0605],[11.1934,45.0608],[11.1811,45.0612],[11.1786,45.0609],[11.1764,45.0605],[11.1743,45.0616],[11.1737,45.0673],[11.1735,45.0713],[11.1743,45.0738],[11.177,45.0754],[11.1808,45.0776],[11.1827,45.079],[11.1873,45.0825],[11.1884,45.0841],[11.1878,45.0863],[11.1829,45.0879],[11.18,45.0877],[11.1773,45.0881],[11.1767,45.0921],[11.1771,45.0951],[11.1775,45.0973],[11.1884,45.1015],[11.2055,45.1095],[11.2034,45.1117],[11.1928,45.1102],[11.1892,45.1098],[11.1808,45.1131],[11.1731,45.1161],[11.1693,45.1168],[11.1668,45.1172],[11.1645,45.1175],[11.1609,45.118],[11.1488,45.1248],[11.1464,45.1261],[11.1387,45.1239],[11.1344,45.1167],[11.1339,45.1144],[11.1345,45.1111],[11.1321,45.1051],[11.1274,45.1032],[11.1155,45.1045],[11.1054,45.1091],[11.1035,45.1117],[11.1021,45.1131],[11.1001,45.1125],[11.0971,45.1095],[11.0949,45.1061],[11.0939,45.0999],[11.0954,45.0978],[11.0976,45.0952],[11.0936,45.096],[11.0883,45.0977],[11.0868,45.0988],[11.0833,45.0997],[11.0788,45.0995],[11.0729,45.0987],[11.0508,45.1094],[11.049,45.1109],[11.0462,45.1114],[11.0427,45.1117],[11.0397,45.1131],[11.0338,45.1175],[11.0307,45.1207],[11.0287,45.123],[11.0284,45.1267],[11.0316,45.1288],[11.0359,45.1303],[11.0416,45.1326],[11.0438,45.1343],[11.0429,45.1375],[11.0415,45.1404],[11.0422,45.1437],[11.0445,45.1455],[11.0474,45.1474],[11.0505,45.1496],[11.0466,45.1531],[11.0356,45.1501],[11.0323,45.1499],[11.0322,45.1531],[11.0295,45.1587],[11.0261,45.1585],[11.0232,45.1574],[11.0213,45.1566],[11.0172,45.1526],[11.0136,45.1503],[11.011,45.1489],[10.9945,45.1504],[10.9927,45.153],[10.995,45.1535],[10.9974,45.1572],[10.9989,45.1653],[10.9986,45.1676],[10.9934,45.1801],[10.994,45.1839],[10.9969,45.1842],[10.9978,45.1859],[10.9958,45.1887],[10.9904,45.1961],[10.9882,45.1975],[10.9841,45.1998],[10.9807,45.1994],[10.9774,45.1995],[10.9719,45.2018],[10.9636,45.2054],[10.9579,45.2061],[10.947,45.2057],[10.9454,45.2091],[10.9434,45.2113],[10.9396,45.2136],[10.9361,45.214],[10.9307,45.218],[10.9308,45.2262],[10.9361,45.2319],[10.9278,45.2339],[10.9178,45.2351],[10.9035,45.2372],[10.9015,45.2379],[10.8997,45.2457],[10.8968,45.2471],[10.889,45.2486],[10.8861,45.2478],[10.8819,45.2469],[10.8796,45.248],[10.874,45.2524],[10.8615,45.2549],[10.8466,45.2566],[10.84,45.2664],[10.84,45.2729],[10.8356,45.274],[10.8338,45.2756],[10.83,45.2805],[10.827,45.2839],[10.8239,45.2848],[10.8169,45.2893],[10.8161,45.292],[10.7948,45.3078],[10.7828,45.3154],[10.7486,45.2942],[10.7374,45.2872],[10.7283,45.2913],[10.7284,45.2939],[10.7289,45.2961],[10.7297,45.2985],[10.7311,45.3006],[10.7324,45.303],[10.7331,45.3054],[10.7314,45.3136],[10.7305,45.3159],[10.7271,45.3178],[10.7247,45.3185],[10.722,45.3188],[10.7199,45.3175],[10.7164,45.3166],[10.711,45.316],[10.7081,45.3159],[10.7079,45.3186],[10.7095,45.3204],[10.7115,45.3217],[10.7132,45.3237],[10.7145,45.3275],[10.7155,45.3323],[10.7031,45.3414],[10.7007,45.3409],[10.6993,45.3397],[10.6955,45.3402],[10.6929,45.3407],[10.6877,45.3418],[10.6855,45.3537],[10.6889,45.3537],[10.6918,45.354],[10.7036,45.3583],[10.714,45.3672],[10.7127,45.3687],[10.7099,45.3688],[10.7075,45.3693],[10.6998,45.3749],[10.6977,45.3801],[10.7079,45.385],[10.7168,45.3956],[10.718,45.3975],[10.7191,45.3999],[10.7181,45.4017],[10.7193,45.4042],[10.7161,45.4161],[10.7145,45.4176],[10.7125,45.4186],[10.6986,45.4228],[10.6977,45.421],[10.6687,45.4264],[10.6652,45.4277],[10.6546,45.4158],[10.6439,45.4178],[10.6448,45.4204],[10.6466,45.4214],[10.6507,45.4259],[10.6515,45.4279],[10.6495,45.4408],[10.6421,45.4437],[10.6369,45.4427],[10.6282,45.4397],[10.6236,45.4436],[10.627,45.4429],[10.6434,45.4444],[10.6477,45.4485],[10.6476,45.4514],[10.6462,45.4526],[10.643,45.4573],[10.6428,45.4626],[10.6416,45.4721],[10.6408,45.4792],[10.6403,45.4837],[10.6386,45.5008],[10.6379,45.5083],[10.6376,45.5115],[10.6367,45.5209],[10.6354,45.5354]]]},"properties":{"name":"Veneto"}},{"type":"Feature","geometry":{"type":"MultiPolygon","coordinates":[[[[13.5169,46.383],[13.5175,46.3794],[13.5163,46.3768],[13.4984,46.3711],[13.4944,46.3704],[13.489,46.3697],[13.483,46.3691],[13.4814,46.3676],[13.4768,46.3641],[13.4701,46.3611],[13.4671,46.3609],[13.4608,46.3629],[13.4521,46.3631],[13.4487,46.3629],[13.439,46.3602],[13.4377,46.3589],[13.4368,46.3544],[13.4398,46.3514],[13.4425,46.3485],[13.4474,46.3364],[13.4452,46.3306],[13.439,46.3223],[13.4355,46.3217],[13.4295,46.3223],[13.4257,46.3226],[13.4181,46.3182],[13.4155,46.3149],[13.4157,46.3097],[13.4066,46.3056],[13.4052,46.3039],[13.4041,46.3019],[13.4028,46.3],[13.3904,46.2992],[13.3755,46.2982],[13.3766,46.2948],[13.3778,46.2913],[13.3793,46.2893],[13.3829,46.2901],[13.386,46.2881],[13.3919,46.2793],[13.3922,46.2767],[13.3924,46.2741],[13.3937,46.2658],[13.3978,46.2551],[13.4061,46.2434],[13.4099,46.24],[13.4121,46.2391],[13.4167,46.2378],[13.4219,46.2349],[13.422,46.2316],[13.4151,46.2187],[13.4129,46.2178],[13.4104,46.2174],[13.4091,46.2149],[13.4108,46.2123],[13.4235,46.2063],[13.4303,46.209],[13.4455,46.2126],[13.4479,46.2156],[13.4457,46.2221],[13.4483,46.2252],[13.457,46.2264],[13.4601,46.2254],[13.4656,46.2236],[13.4684,46.2243],[13.473,46.2252],[13.4788,46.225],[13.4844,46.2246],[13.4955,46.2222],[13.499,46.2193],[13.4971,46.2184],[13.4996,46.2167],[13.503,46.2157],[13.5078,46.2153],[13.5139,46.215],[13.5168,46.2157],[13.5186,46.2168],[13.522,46.2178],[13.5283,46.2187],[13.5294,46.2123],[13.5429,46.2123],[13.5457,46.2121],[13.5533,46.2086],[13.562,46.2041],[13.5657,46.1939],[13.5651,46.1878],[13.5669,46.1857],[13.5732,46.1842],[13.5782,46.1855],[13.5808,46.1869],[13.5828,46.1884],[13.5847,46.1899],[13.5887,46.1909],[13.5908,46.19],[13.5932,46.1886],[13.6091,46.186],[13.6112,46.1855],[13.6145,46.1844],[13.6171,46.1851],[13.6222,46.1869],[13.6271,46.1888],[13.6326,46.1907],[13.6379,46.189],[13.642,46.1889],[13.6457,46.1883],[13.6522,46.1854],[13.6632,46.1801],[13.6636,46.1772],[13.6641,46.1721],[13.6638,46.1698],[13.6619,46.1673],[13.6597,46.1656],[13.6571,46.1645],[13.6541,46.1619],[13.6537,46.158],[13.6521,46.1484],[13.6494,46.1439],[13.6469,46.1404],[13.6443,46.1375],[13.6396,46.1346],[13.6366,46.1346],[13.6303,46.132],[13.6268,46.1289],[13.6249,46.1259],[13.6094,46.1162],[13.6051,46.1141],[13.6025,46.113],[13.6001,46.1082],[13.5958,46.1042],[13.5899,46.1024],[13.5835,46.1006],[13.5804,46.0982],[13.5772,46.095],[13.5751,46.0917],[13.5708,46.0892],[13.5502,46.0821],[13.5469,46.0832],[13.5441,46.083],[13.5341,46.073],[13.5335,46.0703],[13.5299,46.0677],[13.5153,46.0622],[13.5119,46.0624],[13.5035,46.0626],[13.501,46.0617],[13.4965,46.0586],[13.4973,46.0564],[13.4975,46.0521],[13.4971,46.0483],[13.51,46.0462],[13.5101,46.0434],[13.5078,46.0342],[13.5036,46.0263],[13.4968,46.017],[13.4943,46.0145],[13.4919,46.0141],[13.4889,46.0144],[13.4803,46.0117],[13.4764,46.0067],[13.4787,46.0035],[13.482,46.0016],[13.4845,46.0003],[13.486,45.9991],[13.4918,45.991],[13.494,45.9877],[13.5009,45.981],[13.5067,45.98],[13.5159,45.9775],[13.5261,45.973],[13.5266,45.9692],[13.5278,45.9671],[13.5306,45.9664],[13.5335,45.966],[13.541,45.9649],[13.544,45.9651],[13.546,45.966],[13.5465,45.9684],[13.5518,45.9698],[13.5618,45.97],[13.565,45.9691],[13.5678,45.968],[13.5746,45.9757],[13.5766,45.9789],[13.5775,45.9825],[13.5846,45.9884],[13.5899,45.9897],[13.5935,45.9895],[13.5977,45.9882],[13.6042,45.9867],[13.6061,45.9853],[13.6084,45.9844],[13.6152,45.9842],[13.6208,45.9843],[13.6277,45.9873],[13.6334,45.9895],[13.6363,45.9873],[13.6391,45.9855],[13.6427,45.9832],[13.64,45.9806],[13.6374,45.9663],[13.6332,45.9502],[13.6335,45.9466],[13.635,45.9433],[13.6364,45.9403],[13.6375,45.9377],[13.6373,45.935],[13.6328,45.9314],[13.6225,45.9212],[13.6188,45.9171],[13.6177,45.9153],[13.6136,45.9075],[13.6104,45.9012],[13.6092,45.8992],[13.6071,45.8987],[13.6044,45.8976],[13.6019,45.8964],[13.5999,45.8953],[13.5938,45.8908],[13.596,45.8886],[13.5943,45.8869],[13.5903,45.8883],[13.5928,45.8766],[13.5922,45.8741],[13.5869,45.8708],[13.584,45.8649],[13.5838,45.8625],[13.5806,45.8572],[13.5787,45.8548],[13.5772,45.8533],[13.5773,45.8579],[13.5759,45.8549],[13.5727,45.8476],[13.5745,45.8431],[13.5765,45.842],[13.5792,45.8406],[13.5814,45.8395],[13.5845,45.8372],[13.5871,45.8348],[13.5964,45.8201],[13.596,45.8116],[13.5963,45.8079],[13.6033,45.8042],[13.6233,45.7982],[13.6273,45.7975],[13.6401,45.7983],[13.6525,45.7995],[13.6565,45.8001],[13.6605,45.8003],[13.6642,45.8],[13.6694,45.7996],[13.6721,45.7957],[13.6759,45.7917],[13.6802,45.793],[13.6843,45.791],[13.6877,45.7892],[13.6921,45.7863],[13.694,45.7849],[13.6966,45.7829],[13.6985,45.7812],[13.7011,45.7794],[13.7026,45.7783],[13.7046,45.7771],[13.7091,45.7746],[13.7126,45.7729],[13.7212,45.7692],[13.7278,45.7673],[13.73,45.7666],[13.7347,45.7635],[13.7371,45.7617],[13.7335,45.7613],[13.7456,45.7554],[13.7554,45.7555],[13.7594,45.7557],[13.7655,45.7513],[13.7674,45.7504],[13.7744,45.7488],[13.7788,45.7485],[13.7822,45.7484],[13.7868,45.7471],[13.7893,45.7461],[13.793,45.7444],[13.7963,45.7427],[13.7983,45.7414],[13.7998,45.7397],[13.801,45.737],[13.802,45.735],[13.8039,45.7312],[13.8066,45.7276],[13.8093,45.7248],[13.8113,45.7228],[13.8187,45.7188],[13.8205,45.7179],[13.8251,45.7154],[13.8271,45.7143],[13.8305,45.7106],[13.8337,45.7072],[13.8355,45.6998],[13.8339,45.6967],[13.832,45.6953],[13.8312,45.6931],[13.8326,45.6896],[13.8355,45.6861],[13.839,45.6841],[13.8423,45.6822],[13.8449,45.6806],[13.8466,45.6788],[13.8526,45.672],[13.856,45.6681],[13.8576,45.6662],[13.8592,45.6648],[13.8617,45.6631],[13.8706,45.6573],[13.8792,45.652],[13.8891,45.6469],[13.8913,45.6459],[13.8968,45.6436],[13.8998,45.6433],[13.9031,45.6426],[13.9159,45.6354],[13.9189,45.6336],[13.9181,45.6311],[13.912,45.6286],[13.9102,45.6271],[13.9079,45.6256],[13.8791,45.6117],[13.8773,45.611],[13.8741,45.6104],[13.8712,45.6099],[13.8688,45.6093],[13.8683,45.6051],[13.8681,45.6023],[13.8656,45.5967],[13.8631,45.5958],[13.86,45.5954],[13.8547,45.5929],[13.8528,45.5915],[13.8505,45.5889],[13.8511,45.586],[13.8422,45.5831],[13.8345,45.5823],[13.8217,45.5817],[13.8143,45.5812],[13.8105,45.5809],[13.7898,45.5826],[13.787,45.5829],[13.7822,45.5838],[13.7772,45.5855],[13.7745,45.5865],[13.7585,45.5932],[13.7486,45.5974],[13.7408,45.5971],[13.7329,45.5955],[13.7253,45.5948],[13.7207,45.598],[13.7192,45.6044],[13.7317,45.6089],[13.7408,45.6091],[13.7484,45.6089],[13.7654,45.6063],[13.7749,45.6043],[13.7766,45.6034],[13.7862,45.5995],[13.7977,45.6074],[13.7994,45.6084],[13.802,45.609],[13.8045,45.6094],[13.8061,45.607],[13.8089,45.6067],[13.804,45.6113],[13.7968,45.6112],[13.7826,45.6119],[13.7797,45.6119],[13.7768,45.6135],[13.774,45.6128],[13.7767,45.6136],[13.7809,45.6123],[13.7842,45.6138],[13.7818,45.6145],[13.7798,45.6158],[13.7719,45.625],[13.7739,45.6298],[13.7782,45.6312],[13.7767,45.6339],[13.7758,45.6355],[13.7677,45.6356],[13.766,45.6336],[13.766,45.6305],[13.7627,45.6295],[13.7584,45.6283],[13.7561,45.6292],[13.7549,45.6312],[13.7592,45.6324],[13.7615,45.6331],[13.7627,45.6346],[13.7584,45.6364],[13.7555,45.6362],[13.7495,45.6356],[13.7504,45.6372],[13.7536,45.6375],[13.7497,45.6396],[13.747,45.6394],[13.7442,45.6391],[13.7479,45.6413],[13.7487,45.644],[13.7505,45.6457],[13.755,45.6494],[13.7558,45.6468],[13.7578,45.6458],[13.7601,45.6462],[13.7681,45.6518],[13.7686,45.654],[13.7668,45.6573],[13.7649,45.6603],[13.7625,45.6596],[13.7603,45.6634],[13.7585,45.6685],[13.7562,45.6728],[13.754,45.6781],[13.7533,45.6804],[13.7481,45.6849],[13.7427,45.6893],[13.7375,45.6934],[13.7349,45.6953],[13.7332,45.6963],[13.7227,45.7006],[13.7205,45.7011],[13.7152,45.7016],[13.712,45.7023],[13.7114,45.7043],[13.7133,45.7063],[13.7132,45.7088],[13.7118,45.7105],[13.6963,45.7209],[13.6916,45.7256],[13.677,45.737],[13.6722,45.7396],[13.6684,45.7416],[13.6646,45.7436],[13.6603,45.7464],[13.6585,45.7484],[13.6545,45.7509],[13.6486,45.7544],[13.6449,45.7561],[13.643,45.757],[13.6394,45.7598],[13.6339,45.766],[13.632,45.7682],[13.6258,45.7695],[13.6139,45.7715],[13.611,45.7718],[13.6076,45.7721],[13.6051,45.7719],[13.6029,45.7716],[13.5996,45.7725],[13.5907,45.7755],[13.5813,45.7805],[13.5798,45.7778],[13.5801,45.7754],[13.5619,45.7784],[13.557,45.7824],[13.5517,45.7885],[13.5501,45.7904],[13.5477,45.7932],[13.5451,45.7966],[13.5428,45.7993],[13.5412,45.8009],[13.5391,45.8022],[13.5335,45.8047],[13.5348,45.8034],[13.537,45.8028],[13.5389,45.8018],[13.5419,45.7988],[13.5446,45.7958],[13.5481,45.7902],[13.5463,45.7892],[13.5448,45.7905],[13.5428,45.7923],[13.5322,45.7902],[13.5306,45.7888],[13.5328,45.785],[13.536,45.7835],[13.5376,45.7822],[13.5398,45.7826],[13.5406,45.7858],[13.5463,45.7871],[13.5397,45.7817],[13.5373,45.7803],[13.5327,45.777],[13.5315,45.7755],[13.528,45.7719],[13.5262,45.7712],[13.5215,45.7645],[13.5207,45.762],[13.5207,45.7571],[13.5258,45.748],[13.5217,45.7463],[13.5195,45.7459],[13.5173,45.745],[13.5206,45.7407],[13.526,45.7369],[13.5298,45.7371],[13.5345,45.7363],[13.5491,45.731],[13.5533,45.7295],[13.5546,45.7281],[13.5539,45.726],[13.5528,45.7241],[13.5505,45.7232],[13.5421,45.7235],[13.5321,45.7237],[13.5226,45.7202],[13.5175,45.7181],[13.5135,45.7163],[13.5112,45.7147],[13.5076,45.7127],[13.5047,45.7114],[13.4874,45.7047],[13.4775,45.704],[13.4726,45.7042],[13.4705,45.7061],[13.4693,45.7077],[13.4677,45.709],[13.4652,45.7104],[13.4627,45.7111],[13.4623,45.7083],[13.4652,45.7068],[13.4681,45.7046],[13.4602,45.6941],[13.4583,45.6926],[13.4542,45.6899],[13.4514,45.6898],[13.4439,45.6872],[13.4335,45.6822],[13.4243,45.6772],[13.4099,45.6775],[13.4027,45.677],[13.3908,45.6757],[13.3736,45.68],[13.3678,45.683],[13.3592,45.6821],[13.3577,45.6806],[13.354,45.6791],[13.3512,45.679],[13.3489,45.6793],[13.3465,45.6797],[13.3438,45.6804],[13.3268,45.6861],[13.3229,45.6875],[13.3051,45.6954],[13.3018,45.6972],[13.3006,45.6985],[13.2963,45.7013],[13.2916,45.7041],[13.2825,45.7048],[13.27,45.7064],[13.2673,45.7068],[13.2625,45.7075],[13.2541,45.7106],[13.2527,45.7142],[13.2458,45.7195],[13.2423,45.7171],[13.2401,45.7164],[13.2348,45.715],[13.209,45.7129],[13.1858,45.7112],[13.1784,45.7072],[13.171,45.7031],[13.1676,45.7025],[13.1636,45.7026],[13.1567,45.7027],[13.1488,45.6988],[13.1524,45.6981],[13.1534,45.6965],[13.1521,45.6935],[13.1505,45.6916],[13.149,45.6902],[13.1447,45.6869],[13.143,45.6857],[13.1389,45.6832],[13.1343,45.6803],[13.1304,45.678],[13.1255,45.675],[13.1233,45.6736],[13.1181,45.6701],[13.1121,45.6655],[13.1105,45.6642],[13.1093,45.6629],[13.1068,45.6593],[13.1056,45.6572],[13.1048,45.6555],[13.1037,45.653],[13.1023,45.6491],[13.1014,45.6457],[13.101,45.6435],[13.0985,45.6446],[13.0871,45.6512],[13.0844,45.6559],[13.0831,45.6581],[13.0811,45.6588],[13.0786,45.6592],[13.0756,45.6593],[13.0715,45.6581],[13.0696,45.6572],[13.067,45.656],[13.0646,45.6557],[13.063,45.6573],[13.062,45.6595],[13.0618,45.6625],[13.0626,45.665],[13.0669,45.6709],[13.0653,45.6756],[13.0635,45.6784],[13.0614,45.6795],[13.0589,45.6795],[13.0569,45.6783],[13.0553,45.6774],[13.0529,45.6784],[13.0454,45.6836],[13.0436,45.6855],[13.0443,45.6876],[13.0475,45.6872],[13.0496,45.6878],[13.0512,45.6896],[13.0524,45.6918],[13.0531,45.6936],[13.0523,45.6964],[13.0498,45.697],[13.0478,45.6963],[13.0468,45.6939],[13.038,45.6986],[13.0364,45.7002],[13.0381,45.7012],[13.0406,45.706],[13.0381,45.7142],[13.0302,45.7253],[13.029,45.7351],[13.0276,45.7369],[13.0254,45.7363],[13.0237,45.7354],[13.02,45.7331],[13.0171,45.7311],[13.0161,45.7293],[13.0163,45.727],[13.015,45.7245],[13.0132,45.7236],[13.011,45.7239],[13.0088,45.7246],[13.0077,45.7261],[13.0076,45.7289],[13.009,45.7323],[13.0118,45.7336],[13.0147,45.7348],[13.0161,45.7359],[13.0157,45.7413],[13.0143,45.7426],[13.0119,45.7432],[13.0087,45.744],[13.0067,45.7448],[13.0051,45.7458],[13.0025,45.7475],[13.0012,45.7493],[13.0067,45.7606],[13.01,45.7606],[13.0118,45.7618],[13.0107,45.7641],[13.009,45.7651],[13.0061,45.7659],[13.0035,45.7663],[13.0006,45.7672],[12.9985,45.7687],[12.9847,45.7814],[12.9812,45.7869],[12.9813,45.7929],[12.9892,45.7958],[12.9908,45.7967],[12.9917,45.7989],[12.9906,45.8008],[12.988,45.801],[12.9871,45.7991],[12.9864,45.7964],[12.9837,45.7954],[12.9814,45.796],[12.9745,45.8056],[12.9779,45.8137],[12.9799,45.8148],[12.9835,45.8149],[12.9844,45.8127],[12.9852,45.8105],[12.9873,45.8089],[12.9901,45.8092],[12.9916,45.8103],[12.993,45.8128],[12.9921,45.8157],[12.9905,45.8166],[12.9883,45.8177],[12.9852,45.8187],[12.9819,45.8187],[12.9782,45.8241],[12.9821,45.8273],[12.9778,45.827],[12.9771,45.8249],[12.9755,45.8234],[12.9736,45.8241],[12.9711,45.828],[12.979,45.834],[12.9697,45.8357],[12.9672,45.836],[12.9664,45.8382],[12.9663,45.8411],[12.9649,45.8431],[12.963,45.8454],[12.9614,45.8469],[12.9578,45.8474],[12.9548,45.8462],[12.9514,45.843],[12.9509,45.8349],[12.951,45.8292],[12.9521,45.8222],[12.9419,45.8203],[12.9295,45.8174],[12.9274,45.8202],[12.9252,45.8233],[12.9242,45.8258],[12.9214,45.8305],[12.9194,45.8298],[12.915,45.8246],[12.9111,45.8261],[12.9008,45.8245],[12.8999,45.8227],[12.8933,45.8197],[12.8901,45.8205],[12.8754,45.8297],[12.8723,45.8326],[12.8697,45.8338],[12.8772,45.8432],[12.8763,45.8457],[12.8759,45.8481],[12.875,45.8503],[12.8612,45.8508],[12.8542,45.8499],[12.8369,45.8475],[12.8372,45.8413],[12.8339,45.8383],[12.8288,45.8355],[12.8251,45.8356],[12.8235,45.8368],[12.8189,45.8337],[12.8188,45.8288],[12.8188,45.8253],[12.8094,45.8204],[12.8019,45.8229],[12.7999,45.8257],[12.7986,45.8324],[12.8,45.8339],[12.8041,45.8419],[12.8043,45.8446],[12.801,45.8457],[12.7969,45.846],[12.7886,45.8493],[12.7818,45.854],[12.7772,45.8538],[12.775,45.8531],[12.7695,45.8505],[12.7661,45.8475],[12.7687,45.8453],[12.7655,45.8428],[12.759,45.8393],[12.7574,45.8381],[12.7548,45.8358],[12.7519,45.833],[12.7496,45.8306],[12.7472,45.8289],[12.7438,45.8271],[12.7411,45.8278],[12.7389,45.8294],[12.7372,45.8307],[12.73,45.8373],[12.7193,45.8275],[12.7181,45.8259],[12.715,45.823],[12.7125,45.8208],[12.7083,45.8177],[12.7057,45.8169],[12.7035,45.8162],[12.6952,45.8067],[12.6885,45.8027],[12.6844,45.8006],[12.6799,45.796],[12.6755,45.7927],[12.6738,45.7919],[12.6706,45.7909],[12.6617,45.7924],[12.6606,45.7949],[12.6583,45.7968],[12.6503,45.8037],[12.654,45.8068],[12.654,45.8095],[12.6482,45.8122],[12.6377,45.8183],[12.633,45.8229],[12.6322,45.8293],[12.6295,45.8302],[12.6268,45.8303],[12.6249,45.8296],[12.6229,45.8282],[12.6159,45.8295],[12.6127,45.8312],[12.6084,45.8346],[12.6064,45.8374],[12.5993,45.8346],[12.5944,45.8308],[12.5954,45.827],[12.5974,45.8221],[12.5928,45.8203],[12.5945,45.8182],[12.5957,45.8168],[12.5942,45.8153],[12.5893,45.815],[12.5837,45.8202],[12.5828,45.8218],[12.582,45.8242],[12.5729,45.8244],[12.5688,45.8271],[12.5681,45.829],[12.5668,45.8309],[12.5645,45.8319],[12.5652,45.8299],[12.5625,45.8263],[12.5601,45.8257],[12.5541,45.8294],[12.5523,45.8362],[12.5499,45.8395],[12.5529,45.8395],[12.5583,45.8436],[12.5591,45.846],[12.5524,45.856],[12.5496,45.8607],[12.5347,45.862],[12.5311,45.8631],[12.5296,45.8643],[12.5323,45.8675],[12.5353,45.8683],[12.5363,45.8713],[12.5323,45.8819],[12.5305,45.8844],[12.5277,45.8848],[12.5234,45.8864],[12.5164,45.89],[12.507,45.8978],[12.5098,45.8987],[12.5127,45.8983],[12.5181,45.8999],[12.5224,45.9025],[12.5165,45.9039],[12.514,45.9055],[12.5086,45.9104],[12.5056,45.9161],[12.5067,45.9187],[12.5069,45.9219],[12.5052,45.9234],[12.5032,45.9243],[12.5011,45.9251],[12.4989,45.9255],[12.4958,45.9254],[12.4915,45.9259],[12.4863,45.9258],[12.4827,45.9257],[12.479,45.927],[12.4747,45.9285],[12.4631,45.9345],[12.4566,45.9423],[12.4557,45.9461],[12.4535,45.9473],[12.4424,45.9469],[12.4381,45.9457],[12.4348,45.9453],[12.4322,45.9455],[12.428,45.9465],[12.4258,45.9474],[12.4223,45.956],[12.4241,45.9628],[12.4264,45.9753],[12.428,45.9877],[12.4284,45.9933],[12.4282,45.9958],[12.426,45.9969],[12.4242,45.9982],[12.4237,46.0008],[12.422,46.0038],[12.4178,46.014],[12.4149,46.02],[12.4164,46.0219],[12.4153,46.0269],[12.4104,46.0323],[12.4089,46.0338],[12.4072,46.0347],[12.4041,46.0367],[12.4021,46.0383],[12.4003,46.04],[12.399,46.0414],[12.4018,46.0419],[12.4044,46.0425],[12.4053,46.0448],[12.4066,46.0513],[12.4099,46.0591],[12.4141,46.0591],[12.4172,46.0605],[12.4207,46.064],[12.4223,46.0657],[12.4241,46.0682],[12.4256,46.0712],[12.4268,46.0742],[12.4278,46.0763],[12.4375,46.0848],[12.4421,46.0842],[12.4479,46.0861],[12.4547,46.0887],[12.4648,46.0928],[12.4709,46.0953],[12.4834,46.1034],[12.4847,46.105],[12.489,46.1144],[12.4912,46.1164],[12.4939,46.1206],[12.493,46.1229],[12.4919,46.1251],[12.4932,46.1275],[12.4951,46.1291],[12.4972,46.1298],[12.497,46.1329],[12.4983,46.1357],[12.4988,46.1377],[12.4971,46.1398],[12.4961,46.1414],[12.4943,46.1483],[12.4952,46.1502],[12.4958,46.1522],[12.494,46.1544],[12.4915,46.1569],[12.4785,46.1618],[12.4703,46.1647],[12.4658,46.1654],[12.4569,46.1706],[12.4473,46.1796],[12.448,46.1825],[12.4472,46.1884],[12.4444,46.1944],[12.443,46.1961],[12.4423,46.1987],[12.4445,46.2064],[12.4465,46.2078],[12.4415,46.2084],[12.4306,46.2094],[12.4272,46.2093],[12.4184,46.2083],[12.4073,46.207],[12.4003,46.2113],[12.4029,46.216],[12.4042,46.2175],[12.4066,46.2181],[12.4083,46.2195],[12.4087,46.2223],[12.4057,46.2256],[12.4038,46.2275],[12.4017,46.229],[12.3906,46.2281],[12.3838,46.2256],[12.3787,46.2236],[12.3764,46.2229],[12.3733,46.2237],[12.3689,46.2277],[12.3657,46.2293],[12.3631,46.2291],[12.36,46.229],[12.3569,46.2311],[12.3549,46.2332],[12.3519,46.2361],[12.347,46.239],[12.3437,46.2403],[12.34,46.2402],[12.3383,46.239],[12.336,46.2416],[12.335,46.2432],[12.3331,46.247],[12.3278,46.2539],[12.3253,46.2541],[12.3212,46.2645],[12.3209,46.2689],[12.3227,46.2731],[12.3239,46.2749],[12.3291,46.2821],[12.3326,46.2843],[12.345,46.2915],[12.3481,46.2924],[12.3508,46.2938],[12.3528,46.3008],[12.3546,46.3086],[12.3553,46.3166],[12.3547,46.3197],[12.3643,46.3254],[12.3714,46.3261],[12.375,46.3299],[12.3768,46.331],[12.3791,46.3318],[12.3817,46.3306],[12.3843,46.329],[12.3878,46.3292],[12.3981,46.3285],[12.4007,46.3289],[12.4029,46.3294],[12.4115,46.3308],[12.4183,46.3389],[12.4212,46.3426],[12.4207,46.3464],[12.4192,46.3526],[12.4174,46.3549],[12.4242,46.3529],[12.4269,46.3521],[12.4405,46.3586],[12.4492,46.3603],[12.4629,46.3693],[12.461,46.379],[12.4586,46.3829],[12.4571,46.3846],[12.4563,46.3865],[12.455,46.3917],[12.4569,46.391],[12.4642,46.3884],[12.4693,46.3901],[12.4772,46.3978],[12.4785,46.3996],[12.482,46.4033],[12.4894,46.4087],[12.4911,46.4098],[12.494,46.4114],[12.4987,46.4122],[12.4949,46.4175],[12.4927,46.4237],[12.4939,46.4261],[12.4964,46.4285],[12.4989,46.4325],[12.502,46.4375],[12.5034,46.4389],[12.5059,46.441],[12.5138,46.446],[12.5189,46.4474],[12.5279,46.4531],[12.5273,46.4557],[12.527,46.4584],[12.5302,46.4645],[12.5368,46.4597],[12.5417,46.4589],[12.5476,46.4636],[12.5564,46.4691],[12.5602,46.4711],[12.57,46.4755],[12.5761,46.4734],[12.5796,46.4737],[12.5863,46.4732],[12.5929,46.4714],[12.5948,46.4708],[12.5997,46.4674],[12.6023,46.4656],[12.6047,46.4646],[12.6075,46.4652],[12.6087,46.4667],[12.6168,46.4737],[12.6197,46.4751],[12.6333,46.4744],[12.6369,46.4737],[12.6424,46.4723],[12.6439,46.4712],[12.6449,46.4696],[12.649,46.4666],[12.6548,46.4655],[12.6588,46.466],[12.6624,46.468],[12.6569,46.4812],[12.6541,46.4844],[12.6521,46.4851],[12.6437,46.4895],[12.63,46.5007],[12.6309,46.5034],[12.6316,46.5069],[12.6306,46.5122],[12.6296,46.5154],[12.6253,46.5197],[12.6215,46.5265],[12.6199,46.5347],[12.6192,46.54],[12.6202,46.5436],[12.6236,46.5509],[12.6287,46.5606],[12.6344,46.5688],[12.637,46.5726],[12.6439,46.5761],[12.646,46.5752],[12.6568,46.5725],[12.6594,46.5767],[12.6636,46.5813],[12.6686,46.5828],[12.6746,46.5852],[12.676,46.5866],[12.68,46.5911],[12.6825,46.5943],[12.6835,46.5961],[12.6875,46.5999],[12.6902,46.6006],[12.6982,46.6015],[12.7054,46.602],[12.708,46.602],[12.7072,46.6095],[12.7066,46.6124],[12.7054,46.6163],[12.7047,46.6184],[12.7062,46.6208],[12.7088,46.6235],[12.7102,46.6247],[12.7128,46.6262],[12.7166,46.6276],[12.7209,46.629],[12.7252,46.6302],[12.732,46.6338],[12.7453,46.6397],[12.747,46.6425],[12.7507,46.6451],[12.7565,46.6472],[12.7597,46.6476],[12.7633,46.6476],[12.7655,46.6467],[12.7746,46.6468],[12.777,46.6464],[12.7828,46.6454],[12.795,46.6425],[12.7957,46.6406],[12.7966,46.6389],[12.8014,46.6348],[12.8094,46.6312],[12.819,46.6282],[12.8258,46.6296],[12.8286,46.6308],[12.8373,46.6274],[12.8354,46.6234],[12.834,46.6209],[12.8336,46.6166],[12.8335,46.6119],[12.8354,46.6094],[12.8378,46.6082],[12.8427,46.6068],[12.847,46.6058],[12.852,46.6051],[12.855,46.6051],[12.8573,46.6054],[12.8605,46.6067],[12.8698,46.6086],[12.8743,46.6084],[12.8802,46.6079],[12.8883,46.6069],[12.8947,46.6086],[12.9052,46.6078],[12.9194,46.6089],[12.9222,46.6091],[12.9244,46.6094],[12.9287,46.6103],[12.9337,46.6089],[12.9367,46.6074],[12.9385,46.6064],[12.941,46.605],[12.9454,46.6035],[12.9489,46.6026],[12.9523,46.6041],[12.9548,46.6055],[12.9566,46.6063],[12.968,46.6036],[12.9766,46.6017],[12.9864,46.5997],[12.9915,46.5996],[12.9929,46.601],[12.9991,46.6023],[13.0019,46.6021],[13.0131,46.601],[13.0169,46.6018],[13.0214,46.6021],[13.0232,46.6014],[13.0275,46.5983],[13.0365,46.5965],[13.0459,46.5954],[13.049,46.5956],[13.0566,46.5975],[13.0618,46.5979],[13.0658,46.5992],[13.0835,46.6018],[13.0858,46.6015],[13.0904,46.6007],[13.0926,46.6001],[13.0941,46.5989],[13.0974,46.5972],[13.1021,46.5956],[13.1064,46.5944],[13.1094,46.5958],[13.1175,46.5942],[13.1212,46.5924],[13.1234,46.5915],[13.1533,46.5887],[13.166,46.5891],[13.1684,46.5888],[13.1692,46.586],[13.1788,46.5783],[13.1934,46.5726],[13.1969,46.5716],[13.2018,46.5719],[13.2077,46.5704],[13.209,46.5691],[13.2127,46.5695],[13.2148,46.5701],[13.218,46.5703],[13.2268,46.5639],[13.2322,46.5593],[13.2329,46.5559],[13.2325,46.5536],[13.2374,46.5532],[13.2426,46.5561],[13.2497,46.5594],[13.2527,46.5606],[13.2696,46.5613],[13.2725,46.5611],[13.2897,46.5598],[13.3011,46.5583],[13.3044,46.5564],[13.3066,46.5552],[13.3095,46.5539],[13.3121,46.5533],[13.3149,46.5527],[13.3202,46.5529],[13.3245,46.555],[13.3326,46.5603],[13.3366,46.5637],[13.3444,46.5699],[13.3575,46.569],[13.3639,46.5701],[13.3708,46.5673],[13.3706,46.5705],[13.3697,46.5722],[13.3685,46.5738],[13.372,46.5783],[13.3763,46.5787],[13.3806,46.5773],[13.3859,46.577],[13.3907,46.5762],[13.4088,46.571],[13.4078,46.568],[13.4073,46.5655],[13.407,46.5627],[13.4104,46.5611],[13.4254,46.5579],[13.4406,46.5577],[13.451,46.5589],[13.4734,46.5573],[13.487,46.562],[13.4987,46.5657],[13.5041,46.5661],[13.5063,46.5623],[13.5073,46.5594],[13.5124,46.551],[13.5138,46.5494],[13.5154,46.5483],[13.5182,46.5473],[13.544,46.5535],[13.5494,46.553],[13.561,46.5518],[13.5635,46.5513],[13.5681,46.5469],[13.5698,46.5418],[13.5688,46.5396],[13.5721,46.5386],[13.5753,46.5382],[13.5835,46.54],[13.5842,46.5422],[13.5861,46.544],[13.592,46.5462],[13.597,46.5458],[13.6212,46.5424],[13.6272,46.5415],[13.6295,46.5403],[13.6313,46.5389],[13.6394,46.5356],[13.6586,46.5287],[13.6768,46.5233],[13.6833,46.522],[13.6905,46.5213],[13.7064,46.521],[13.7103,46.5213],[13.7119,46.5223],[13.7139,46.5231],[13.7168,46.5148],[13.7168,46.5073],[13.7151,46.5058],[13.7125,46.5053],[13.7099,46.5045],[13.7055,46.5025],[13.7035,46.5013],[13.7027,46.4994],[13.7043,46.4912],[13.7063,46.4837],[13.7097,46.4816],[13.7085,46.4797],[13.7067,46.478],[13.6987,46.4712],[13.6955,46.4686],[13.696,46.463],[13.6979,46.4594],[13.6987,46.457],[13.6937,46.444],[13.691,46.4416],[13.6896,46.4405],[13.6842,46.4374],[13.6541,46.4423],[13.6495,46.4457],[13.6365,46.4437],[13.6186,46.4407],[13.6,46.4383],[13.598,46.4392],[13.5922,46.4364],[13.5799,46.4275],[13.5783,46.4216],[13.5767,46.4145],[13.5753,46.4089],[13.5722,46.4047],[13.5695,46.4017],[13.5681,46.4002],[13.5654,46.3982],[13.5635,46.399],[13.5596,46.3988],[13.5562,46.3966],[13.5501,46.3926],[13.5386,46.3864],[13.5362,46.3858],[13.5211,46.3842],[13.5169,46.383]]],[[[13.5362,45.7843],[13.5362,45.7843],[13.5361,45.7843],[13.5362,45.7843],[13.5363,45.7843],[13.5362,45.7843]]],[[[13.7754,45.6107],[13.7754,45.6107],[13.7753,45.6106],[13.7753,45.6106],[13.7753,45.6106],[13.7752,45.6106],[13.7752,45.6107],[13.7752,45.6107],[13.7753,45.6107],[13.7753,45.6107],[13.7754,45.6107]]],[[[13.7754,45.6107],[13.7754,45.6107],[13.7758,45.6108],[13.7759,45.6108],[13.7758,45.6108],[13.7754,45.6107]]],[[[13.7765,45.611],[13.7765,45.611],[13.7765,45.611],[13.7765,45.611],[13.7765,45.611]]],[[[13.777,45.6112],[13.7771,45.6111],[13.7771,45.611],[13.777,45.611],[13.777,45.6111],[13.777,45.6112]]],[[[13.7774,45.6111],[13.7774,45.6111],[13.7773,45.6112],[13.7773,45.6112],[13.7773,45.6112],[13.7774,45.6112],[13.7774,45.6111]]],[[[13.777,45.6112],[13.7769,45.6112],[13.7769,45.6113],[13.777,45.6113],[13.777,45.6112],[13.777,45.6112]]],[[[13.778,45.6113],[13.7779,45.6113],[13.7779,45.6113],[13.7779,45.6113],[13.778,45.6113],[13.778,45.6113]]],[[[13.7773,45.6113],[13.7773,45.6113],[13.7772,45.6113],[13.7772,45.6114],[13.7772,45.6114],[13.7773,45.6113]]],[[[13.7783,45.6114],[13.7782,45.6114],[13.7782,45.6114],[13.7782,45.6114],[13.7783,45.6114]]],[[[13.7715,45.612],[13.7715,45.612],[13.7715,45.612],[13.7715,45.612],[13.7715,45.612]]],[[[13.7797,45.6119],[13.7797,45.6119],[13.7797,45.6118],[13.7797,45.6118],[13.7797,45.6119],[13.7797,45.6119]]],[[[13.7732,45.6123],[13.7731,45.6123],[13.7731,45.6123],[13.7732,45.6123]]],[[[13.7715,45.612],[13.7718,45.6121],[13.7721,45.6122],[13.7726,45.6123],[13.7727,45.6124],[13.7727,45.6123],[13.7727,45.6123],[13.772,45.6121],[13.7715,45.612]]],[[[13.7804,45.6121],[13.7806,45.6119],[13.7806,45.6118],[13.7806,45.6118],[13.7806,45.6118],[13.7804,45.6121]]],[[[13.7733,45.6124],[13.7732,45.6123],[13.7732,45.6125],[13.7733,45.6124],[13.7733,45.6124]]],[[[13.7735,45.6126],[13.7735,45.6125],[13.7735,45.6125],[13.7736,45.6125],[13.7735,45.6124],[13.7735,45.6125],[13.7735,45.6126]]],[[[13.7731,45.6126],[13.7732,45.6125],[13.7731,45.6126],[13.7731,45.6126],[13.7731,45.6126],[13.7732,45.6126],[13.7731,45.6126]]],[[[13.7742,45.6126],[13.7741,45.6126],[13.7741,45.6126],[13.7742,45.6126],[13.7742,45.6126]]],[[[13.7735,45.6126],[13.7734,45.6126],[13.7734,45.6126],[13.7734,45.6127],[13.7734,45.6127],[13.7734,45.6127],[13.7735,45.6126]]],[[[13.7745,45.6127],[13.7744,45.6127],[13.7744,45.6127],[13.7744,45.6127],[13.7745,45.6127],[13.7745,45.6127]]],[[[13.7803,45.6125],[13.7803,45.6125],[13.7802,45.6125],[13.7802,45.6125],[13.7803,45.6125]]],[[[13.7746,45.6127],[13.7746,45.6127],[13.7745,45.6127],[13.7746,45.6128],[13.7746,45.6127]]],[[[13.774,45.6128],[13.774,45.6128],[13.774,45.6129],[13.774,45.6129],[13.774,45.6128],[13.774,45.6128]]],[[[13.7743,45.6129],[13.7743,45.6129],[13.7742,45.6129],[13.7744,45.613],[13.7743,45.6129]]],[[[13.7768,45.6135],[13.7769,45.6133],[13.777,45.6132],[13.777,45.6132],[13.7769,45.6132],[13.7768,45.6135]]],[[[13.7832,45.6134],[13.7831,45.6134],[13.7832,45.6135],[13.7833,45.6135],[13.7836,45.6136],[13.7835,45.6135],[13.7833,45.6135],[13.7832,45.6134]]],[[[13.7767,45.6136],[13.7766,45.6137],[13.7765,45.6139],[13.7765,45.6139],[13.7766,45.6139],[13.7767,45.6137],[13.7767,45.6136]]],[[[13.7388,45.6172],[13.7371,45.6241],[13.7354,45.6314],[13.7366,45.6268],[13.7373,45.6241],[13.7388,45.6172]]],[[[13.7379,45.6328],[13.7378,45.6328],[13.7368,45.6372],[13.7369,45.6372],[13.7379,45.6328]]],[[[13.7393,45.6386],[13.7392,45.6386],[13.7381,45.643],[13.7382,45.643],[13.7393,45.6386]]],[[[13.7611,45.6485],[13.7614,45.6482],[13.761,45.6485],[13.7603,45.649],[13.7611,45.6485]]],[[[13.7611,45.6485],[13.7614,45.6487],[13.7609,45.6491],[13.7607,45.6493],[13.761,45.6491],[13.7614,45.6487],[13.7618,45.6484],[13.7614,45.6487],[13.7611,45.6485]]],[[[13.762,45.6566],[13.7609,45.6581],[13.7583,45.6625],[13.7569,45.6641],[13.762,45.6566]]],[[[13.723,45.7002],[13.7229,45.7002],[13.7229,45.7002],[13.7227,45.7003],[13.7227,45.7003],[13.7225,45.7004],[13.7224,45.7005],[13.7223,45.7005],[13.7224,45.7005],[13.7225,45.7005],[13.7229,45.7002],[13.723,45.7002]]],[[[13.7201,45.701],[13.7201,45.7009],[13.7201,45.7009],[13.7201,45.7009],[13.72,45.7009],[13.72,45.7009],[13.7201,45.701],[13.7201,45.701]]],[[[13.7113,45.7108],[13.7111,45.7108],[13.7112,45.7108],[13.7113,45.7108]]],[[[13.7064,45.714],[13.7064,45.714],[13.7064,45.714],[13.7064,45.714],[13.7064,45.714]]],[[[13.6963,45.7209],[13.6963,45.7209],[13.6963,45.7209],[13.6963,45.7209]]],[[[13.6722,45.7394],[13.6722,45.7394],[13.6721,45.7394],[13.6721,45.7394],[13.6721,45.7394],[13.6722,45.7394]]]]},"properties":{"name":"Friuli-Venezia Giulia"}},{"type":"Feature","geometry":{"type":"MultiPolygon","coordinates":[[[[7.5517,43.8943],[7.5626,43.9007],[7.5622,43.9056],[7.5597,43.9166],[7.5673,43.9238],[7.5719,43.9354],[7.5694,43.9405],[7.5666,43.9429],[7.5688,43.9464],[7.5756,43.9493],[7.5789,43.9499],[7.5818,43.9483],[7.5834,43.9516],[7.5848,43.9535],[7.5878,43.9554],[7.5989,43.9571],[7.6013,43.9574],[7.6085,43.9561],[7.6281,43.963],[7.6313,43.9644],[7.638,43.9698],[7.6415,43.973],[7.6438,43.974],[7.6461,43.9742],[7.6489,43.9739],[7.6516,43.9734],[7.6556,43.9769],[7.6556,43.9813],[7.6553,43.9846],[7.6645,43.9929],[7.6703,43.9982],[7.6627,44.0164],[7.6623,44.0247],[7.6623,44.0275],[7.6661,44.0311],[7.6783,44.0338],[7.6938,44.0401],[7.7028,44.0458],[7.7029,44.0489],[7.7035,44.0516],[7.7059,44.0551],[7.7073,44.0568],[7.7117,44.0604],[7.7137,44.0613],[7.726,44.0602],[7.7282,44.0612],[7.729,44.0643],[7.7297,44.0672],[7.7345,44.0736],[7.7367,44.0755],[7.739,44.0769],[7.7489,44.0796],[7.7545,44.0826],[7.7572,44.0832],[7.7591,44.0839],[7.7571,44.085],[7.7538,44.085],[7.7471,44.0844],[7.7423,44.0837],[7.7337,44.0833],[7.732,44.0843],[7.726,44.0923],[7.7219,44.098],[7.7193,44.1045],[7.72,44.1099],[7.7214,44.1118],[7.7232,44.1152],[7.7231,44.1208],[7.7242,44.1239],[7.7254,44.1255],[7.7279,44.1273],[7.7305,44.1278],[7.733,44.1274],[7.7367,44.1279],[7.7385,44.1289],[7.7431,44.1324],[7.7446,44.1336],[7.746,44.1354],[7.7503,44.1359],[7.7542,44.1376],[7.76,44.1399],[7.762,44.1406],[7.7649,44.1403],[7.7679,44.1405],[7.7751,44.14],[7.7851,44.1357],[7.7895,44.1338],[7.7946,44.1307],[7.8153,44.1232],[7.8311,44.12],[7.8383,44.1194],[7.8434,44.1203],[7.8497,44.1201],[7.8511,44.1188],[7.8564,44.1187],[7.8661,44.1182],[7.8801,44.1134],[7.8823,44.1097],[7.8839,44.1047],[7.8901,44.1059],[7.9061,44.1084],[7.9148,44.1094],[7.918,44.1089],[7.9212,44.1087],[7.9235,44.1093],[7.9253,44.11],[7.9274,44.109],[7.9354,44.101],[7.9372,44.0997],[7.9424,44.1001],[7.9436,44.1015],[7.9461,44.1022],[7.9514,44.1031],[7.9536,44.1026],[7.956,44.1029],[7.958,44.1037],[7.9606,44.1052],[7.9627,44.107],[7.9647,44.1109],[7.9715,44.1131],[7.9769,44.1112],[7.9834,44.1096],[7.9897,44.1086],[8.0034,44.1028],[8.006,44.1024],[8.0102,44.1038],[8.0131,44.1059],[8.0156,44.1107],[8.0115,44.1109],[8.0038,44.1143],[8.0027,44.1166],[8.0051,44.1169],[8.0079,44.1171],[8.0129,44.1197],[8.0114,44.1216],[8.0066,44.1257],[8.0047,44.1264],[7.996,44.1265],[7.9928,44.1271],[7.991,44.1288],[7.9914,44.1314],[7.9885,44.1333],[7.982,44.1336],[7.9789,44.1335],[7.9788,44.1366],[7.9796,44.1385],[7.9827,44.1408],[7.9846,44.1422],[7.989,44.1447],[7.9908,44.1459],[7.9937,44.1475],[8.0031,44.1529],[8.0059,44.1542],[8.0094,44.1556],[8.0118,44.1559],[8.0165,44.1559],[8.0288,44.1541],[8.0329,44.1513],[8.0349,44.1498],[8.0392,44.1467],[8.0413,44.145],[8.0429,44.1428],[8.046,44.1424],[8.0493,44.1426],[8.0527,44.1427],[8.0673,44.1447],[8.0692,44.1456],[8.0712,44.1469],[8.073,44.1488],[8.0743,44.1506],[8.0749,44.1526],[8.0739,44.1556],[8.0733,44.1578],[8.0827,44.1688],[8.0843,44.1701],[8.0907,44.1731],[8.0942,44.1754],[8.0963,44.1776],[8.095,44.1819],[8.0931,44.1921],[8.0955,44.1969],[8.0936,44.1989],[8.0888,44.2025],[8.0857,44.2033],[8.0747,44.2058],[8.0669,44.2146],[8.0656,44.2164],[8.0661,44.2229],[8.0672,44.2252],[8.0687,44.2273],[8.072,44.2294],[8.0774,44.2338],[8.0807,44.2387],[8.0809,44.2412],[8.0716,44.2482],[8.0645,44.2523],[8.0654,44.255],[8.0677,44.2564],[8.0723,44.2589],[8.0745,44.2598],[8.0767,44.2603],[8.0799,44.2613],[8.0855,44.2654],[8.0872,44.2671],[8.0874,44.2696],[8.0883,44.272],[8.0903,44.274],[8.0841,44.2771],[8.082,44.2788],[8.0812,44.2812],[8.0808,44.2835],[8.078,44.2863],[8.076,44.2875],[8.0732,44.2887],[8.0668,44.2885],[8.0636,44.2883],[8.0597,44.3007],[8.071,44.3117],[8.076,44.314],[8.0787,44.3134],[8.0812,44.312],[8.0825,44.3102],[8.0839,44.3072],[8.0856,44.3061],[8.0918,44.3041],[8.0991,44.3016],[8.1014,44.301],[8.1029,44.3061],[8.1049,44.3102],[8.1065,44.3116],[8.1086,44.3137],[8.1088,44.3161],[8.1065,44.3228],[8.1056,44.3251],[8.105,44.3279],[8.1059,44.3316],[8.1078,44.333],[8.1112,44.3333],[8.1249,44.3331],[8.1343,44.3321],[8.136,44.338],[8.1385,44.3421],[8.1417,44.3434],[8.1443,44.3449],[8.1484,44.3531],[8.1483,44.356],[8.1471,44.3586],[8.1451,44.3629],[8.1416,44.3676],[8.1504,44.3753],[8.1495,44.3848],[8.1574,44.3859],[8.1612,44.3858],[8.1632,44.3866],[8.166,44.3886],[8.1691,44.3916],[8.1813,44.3971],[8.1852,44.3957],[8.188,44.396],[8.2035,44.4049],[8.208,44.4103],[8.208,44.4163],[8.2092,44.4183],[8.2135,44.4229],[8.2195,44.4263],[8.2218,44.4296],[8.2214,44.4329],[8.2187,44.4367],[8.2082,44.4473],[8.2103,44.4555],[8.2085,44.4569],[8.2054,44.4586],[8.2017,44.4606],[8.1999,44.4615],[8.1982,44.4625],[8.1964,44.4636],[8.1969,44.4672],[8.1983,44.4689],[8.1975,44.4768],[8.2084,44.479],[8.2185,44.4818],[8.2213,44.4839],[8.2233,44.4856],[8.2167,44.4952],[8.2162,44.4973],[8.217,44.4998],[8.2212,44.5086],[8.2234,44.513],[8.2258,44.5154],[8.2299,44.5167],[8.238,44.5187],[8.2406,44.5201],[8.2424,44.5215],[8.2451,44.5235],[8.2506,44.5273],[8.2521,44.5284],[8.2616,44.5194],[8.2677,44.5146],[8.2706,44.5089],[8.2713,44.5068],[8.2751,44.5066],[8.2843,44.5054],[8.2893,44.5032],[8.2919,44.5026],[8.2976,44.5024],[8.3046,44.5026],[8.3113,44.499],[8.3148,44.4963],[8.316,44.4946],[8.3208,44.4884],[8.3229,44.4878],[8.3272,44.4876],[8.3293,44.4884],[8.3317,44.4887],[8.3344,44.4886],[8.3478,44.4859],[8.3501,44.4848],[8.3567,44.4697],[8.3585,44.4649],[8.3624,44.4658],[8.3654,44.4667],[8.3726,44.4703],[8.3749,44.4744],[8.3861,44.4772],[8.3916,44.4769],[8.3941,44.4791],[8.3938,44.4816],[8.3914,44.4833],[8.3908,44.4877],[8.3925,44.4891],[8.3952,44.4902],[8.3979,44.4911],[8.4004,44.4928],[8.4016,44.4977],[8.4008,44.5024],[8.4039,44.509],[8.4186,44.5133],[8.4203,44.5119],[8.4212,44.5101],[8.426,44.5052],[8.4353,44.5026],[8.444,44.5005],[8.4495,44.4974],[8.4508,44.5004],[8.4519,44.5053],[8.453,44.5098],[8.4588,44.5163],[8.4628,44.5188],[8.4694,44.5218],[8.4737,44.5196],[8.475,44.518],[8.4742,44.5161],[8.474,44.5133],[8.4754,44.5114],[8.4781,44.5106],[8.4831,44.5111],[8.4908,44.5108],[8.4932,44.5107],[8.5005,44.5097],[8.5143,44.5099],[8.5266,44.5112],[8.5322,44.5124],[8.5339,44.5133],[8.5432,44.5122],[8.5463,44.5083],[8.5472,44.5064],[8.5488,44.5044],[8.5518,44.5035],[8.5597,44.5028],[8.5631,44.5062],[8.5762,44.5092],[8.5717,44.5161],[8.5728,44.5214],[8.5738,44.5233],[8.578,44.5257],[8.5794,44.5242],[8.5834,44.5234],[8.5867,44.5242],[8.5897,44.5271],[8.5901,44.5321],[8.5928,44.5352],[8.5958,44.5373],[8.5983,44.5383],[8.6007,44.5389],[8.6034,44.5388],[8.6059,44.5381],[8.6079,44.5396],[8.6092,44.5412],[8.6106,44.5424],[8.6124,44.5433],[8.6135,44.5455],[8.6123,44.5476],[8.6077,44.551],[8.603,44.5531],[8.5998,44.5542],[8.5983,44.5555],[8.6009,44.5678],[8.6046,44.5698],[8.6098,44.5708],[8.6116,44.5696],[8.6129,44.5682],[8.6162,44.5702],[8.6202,44.5767],[8.6192,44.5811],[8.6198,44.5838],[8.6212,44.5849],[8.6239,44.5864],[8.6325,44.5805],[8.6373,44.5805],[8.6468,44.5823],[8.6554,44.5803],[8.6617,44.5792],[8.6668,44.5825],[8.669,44.5816],[8.6769,44.5781],[8.6789,44.5766],[8.6814,44.5749],[8.6854,44.5777],[8.6901,44.582],[8.6961,44.5798],[8.6993,44.5794],[8.7024,44.5802],[8.7051,44.5812],[8.7131,44.5815],[8.7179,44.581],[8.7199,44.5803],[8.722,44.5793],[8.7268,44.5741],[8.7314,44.5708],[8.7393,44.559],[8.7403,44.5568],[8.7382,44.5518],[8.7486,44.5504],[8.7499,44.5489],[8.7509,44.5444],[8.7547,44.538],[8.757,44.5367],[8.7558,44.5306],[8.7534,44.5278],[8.7498,44.5268],[8.7514,44.5249],[8.7535,44.5242],[8.7553,44.5265],[8.7579,44.5293],[8.7605,44.5302],[8.7635,44.5285],[8.7652,44.5275],[8.7666,44.5263],[8.7676,44.5193],[8.7681,44.5154],[8.7688,44.5108],[8.7698,44.5087],[8.7715,44.5078],[8.773,44.506],[8.7736,44.5039],[8.7718,44.4989],[8.7705,44.4973],[8.7669,44.4933],[8.7683,44.4903],[8.7703,44.4895],[8.7825,44.4884],[8.7871,44.4898],[8.7892,44.4964],[8.7928,44.4979],[8.7967,44.5001],[8.7975,44.505],[8.797,44.5087],[8.7957,44.5162],[8.7951,44.5188],[8.7951,44.5219],[8.7991,44.5301],[8.8012,44.5315],[8.8043,44.5334],[8.8064,44.5346],[8.8183,44.5379],[8.8219,44.538],[8.8244,44.5386],[8.8261,44.5401],[8.828,44.542],[8.829,44.5436],[8.8281,44.5456],[8.826,44.547],[8.823,44.5487],[8.8222,44.5512],[8.8232,44.5565],[8.8268,44.5618],[8.8317,44.5619],[8.839,44.5619],[8.8486,44.5611],[8.8556,44.5608],[8.8629,44.5606],[8.864,44.5626],[8.8647,44.5649],[8.8677,44.5663],[8.8749,44.5623],[8.8763,44.5607],[8.8791,44.5564],[8.8843,44.5523],[8.8886,44.5509],[8.8911,44.5506],[8.8949,44.5554],[8.8975,44.555],[8.9007,44.5553],[8.9055,44.5563],[8.909,44.5575],[8.9139,44.5591],[8.9161,44.5602],[8.9212,44.566],[8.9194,44.5719],[8.9156,44.5737],[8.9119,44.58],[8.9116,44.5828],[8.9124,44.5891],[8.9076,44.5955],[8.9067,44.6047],[8.9075,44.6113],[8.9096,44.612],[8.9085,44.6138],[8.9058,44.6151],[8.9048,44.6195],[8.9034,44.6219],[8.9009,44.6232],[8.8927,44.6257],[8.8912,44.6295],[8.8889,44.6308],[8.8862,44.6314],[8.8846,44.6323],[8.8824,44.637],[8.8854,44.6396],[8.892,44.6412],[8.9083,44.6468],[8.9149,44.6542],[8.9192,44.6621],[8.9279,44.6743],[8.9311,44.6761],[8.936,44.6764],[8.939,44.6754],[8.942,44.6748],[8.948,44.6745],[8.9505,44.6746],[8.9523,44.6756],[8.9544,44.6762],[8.9583,44.6763],[8.963,44.6741],[8.9657,44.6721],[8.9665,44.6702],[8.9694,44.6649],[8.9725,44.6633],[8.9839,44.6634],[8.986,44.6641],[8.9897,44.6624],[8.9924,44.6625],[8.9948,44.664],[8.997,44.6656],[8.9992,44.667],[9.006,44.6684],[9.011,44.6674],[9.0132,44.6668],[9.0156,44.6655],[9.0205,44.6615],[9.0217,44.66],[9.0228,44.6578],[9.0232,44.6552],[9.0241,44.6519],[9.0258,44.6498],[9.0275,44.6484],[9.0297,44.6478],[9.0333,44.6474],[9.0315,44.6424],[9.0365,44.6418],[9.0385,44.6412],[9.045,44.6282],[9.045,44.6253],[9.0434,44.6157],[9.0467,44.6141],[9.0479,44.6162],[9.0537,44.6209],[9.058,44.6218],[9.0759,44.6237],[9.0822,44.6205],[9.0841,44.6183],[9.0917,44.6136],[9.1002,44.6112],[9.1032,44.6097],[9.1045,44.6066],[9.1037,44.6038],[9.1026,44.6001],[9.1022,44.5951],[9.1036,44.5911],[9.105,44.5899],[9.1068,44.5887],[9.1083,44.5873],[9.111,44.5825],[9.113,44.5811],[9.1218,44.5803],[9.1281,44.5776],[9.134,44.5749],[9.1377,44.5739],[9.1411,44.5736],[9.1451,44.5738],[9.1481,44.5741],[9.1508,44.5741],[9.154,44.5748],[9.158,44.577],[9.1654,44.5814],[9.1675,44.5831],[9.1691,44.5848],[9.174,44.5874],[9.1835,44.5916],[9.1862,44.5921],[9.1901,44.5921],[9.1933,44.5919],[9.1972,44.5923],[9.2033,44.5958],[9.2046,44.5978],[9.2052,44.6005],[9.205,44.6028],[9.2042,44.6055],[9.2035,44.6077],[9.2032,44.6109],[9.203,44.6135],[9.2045,44.615],[9.2247,44.618],[9.2315,44.6187],[9.2409,44.6195],[9.2448,44.6197],[9.252,44.6159],[9.2544,44.6138],[9.2562,44.6115],[9.2531,44.607],[9.2507,44.6054],[9.2476,44.6033],[9.2461,44.6019],[9.2456,44.5997],[9.2546,44.5989],[9.2722,44.5959],[9.2764,44.5959],[9.2789,44.596],[9.2814,44.5964],[9.2833,44.5973],[9.2847,44.5985],[9.2869,44.6039],[9.2873,44.6074],[9.2898,44.6083],[9.2931,44.6085],[9.2974,44.6067],[9.2991,44.6075],[9.3023,44.6069],[9.3049,44.6051],[9.3073,44.6021],[9.3094,44.5964],[9.3125,44.5969],[9.3278,44.589],[9.332,44.5858],[9.3345,44.5838],[9.3368,44.5814],[9.3385,44.58],[9.3402,44.5787],[9.3422,44.5778],[9.3447,44.5782],[9.3465,44.5793],[9.3497,44.5823],[9.3554,44.5844],[9.3611,44.585],[9.3642,44.5847],[9.3694,44.5831],[9.3716,44.5818],[9.3748,44.5796],[9.3775,44.5781],[9.3811,44.5767],[9.3839,44.5813],[9.3845,44.5839],[9.3888,44.5898],[9.3918,44.5889],[9.3938,44.5878],[9.3983,44.5874],[9.4026,44.5908],[9.4059,44.5976],[9.4056,44.6008],[9.4127,44.5962],[9.4159,44.5965],[9.4186,44.5956],[9.4213,44.5926],[9.4201,44.5868],[9.4189,44.5854],[9.4195,44.58],[9.4231,44.5746],[9.4281,44.5746],[9.4341,44.5702],[9.4381,44.5679],[9.4397,44.567],[9.4627,44.5656],[9.4706,44.5661],[9.4765,44.5652],[9.4841,44.5624],[9.4908,44.5589],[9.4923,44.5574],[9.4911,44.554],[9.4883,44.5484],[9.488,44.5462],[9.4905,44.5432],[9.4949,44.5414],[9.4974,44.5407],[9.4995,44.5389],[9.5009,44.5372],[9.5046,44.53],[9.5022,44.5128],[9.4993,44.5095],[9.4955,44.5031],[9.4946,44.5004],[9.4947,44.4974],[9.4959,44.4865],[9.4963,44.4839],[9.4921,44.481],[9.4868,44.4799],[9.4823,44.4793],[9.48,44.4798],[9.4776,44.4813],[9.4754,44.4823],[9.4712,44.4822],[9.4689,44.4819],[9.4691,44.4792],[9.4697,44.4768],[9.4702,44.4733],[9.4665,44.4659],[9.4611,44.458],[9.4603,44.4561],[9.4596,44.4508],[9.4582,44.4422],[9.4563,44.4412],[9.4536,44.4407],[9.4496,44.4399],[9.4464,44.4388],[9.445,44.4374],[9.4396,44.4301],[9.4388,44.4279],[9.4384,44.4204],[9.4428,44.4166],[9.4501,44.4194],[9.4613,44.4229],[9.4658,44.4245],[9.4681,44.4248],[9.4726,44.4243],[9.4723,44.4219],[9.4722,44.4164],[9.4738,44.4128],[9.4757,44.4111],[9.4773,44.41],[9.4798,44.4097],[9.4813,44.4109],[9.4836,44.4153],[9.482,44.4168],[9.4837,44.4185],[9.4939,44.4239],[9.5097,44.4258],[9.5341,44.4293],[9.5373,44.4283],[9.5384,44.4265],[9.5402,44.4255],[9.5452,44.4261],[9.5512,44.4281],[9.5519,44.4336],[9.5559,44.4368],[9.5592,44.4381],[9.5615,44.4374],[9.564,44.4371],[9.5733,44.4348],[9.5778,44.4336],[9.5827,44.4281],[9.5931,44.4322],[9.5948,44.4336],[9.596,44.435],[9.5982,44.4367],[9.6015,44.4368],[9.6055,44.4357],[9.6065,44.4333],[9.6075,44.4303],[9.6097,44.4281],[9.6119,44.4265],[9.6211,44.4225],[9.6235,44.4216],[9.6288,44.4185],[9.636,44.4139],[9.6439,44.4118],[9.6469,44.4115],[9.6492,44.4121],[9.655,44.4119],[9.663,44.4007],[9.6638,44.3987],[9.6669,44.3848],[9.6713,44.3712],[9.6729,44.3678],[9.675,44.3647],[9.6867,44.3659],[9.6906,44.3653],[9.7063,44.3662],[9.7104,44.364],[9.7175,44.3553],[9.7181,44.3532],[9.7184,44.3507],[9.724,44.3379],[9.7272,44.3317],[9.7295,44.3283],[9.7345,44.3286],[9.7424,44.3271],[9.7531,44.3227],[9.7583,44.3184],[9.7597,44.3167],[9.7615,44.3141],[9.764,44.3094],[9.7643,44.3066],[9.7654,44.3043],[9.7715,44.3009],[9.7838,44.2968],[9.7885,44.2944],[9.8027,44.2853],[9.8057,44.2828],[9.8148,44.2862],[9.8218,44.2813],[9.8296,44.2804],[9.8353,44.2789],[9.8361,44.2765],[9.8394,44.2721],[9.8438,44.2719],[9.8498,44.2711],[9.8527,44.2702],[9.8539,44.2685],[9.8545,44.2636],[9.8563,44.2573],[9.8593,44.2532],[9.8609,44.2517],[9.86,44.2395],[9.859,44.2374],[9.8575,44.2363],[9.857,44.234],[9.8584,44.2325],[9.8606,44.2302],[9.8625,44.2288],[9.8654,44.2279],[9.8677,44.2275],[9.8724,44.2256],[9.8754,44.2239],[9.8699,44.2167],[9.8669,44.2109],[9.8647,44.2064],[9.8614,44.1999],[9.859,44.1951],[9.8576,44.1935],[9.865,44.1807],[9.8701,44.1855],[9.872,44.1914],[9.8744,44.1953],[9.8778,44.1983],[9.8877,44.204],[9.8922,44.2055],[9.8914,44.2075],[9.8949,44.2093],[9.8971,44.2099],[9.9064,44.2101],[9.9081,44.2088],[9.9095,44.2041],[9.9109,44.2024],[9.9145,44.1996],[9.9172,44.1993],[9.9197,44.1999],[9.9223,44.1999],[9.9263,44.1997],[9.934,44.1966],[9.9281,44.1956],[9.9216,44.1902],[9.9106,44.1802],[9.8999,44.1734],[9.8924,44.168],[9.8945,44.1656],[9.8979,44.1636],[9.9027,44.1656],[9.9066,44.1672],[9.9118,44.1683],[9.9201,44.1698],[9.9225,44.1694],[9.9272,44.1668],[9.9296,44.1664],[9.9334,44.1671],[9.9363,44.1679],[9.9396,44.1679],[9.9447,44.168],[9.9479,44.1678],[9.951,44.1668],[9.9527,44.1659],[9.9547,44.1649],[9.9573,44.1659],[9.9591,44.1668],[9.9608,44.1678],[9.9665,44.1694],[9.974,44.1669],[9.9757,44.1641],[9.979,44.161],[9.978,44.1585],[9.9772,44.1561],[9.9765,44.1529],[9.9792,44.1462],[9.9763,44.1395],[9.9833,44.1253],[9.9869,44.1224],[9.9898,44.121],[9.9931,44.1204],[9.995,44.1194],[9.9953,44.1172],[9.9945,44.1084],[9.9941,44.1058],[9.9898,44.1029],[9.9846,44.1016],[9.983,44.1006],[9.9847,44.098],[9.9866,44.0968],[9.9933,44.0927],[9.9959,44.0965],[9.9975,44.099],[9.9985,44.1007],[9.9999,44.1034],[10.0021,44.1077],[10.0038,44.1095],[10.0056,44.1109],[10.0116,44.1153],[10.0179,44.1193],[10.022,44.1196],[10.0245,44.1193],[10.0461,44.1155],[10.0477,44.1139],[10.0504,44.1106],[10.0525,44.1101],[10.056,44.1095],[10.0582,44.1081],[10.0693,44.098],[10.071,44.0937],[10.0662,44.0862],[10.0489,44.0719],[10.0463,44.071],[10.0287,44.0592],[10.0267,44.0566],[10.0188,44.0445],[10.0164,44.0459],[10.0136,44.0473],[10.011,44.0484],[10.006,44.05],[10.0006,44.0512],[9.9954,44.0511],[9.9853,44.0459],[9.9848,44.0428],[9.9818,44.0385],[9.9779,44.0356],[9.9642,44.0373],[9.9559,44.0416],[9.9495,44.0473],[9.9453,44.0505],[9.9433,44.0518],[9.9397,44.0541],[9.9374,44.0548],[9.9318,44.0569],[9.929,44.058],[9.9253,44.0601],[9.9261,44.062],[9.92,44.067],[9.915,44.0684],[9.9092,44.0705],[9.9098,44.075],[9.9096,44.079],[9.9071,44.0812],[9.9025,44.0827],[9.8995,44.0832],[9.8946,44.0829],[9.8918,44.0818],[9.8887,44.081],[9.8812,44.081],[9.8782,44.0836],[9.8787,44.0878],[9.8753,44.0876],[9.873,44.0883],[9.8655,44.0917],[9.864,44.095],[9.8619,44.0985],[9.8551,44.1064],[9.8519,44.1101],[9.8488,44.11],[9.8459,44.1048],[9.8438,44.1093],[9.8352,44.1094],[9.8312,44.1062],[9.829,44.1058],[9.8251,44.1026],[9.8245,44.1006],[9.8257,44.0992],[9.8227,44.0966],[9.8212,44.0955],[9.8184,44.0964],[9.8169,44.0975],[9.8158,44.1012],[9.8155,44.1034],[9.8135,44.1041],[9.8109,44.1018],[9.8156,44.0959],[9.8184,44.0942],[9.8216,44.088],[9.8239,44.0827],[9.8264,44.0833],[9.8268,44.0808],[9.8299,44.0762],[9.8392,44.0657],[9.8446,44.0669],[9.8473,44.0612],[9.8373,44.0531],[9.8326,44.0501],[9.8233,44.0571],[9.8216,44.0584],[9.8164,44.0608],[9.8059,44.0644],[9.8032,44.0641],[9.7973,44.0652],[9.7821,44.0727],[9.768,44.0815],[9.7659,44.0833],[9.7618,44.0831],[9.758,44.087],[9.7589,44.0889],[9.7576,44.0907],[9.7418,44.0917],[9.7385,44.0923],[9.7389,44.0953],[9.7373,44.098],[9.7256,44.1125],[9.7188,44.1172],[9.7167,44.1181],[9.711,44.1193],[9.6924,44.1279],[9.6857,44.1318],[9.6818,44.1343],[9.6761,44.1391],[9.6675,44.143],[9.6646,44.1426],[9.6575,44.1454],[9.6493,44.1454],[9.6441,44.1443],[9.6396,44.1384],[9.6355,44.1335],[9.6314,44.1364],[9.6228,44.1426],[9.6092,44.1566],[9.6077,44.1639],[9.6093,44.1655],[9.6095,44.1685],[9.6071,44.1708],[9.603,44.1726],[9.595,44.1729],[9.5909,44.1734],[9.569,44.1822],[9.5673,44.1834],[9.5675,44.1867],[9.5691,44.1883],[9.5697,44.1908],[9.5658,44.1938],[9.5629,44.1952],[9.5599,44.1959],[9.5529,44.2029],[9.5387,44.2063],[9.5352,44.2067],[9.5293,44.2075],[9.5174,44.2142],[9.5113,44.2167],[9.5014,44.2225],[9.4988,44.2267],[9.4976,44.2287],[9.4975,44.2314],[9.4955,44.2347],[9.4932,44.2364],[9.4882,44.2391],[9.4839,44.2403],[9.4816,44.2406],[9.4793,44.2401],[9.478,44.2386],[9.4766,44.2363],[9.4721,44.2338],[9.469,44.2343],[9.4537,44.2397],[9.4452,44.2388],[9.4395,44.2425],[9.4383,44.2456],[9.4349,44.2512],[9.4327,44.2535],[9.4301,44.255],[9.4236,44.258],[9.421,44.259],[9.4185,44.2596],[9.416,44.2595],[9.4139,44.2588],[9.4084,44.2541],[9.4031,44.2553],[9.3949,44.2694],[9.3939,44.275],[9.3927,44.2778],[9.3907,44.2806],[9.387,44.2835],[9.3818,44.2859],[9.379,44.289],[9.3769,44.2905],[9.3735,44.2924],[9.365,44.2969],[9.3625,44.2981],[9.3555,44.3013],[9.3518,44.3029],[9.3342,44.3099],[9.334,44.3074],[9.3413,44.304],[9.3429,44.303],[9.3338,44.3069],[9.3327,44.3084],[9.3332,44.3113],[9.3288,44.3106],[9.3252,44.3106],[9.3222,44.3106],[9.3177,44.3116],[9.3215,44.3139],[9.3103,44.3199],[9.307,44.3214],[9.3045,44.3224],[9.2873,44.328],[9.2804,44.3298],[9.2736,44.3331],[9.2698,44.3349],[9.2671,44.336],[9.2641,44.3357],[9.2568,44.3374],[9.2457,44.341],[9.2437,44.3421],[9.2388,44.345],[9.2367,44.3466],[9.2353,44.3479],[9.2309,44.3485],[9.2252,44.3412],[9.2258,44.3379],[9.2258,44.3352],[9.2228,44.3348],[9.22,44.3348],[9.217,44.3357],[9.2148,44.3353],[9.2137,44.3336],[9.2127,44.3306],[9.2154,44.3281],[9.2163,44.3256],[9.2165,44.3225],[9.2141,44.3129],[9.2124,44.3106],[9.209,44.3106],[9.2115,44.3083],[9.214,44.3059],[9.2174,44.3008],[9.2189,44.2986],[9.2079,44.3015],[9.2009,44.304],[9.1983,44.3053],[9.1883,44.3089],[9.1823,44.309],[9.1788,44.3089],[9.1765,44.3107],[9.1656,44.3147],[9.158,44.3156],[9.1555,44.3158],[9.1534,44.3165],[9.1504,44.3188],[9.1494,44.3213],[9.1488,44.3246],[9.1506,44.3265],[9.1531,44.3305],[9.1542,44.3332],[9.1551,44.3424],[9.1551,44.347],[9.1543,44.3489],[9.1526,44.35],[9.1497,44.3513],[9.1472,44.3551],[9.1401,44.3611],[9.1358,44.3608],[9.1316,44.3611],[9.1268,44.362],[9.1252,44.3629],[9.1228,44.3645],[9.099,44.3719],[9.0903,44.3716],[9.0871,44.3719],[9.0776,44.3749],[9.0698,44.3779],[9.0659,44.3779],[9.0638,44.3774],[9.0596,44.3786],[9.0584,44.3807],[9.0541,44.3792],[9.0253,44.3826],[9.0092,44.3848],[8.9976,44.3869],[8.9943,44.3878],[8.9916,44.3896],[8.9896,44.3907],[8.9861,44.3916],[8.984,44.392],[8.9787,44.3905],[8.9762,44.3898],[8.974,44.3895],[8.952,44.3913],[8.9497,44.3928],[8.9482,44.3941],[8.9435,44.3953],[8.9366,44.396],[8.9313,44.3964],[8.9273,44.4048],[8.9274,44.4092],[8.9268,44.412],[8.924,44.4142],[8.9197,44.4144],[8.9161,44.4139],[8.9135,44.4132],[8.9104,44.408],[8.9123,44.4053],[8.9154,44.4046],[8.9186,44.4039],[8.9166,44.3986],[8.9066,44.3998],[8.9031,44.4007],[8.9009,44.4013],[8.9004,44.4037],[8.8928,44.4063],[8.887,44.4074],[8.8834,44.4059],[8.8797,44.4052],[8.8714,44.4052],[8.8661,44.4062],[8.8611,44.4072],[8.8568,44.408],[8.8291,44.4135],[8.8235,44.4146],[8.8229,44.4177],[8.8346,44.4154],[8.8397,44.4151],[8.8422,44.4153],[8.8504,44.4183],[8.8524,44.419],[8.8387,44.4232],[8.8358,44.4239],[8.8307,44.4235],[8.8313,44.421],[8.8304,44.4235],[8.8163,44.4246],[8.8002,44.4244],[8.7826,44.4259],[8.7841,44.4243],[8.789,44.4236],[8.7936,44.4229],[8.7972,44.4223],[8.7967,44.4181],[8.7756,44.4204],[8.7693,44.4239],[8.7616,44.4261],[8.7548,44.427],[8.7475,44.4271],[8.7449,44.427],[8.7415,44.4266],[8.7303,44.4213],[8.7133,44.4156],[8.7045,44.4129],[8.6939,44.4088],[8.6916,44.4076],[8.6899,44.4065],[8.6867,44.4035],[8.6856,44.4014],[8.6867,44.3977],[8.6831,44.3951],[8.68,44.3934],[8.6672,44.3905],[8.6622,44.3904],[8.6583,44.3904],[8.6535,44.3903],[8.651,44.3901],[8.6402,44.3865],[8.6386,44.3855],[8.6332,44.3798],[8.6307,44.3793],[8.6288,44.3763],[8.6248,44.3722],[8.6163,44.3689],[8.6018,44.3636],[8.5933,44.3606],[8.5891,44.3604],[8.5822,44.3596],[8.5798,44.3593],[8.5747,44.3583],[8.5725,44.3577],[8.5699,44.3566],[8.567,44.3549],[8.5661,44.3527],[8.5672,44.3505],[8.5703,44.3513],[8.5694,44.3494],[8.565,44.3479],[8.563,44.3463],[8.5514,44.3443],[8.5442,44.3402],[8.5263,44.3314],[8.5093,44.3284],[8.496,44.3207],[8.4902,44.3146],[8.4881,44.3135],[8.4861,44.3112],[8.4849,44.3088],[8.4868,44.3076],[8.4855,44.3089],[8.4878,44.3106],[8.5001,44.3166],[8.4969,44.3101],[8.4931,44.3073],[8.4855,44.3033],[8.4778,44.3002],[8.4754,44.2996],[8.4727,44.299],[8.4707,44.2985],[8.468,44.2976],[8.465,44.2964],[8.4625,44.2953],[8.4593,44.2937],[8.4552,44.291],[8.4511,44.288],[8.4481,44.2854],[8.4461,44.2819],[8.4444,44.2799],[8.4427,44.278],[8.4414,44.2761],[8.4405,44.2742],[8.4404,44.2703],[8.4424,44.2652],[8.4448,44.2636],[8.4502,44.263],[8.4561,44.2603],[8.4554,44.2572],[8.4517,44.2528],[8.445,44.2435],[8.4428,44.2374],[8.4361,44.2367],[8.4313,44.2347],[8.4281,44.233],[8.4239,44.2302],[8.421,44.2278],[8.4182,44.2247],[8.417,44.2232],[8.416,44.2215],[8.4158,44.2187],[8.4158,44.2161],[8.4165,44.2025],[8.4172,44.2004],[8.4206,44.1989],[8.4233,44.1986],[8.4253,44.1971],[8.4248,44.195],[8.4222,44.1926],[8.4198,44.1916],[8.4145,44.1897],[8.4107,44.1879],[8.4083,44.1863],[8.4068,44.1846],[8.3991,44.1811],[8.3908,44.1811],[8.3879,44.181],[8.3847,44.1808],[8.3714,44.1779],[8.3682,44.1745],[8.3451,44.1683],[8.3386,44.166],[8.3373,44.1644],[8.3291,44.1613],[8.323,44.1602],[8.3032,44.156],[8.2985,44.1547],[8.2947,44.1534],[8.292,44.1523],[8.2754,44.1436],[8.2736,44.1425],[8.2703,44.1403],[8.2686,44.1379],[8.2631,44.1292],[8.2616,44.1272],[8.2547,44.121],[8.2526,44.1193],[8.2497,44.117],[8.2375,44.1022],[8.2363,44.1002],[8.2317,44.0923],[8.2292,44.0868],[8.2285,44.0848],[8.2268,44.0804],[8.2264,44.0776],[8.2258,44.0724],[8.2253,44.068],[8.2251,44.0655],[8.2251,44.0624],[8.2253,44.0571],[8.226,44.0501],[8.2261,44.044],[8.2248,44.0427],[8.2228,44.0414],[8.2191,44.0395],[8.2152,44.0377],[8.2083,44.0347],[8.2053,44.032],[8.192,44.0201],[8.1851,44.015],[8.1832,44.0142],[8.1806,44.0126],[8.1788,44.0113],[8.1764,44.0092],[8.1742,44.0071],[8.171,44.0036],[8.1687,44.001],[8.166,43.9973],[8.165,43.9958],[8.164,43.9941],[8.1621,43.9899],[8.1609,43.9871],[8.1597,43.9838],[8.1592,43.9808],[8.1593,43.9758],[8.1599,43.9736],[8.1611,43.9706],[8.171,43.9609],[8.1731,43.9594],[8.1741,43.9572],[8.1737,43.9547],[8.1707,43.9529],[8.1647,43.9521],[8.1618,43.9524],[8.1594,43.9527],[8.1493,43.9507],[8.1421,43.9476],[8.1403,43.9466],[8.136,43.942],[8.1354,43.939],[8.1333,43.9321],[8.1299,43.9285],[8.1283,43.9269],[8.1187,43.925],[8.1113,43.9233],[8.1073,43.9209],[8.0942,43.9169],[8.0917,43.9156],[8.0899,43.9144],[8.0793,43.9053],[8.0781,43.9037],[8.0773,43.9012],[8.0791,43.8984],[8.0791,43.8959],[8.0778,43.8946],[8.0738,43.8918],[8.0715,43.8908],[8.0676,43.8892],[8.0574,43.8879],[8.0525,43.8873],[8.0478,43.8876],[8.0446,43.8876],[8.0417,43.8875],[8.0297,43.8842],[8.022,43.8799],[8.0212,43.8772],[8.0185,43.8741],[8.0162,43.8727],[7.9967,43.867],[7.977,43.8627],[7.9719,43.8611],[7.9701,43.8604],[7.9684,43.8595],[7.9672,43.8569],[7.9664,43.8546],[7.9656,43.8524],[7.9613,43.8507],[7.9583,43.85],[7.9493,43.847],[7.9461,43.8463],[7.932,43.8448],[7.9293,43.8446],[7.9265,43.8445],[7.923,43.8446],[7.9178,43.8436],[7.916,43.8426],[7.9078,43.8373],[7.9008,43.8371],[7.8929,43.8381],[7.8897,43.838],[7.8876,43.8375],[7.8855,43.8368],[7.8833,43.8373],[7.8725,43.8361],[7.8694,43.8353],[7.8609,43.8314],[7.8471,43.8288],[7.8425,43.8265],[7.8408,43.8244],[7.8399,43.8206],[7.8352,43.8173],[7.833,43.8164],[7.8304,43.8162],[7.8267,43.8177],[7.8204,43.8203],[7.8172,43.8214],[7.8145,43.8222],[7.8116,43.8226],[7.8071,43.8232],[7.8036,43.8229],[7.7843,43.8195],[7.7792,43.8161],[7.7672,43.8122],[7.7533,43.8071],[7.7423,43.7992],[7.7408,43.7977],[7.7391,43.7956],[7.7365,43.7955],[7.7285,43.7975],[7.7243,43.7987],[7.7221,43.7994],[7.7155,43.8008],[7.7127,43.8011],[7.7027,43.7991],[7.7,43.7987],[7.6982,43.7978],[7.696,43.7962],[7.6941,43.7936],[7.6931,43.7903],[7.6766,43.7791],[7.6741,43.7766],[7.6649,43.7775],[7.6564,43.7796],[7.6465,43.782],[7.6334,43.7838],[7.631,43.7844],[7.6242,43.7849],[7.6153,43.7863],[7.6098,43.7874],[7.6062,43.7883],[7.5988,43.7903],[7.5896,43.7919],[7.5754,43.7929],[7.5715,43.7926],[7.5693,43.7922],[7.5624,43.7897],[7.5599,43.7886],[7.5571,43.7837],[7.5578,43.7818],[7.5557,43.7798],[7.5296,43.7843],[7.5298,43.7868],[7.5263,43.7939],[7.525,43.7959],[7.5206,43.8007],[7.5109,43.8249],[7.507,43.8375],[7.5069,43.8401],[7.508,43.8415],[7.5061,43.8429],[7.5031,43.8444],[7.5009,43.845],[7.4991,43.8459],[7.497,43.8502],[7.4949,43.8557],[7.4957,43.8609],[7.499,43.8686],[7.5035,43.8752],[7.5152,43.8838],[7.5381,43.8934],[7.5443,43.8939],[7.5468,43.8941],[7.5517,43.8943]]],[[[8.2292,44.0252],[8.2255,44.0235],[8.2241,44.026],[8.2268,44.0267],[8.2286,44.0258],[8.2292,44.0252]]],[[[8.4449,44.2336],[8.4445,44.2335],[8.4444,44.2336],[8.4439,44.2338],[8.4438,44.2338],[8.4438,44.2338],[8.4441,44.2349],[8.4442,44.2352],[8.4444,44.2352],[8.4446,44.2352],[8.4447,44.2352],[8.4449,44.2351],[8.446,44.2346],[8.446,44.2345],[8.446,44.2344],[8.4459,44.2341],[8.4458,44.2339],[8.4456,44.2338],[8.4451,44.2337],[8.4449,44.2336]]],[[[8.4861,44.3083],[8.4857,44.3081],[8.4857,44.3082],[8.4861,44.3083]]],[[[8.884,44.4025],[8.9168,44.3967],[8.9102,44.3974],[8.904,44.3985],[8.8953,44.4001],[8.8813,44.4027],[8.8757,44.4039],[8.884,44.4025]]],[[[8.8698,44.4033],[8.8636,44.4043],[8.8194,44.413],[8.8169,44.4135],[8.8698,44.4033]]],[[[8.8313,44.421],[8.8313,44.421],[8.8314,44.421],[8.8314,44.4209],[8.8313,44.4209],[8.8313,44.4209],[8.8312,44.4209],[8.8313,44.421],[8.8313,44.421]]],[[[8.8293,44.4214],[8.8292,44.4214],[8.8291,44.4218],[8.8291,44.4218],[8.8291,44.4218],[8.8292,44.4218],[8.8292,44.4218],[8.8292,44.4218],[8.8293,44.4214]]],[[[8.8005,44.4165],[8.7951,44.412],[8.7893,44.4128],[8.7697,44.4158],[8.7735,44.4154],[8.7901,44.4129],[8.795,44.4122],[8.7986,44.4151],[8.8011,44.4172],[8.8031,44.4189],[8.8055,44.4207],[8.8081,44.4218],[8.8102,44.4223],[8.8005,44.4165]]],[[[9.7739,44.0773],[9.7738,44.0773],[9.7736,44.0773],[9.7735,44.0774],[9.7735,44.0775],[9.7736,44.0776],[9.7737,44.0776],[9.7738,44.0776],[9.7739,44.0776],[9.774,44.0776],[9.774,44.0775],[9.7739,44.0773]]],[[[9.8259,44.1025],[9.8257,44.1024],[9.8257,44.1024],[9.8259,44.1025],[9.8259,44.1025]]],[[[9.8312,44.1062],[9.8311,44.106],[9.8311,44.1061],[9.8312,44.1062]]],[[[9.8538,44.1063],[9.8537,44.1063],[9.8537,44.1063],[9.8538,44.1063]]],[[[9.8487,44.1096],[9.8488,44.1096],[9.8487,44.1094],[9.8486,44.1095],[9.8487,44.1096],[9.8487,44.1096]]],[[[9.8499,44.1096],[9.8499,44.1094],[9.8498,44.1095],[9.8498,44.1096],[9.8499,44.1096]]],[[[9.85,44.1098],[9.8499,44.1097],[9.8499,44.1097],[9.8499,44.1098],[9.8499,44.1098],[9.8499,44.1099],[9.8499,44.1099],[9.85,44.1098]]],[[[9.8485,44.11],[9.8485,44.1097],[9.8485,44.1097],[9.8485,44.1095],[9.8484,44.1095],[9.8484,44.1097],[9.8485,44.11]]],[[[9.8513,44.0234],[9.8512,44.0233],[9.851,44.0234],[9.8509,44.0234],[9.8505,44.0235],[9.8504,44.0236],[9.8504,44.0238],[9.851,44.0245],[9.8512,44.0246],[9.8513,44.0246],[9.8515,44.0243],[9.8515,44.0241],[9.8515,44.024],[9.8514,44.0238],[9.8514,44.0236],[9.8514,44.0235],[9.8513,44.0234]]],[[[9.8537,44.0257],[9.8491,44.0258],[9.8474,44.029],[9.8509,44.0284],[9.8533,44.0276],[9.8537,44.0257]]],[[[9.8471,44.0335],[9.8449,44.0338],[9.836,44.0429],[9.8332,44.0468],[9.8385,44.0488],[9.8525,44.0509],[9.8553,44.0509],[9.8523,44.0485],[9.8497,44.0405],[9.8473,44.0337],[9.8471,44.0335]]]]},"properties":{"name":"Liguria"}},{"type":"Feature","geometry":{"type":"MultiPolygon","coordinates":[[[[9.3326,44.735],[9.3303,44.7356],[9.3144,44.7447],[9.2993,44.7516],[9.2957,44.7533],[9.2882,44.7574],[9.2865,44.7587],[9.287,44.7725],[9.2948,44.7742],[9.3116,44.7816],[9.3159,44.7835],[9.3176,44.7849],[9.3191,44.7918],[9.321,44.7995],[9.3233,44.7992],[9.3262,44.799],[9.3284,44.7995],[9.3413,44.8052],[9.3442,44.8066],[9.3542,44.8119],[9.3584,44.8149],[9.3625,44.8212],[9.3583,44.8243],[9.3555,44.8307],[9.3548,44.833],[9.353,44.8352],[9.3513,44.8363],[9.3495,44.8379],[9.3483,44.8398],[9.3478,44.8441],[9.3449,44.8603],[9.3417,44.8698],[9.3399,44.8707],[9.3348,44.8712],[9.3316,44.8706],[9.3267,44.8725],[9.3256,44.8763],[9.3241,44.8784],[9.3224,44.8797],[9.3198,44.8788],[9.318,44.8778],[9.3131,44.8765],[9.3105,44.876],[9.3072,44.8761],[9.2969,44.8795],[9.2901,44.8822],[9.2905,44.8843],[9.2915,44.8867],[9.2927,44.8887],[9.2902,44.8918],[9.2852,44.8945],[9.2834,44.8953],[9.2813,44.896],[9.2774,44.8956],[9.2789,44.8974],[9.2813,44.8996],[9.2832,44.9013],[9.2858,44.903],[9.2887,44.9098],[9.2917,44.9209],[9.2873,44.928],[9.2859,44.9294],[9.285,44.9311],[9.2863,44.934],[9.3002,44.935],[9.3054,44.9345],[9.3098,44.9354],[9.3141,44.9367],[9.318,44.9402],[9.3218,44.9441],[9.3229,44.949],[9.3246,44.956],[9.3276,44.9591],[9.335,44.9631],[9.3375,44.9654],[9.336,44.9671],[9.3352,44.9693],[9.3352,44.9737],[9.3363,44.9773],[9.3374,44.9794],[9.3392,44.9806],[9.3408,44.9819],[9.3427,44.9859],[9.3437,44.9904],[9.344,44.9929],[9.3455,44.9951],[9.3474,44.9971],[9.3509,44.9997],[9.3528,45.0008],[9.3582,45.0007],[9.3603,44.9997],[9.3651,45.0024],[9.3712,45.0129],[9.3711,45.0156],[9.3724,45.0172],[9.3756,45.0199],[9.3694,45.0237],[9.3703,45.0253],[9.3762,45.0417],[9.3757,45.0446],[9.3708,45.0482],[9.3844,45.0583],[9.3876,45.0599],[9.3887,45.0617],[9.3893,45.064],[9.3941,45.0662],[9.4059,45.0729],[9.4126,45.0789],[9.4108,45.0824],[9.4122,45.0836],[9.4224,45.0841],[9.4264,45.0836],[9.4275,45.0818],[9.4338,45.0817],[9.436,45.0821],[9.4387,45.0854],[9.4392,45.0904],[9.4391,45.0929],[9.4527,45.0938],[9.4558,45.094],[9.4659,45.0947],[9.4714,45.0955],[9.4753,45.0966],[9.4802,45.0988],[9.4876,45.1016],[9.4913,45.1028],[9.4937,45.1034],[9.496,45.1037],[9.4993,45.1039],[9.5015,45.1036],[9.5034,45.1028],[9.5061,45.1015],[9.5077,45.1002],[9.5182,45.0906],[9.5196,45.089],[9.5216,45.0864],[9.5229,45.084],[9.524,45.0814],[9.5255,45.0801],[9.5275,45.079],[9.53,45.0784],[9.5324,45.0786],[9.538,45.0806],[9.5398,45.0815],[9.5416,45.0826],[9.5437,45.0839],[9.5474,45.0866],[9.5487,45.0878],[9.5505,45.0898],[9.5513,45.0921],[9.5506,45.0952],[9.5445,45.1047],[9.5407,45.1103],[9.5391,45.1122],[9.538,45.114],[9.537,45.1161],[9.5364,45.1182],[9.5358,45.1215],[9.5363,45.124],[9.5372,45.1261],[9.5487,45.1327],[9.553,45.1306],[9.5547,45.1294],[9.5566,45.1275],[9.5608,45.1225],[9.5624,45.1203],[9.5634,45.1186],[9.5644,45.1168],[9.5665,45.1124],[9.5676,45.1099],[9.5686,45.1073],[9.5771,45.1052],[9.582,45.1053],[9.586,45.105],[9.5867,45.1027],[9.5873,45.1004],[9.5906,45.1003],[9.5932,45.101],[9.5962,45.102],[9.6004,45.1035],[9.6036,45.1051],[9.6081,45.1078],[9.612,45.1115],[9.6131,45.1132],[9.6138,45.117],[9.6141,45.1205],[9.6144,45.1228],[9.6151,45.1262],[9.6162,45.1286],[9.618,45.1323],[9.6198,45.1339],[9.6224,45.134],[9.625,45.1335],[9.6278,45.1327],[9.6306,45.1313],[9.6337,45.1291],[9.6366,45.1264],[9.6383,45.1243],[9.6396,45.1219],[9.6408,45.1176],[9.6399,45.1155],[9.6381,45.1137],[9.6376,45.1104],[9.6374,45.1074],[9.6376,45.1044],[9.6375,45.1017],[9.6366,45.0999],[9.6352,45.0982],[9.6338,45.0959],[9.6324,45.0929],[9.6315,45.0904],[9.6314,45.0878],[9.6349,45.084],[9.6372,45.0827],[9.639,45.0817],[9.6423,45.0807],[9.6469,45.0806],[9.652,45.0811],[9.6548,45.0816],[9.6584,45.0821],[9.6612,45.0819],[9.6648,45.0811],[9.6743,45.0784],[9.6769,45.0776],[9.6817,45.0718],[9.6837,45.0703],[9.6881,45.0682],[9.6906,45.0672],[9.7125,45.0588],[9.715,45.0582],[9.7191,45.0586],[9.7212,45.0591],[9.7248,45.0607],[9.7277,45.0621],[9.7301,45.0636],[9.7324,45.0675],[9.7347,45.0705],[9.7364,45.072],[9.7378,45.0732],[9.7405,45.0743],[9.7433,45.0751],[9.7459,45.0751],[9.7488,45.0769],[9.7504,45.079],[9.7517,45.0817],[9.7531,45.0866],[9.7513,45.0918],[9.7479,45.1002],[9.7451,45.1058],[9.7448,45.1097],[9.7454,45.1119],[9.7474,45.113],[9.7499,45.1134],[9.7537,45.1134],[9.7567,45.1128],[9.7667,45.1073],[9.7698,45.1033],[9.7714,45.101],[9.7727,45.0988],[9.7736,45.0965],[9.7748,45.0946],[9.7763,45.0926],[9.779,45.0896],[9.7882,45.0845],[9.7978,45.0821],[9.806,45.0809],[9.8091,45.0802],[9.8112,45.0793],[9.8133,45.0781],[9.8151,45.0764],[9.8168,45.0707],[9.8166,45.0666],[9.8158,45.0598],[9.816,45.057],[9.8166,45.0545],[9.8188,45.0534],[9.8238,45.0526],[9.8271,45.0536],[9.8302,45.0567],[9.8323,45.0591],[9.8338,45.0617],[9.8354,45.0705],[9.835,45.0729],[9.8327,45.0771],[9.8316,45.0798],[9.8312,45.0822],[9.8322,45.0894],[9.833,45.0918],[9.8343,45.0933],[9.8384,45.0956],[9.8412,45.0965],[9.844,45.0968],[9.8476,45.0965],[9.8554,45.0953],[9.858,45.0948],[9.8605,45.094],[9.8626,45.093],[9.8643,45.0917],[9.8675,45.0889],[9.8692,45.0873],[9.8707,45.0856],[9.8733,45.0815],[9.8744,45.0795],[9.8754,45.0777],[9.8773,45.0762],[9.8795,45.0751],[9.8817,45.0746],[9.8843,45.0749],[9.8865,45.0754],[9.8897,45.0763],[9.8925,45.0776],[9.8948,45.079],[9.8968,45.0805],[9.899,45.0835],[9.9001,45.0854],[9.9009,45.0875],[9.9008,45.0947],[9.8999,45.0964],[9.8984,45.098],[9.8953,45.1008],[9.893,45.1027],[9.8868,45.1068],[9.8838,45.1087],[9.8794,45.1118],[9.8778,45.1135],[9.8764,45.1161],[9.8755,45.1185],[9.8754,45.1217],[9.8777,45.1244],[9.88,45.1264],[9.8821,45.1274],[9.8899,45.1305],[9.9081,45.1357],[9.9105,45.1377],[9.9125,45.1388],[9.9155,45.139],[9.9186,45.1381],[9.9204,45.1372],[9.9226,45.1359],[9.9247,45.134],[9.9263,45.132],[9.927,45.1293],[9.9271,45.126],[9.9221,45.1152],[9.9205,45.1131],[9.9186,45.1119],[9.916,45.1106],[9.9144,45.1094],[9.9135,45.1046],[9.914,45.1023],[9.9152,45.1004],[9.9174,45.0996],[9.9227,45.1],[9.9256,45.1006],[9.9289,45.1015],[9.9314,45.1023],[9.9349,45.1039],[9.958,45.1199],[9.96,45.1214],[9.9631,45.1241],[9.9654,45.1264],[9.9783,45.1337],[9.9837,45.1337],[9.9861,45.1332],[9.9887,45.1322],[9.9911,45.131],[9.9927,45.1298],[9.999,45.1241],[10.0043,45.118],[10.0074,45.114],[10.0098,45.1107],[10.0133,45.1074],[10.0147,45.1063],[10.0168,45.1046],[10.0194,45.1035],[10.0234,45.1015],[10.0252,45.0999],[10.0274,45.0976],[10.0292,45.0949],[10.0298,45.0924],[10.0295,45.0872],[10.0284,45.0852],[10.0268,45.0841],[10.025,45.0829],[10.0235,45.0813],[10.0217,45.0782],[10.0223,45.0745],[10.024,45.0717],[10.0257,45.0703],[10.0297,45.0668],[10.0327,45.0655],[10.038,45.0642],[10.0407,45.0638],[10.0427,45.0633],[10.0469,45.0593],[10.0484,45.0575],[10.0523,45.0516],[10.0515,45.0454],[10.0504,45.0417],[10.0557,45.0414],[10.059,45.0417],[10.0646,45.0429],[10.0743,45.0452],[10.0765,45.0457],[10.0823,45.0466],[10.0835,45.044],[10.0839,45.0344],[10.0845,45.0324],[10.0891,45.0272],[10.0904,45.0259],[10.0929,45.0238],[10.1028,45.0224],[10.1052,45.0222],[10.1287,45.0291],[10.1307,45.0298],[10.1409,45.0328],[10.1433,45.0336],[10.1467,45.035],[10.1489,45.0369],[10.1524,45.0408],[10.155,45.043],[10.1577,45.0441],[10.161,45.0444],[10.1648,45.0443],[10.1679,45.0435],[10.1706,45.042],[10.1725,45.0403],[10.1742,45.0383],[10.1751,45.0357],[10.1801,45.0308],[10.1828,45.0298],[10.1873,45.0282],[10.1929,45.0281],[10.202,45.0305],[10.2045,45.0313],[10.2106,45.0338],[10.229,45.0279],[10.2422,45.0228],[10.2468,45.0206],[10.2488,45.0198],[10.2521,45.0191],[10.2559,45.0178],[10.2575,45.0168],[10.26,45.0142],[10.2626,45.0096],[10.2651,45.0048],[10.2745,44.9979],[10.2771,44.9979],[10.2837,44.9985],[10.2883,44.9991],[10.2918,45],[10.2942,45.0004],[10.2999,45.0003],[10.303,44.9996],[10.3055,44.9982],[10.3097,44.9934],[10.3092,44.9896],[10.3089,44.9874],[10.3108,44.9866],[10.3146,44.985],[10.3171,44.984],[10.3198,44.9838],[10.3238,44.983],[10.329,44.9814],[10.3328,44.9799],[10.336,44.9782],[10.3393,44.9762],[10.3428,44.9734],[10.3445,44.9719],[10.346,44.9705],[10.3489,44.9686],[10.3514,44.9675],[10.3553,44.9662],[10.3585,44.9655],[10.3614,44.9654],[10.3653,44.9661],[10.368,44.9674],[10.3731,44.9707],[10.3763,44.9734],[10.3794,44.9761],[10.3821,44.9782],[10.3855,44.9803],[10.3877,44.9814],[10.3898,44.9823],[10.3917,44.983],[10.3954,44.9841],[10.3993,44.9847],[10.4035,44.9848],[10.4057,44.9845],[10.408,44.9838],[10.4099,44.9829],[10.4116,44.9818],[10.4134,44.9806],[10.4168,44.9777],[10.4185,44.9751],[10.4221,44.9655],[10.4252,44.9602],[10.4266,44.9581],[10.4302,44.952],[10.4312,44.9487],[10.4327,44.946],[10.434,44.9445],[10.4357,44.9431],[10.4378,44.942],[10.44,44.9413],[10.4516,44.9405],[10.4609,44.9382],[10.463,44.9375],[10.4712,44.9341],[10.4753,44.9324],[10.4775,44.9315],[10.4812,44.9301],[10.4886,44.9279],[10.4925,44.9267],[10.4985,44.9247],[10.5028,44.9231],[10.5135,44.9154],[10.5172,44.9135],[10.5199,44.9127],[10.5268,44.9127],[10.5311,44.913],[10.5376,44.9127],[10.5537,44.9108],[10.5619,44.9094],[10.5644,44.9087],[10.567,44.9084],[10.5698,44.9083],[10.5723,44.9087],[10.5816,44.9123],[10.5915,44.9148],[10.5942,44.9146],[10.5978,44.9146],[10.6,44.9152],[10.6023,44.9162],[10.6045,44.9173],[10.6119,44.9211],[10.6142,44.9222],[10.617,44.9235],[10.6193,44.9244],[10.6228,44.9253],[10.6252,44.9256],[10.6279,44.9242],[10.6305,44.9289],[10.6341,44.9334],[10.6385,44.9385],[10.6418,44.9415],[10.6503,44.9481],[10.653,44.952],[10.6562,44.9578],[10.6572,44.9601],[10.6584,44.9625],[10.6605,44.9653],[10.6621,44.9671],[10.6639,44.9686],[10.6724,44.973],[10.6798,44.9767],[10.6813,44.9792],[10.6826,44.9817],[10.6867,44.9866],[10.689,44.9838],[10.6914,44.981],[10.6933,44.9783],[10.6956,44.975],[10.6939,44.9699],[10.6923,44.9686],[10.6903,44.9679],[10.6885,44.9669],[10.691,44.9627],[10.693,44.962],[10.6956,44.9621],[10.6974,44.9628],[10.7015,44.9647],[10.7035,44.966],[10.7067,44.969],[10.7108,44.9731],[10.712,44.9754],[10.7121,44.978],[10.7113,44.9813],[10.7116,44.9839],[10.7132,44.9861],[10.7246,44.9913],[10.7274,44.992],[10.7306,44.9919],[10.7321,44.9904],[10.73,44.9888],[10.7294,44.9867],[10.7322,44.9868],[10.7351,44.9874],[10.7373,44.9866],[10.7417,44.9803],[10.7422,44.9772],[10.7412,44.9748],[10.742,44.9728],[10.747,44.9636],[10.7428,44.9539],[10.7437,44.9491],[10.7484,44.9478],[10.7642,44.9454],[10.7691,44.9457],[10.7707,44.9441],[10.7737,44.9429],[10.7757,44.9423],[10.7812,44.9412],[10.7936,44.9396],[10.7971,44.9396],[10.8021,44.9394],[10.8198,44.9367],[10.8426,44.9292],[10.8472,44.9267],[10.8495,44.9264],[10.8527,44.9268],[10.8577,44.9283],[10.8641,44.9294],[10.8666,44.9287],[10.8661,44.926],[10.8649,44.9244],[10.8686,44.9208],[10.874,44.9218],[10.8766,44.9171],[10.898,44.9218],[10.8879,44.9143],[10.8903,44.9124],[10.9139,44.9231],[10.917,44.9241],[10.9315,44.9227],[10.9374,44.9222],[10.9414,44.9219],[10.9477,44.9262],[10.9514,44.9279],[10.9506,44.9333],[10.9544,44.9334],[10.9628,44.9341],[10.9664,44.9345],[10.9762,44.9419],[10.9812,44.9446],[10.9837,44.9466],[10.9858,44.9488],[10.9888,44.9514],[10.9907,44.9524],[10.9933,44.9536],[10.9968,44.9549],[11.0088,44.9547],[11.0226,44.9527],[11.0303,44.9514],[11.0449,44.952],[11.0565,44.9504],[11.0595,44.9489],[11.0618,44.9516],[11.073,44.9626],[11.0798,44.9603],[11.0887,44.9593],[11.0924,44.9584],[11.0981,44.9579],[11.1006,44.958],[11.1037,44.9583],[11.118,44.9545],[11.1204,44.9536],[11.1223,44.9526],[11.1243,44.9514],[11.1271,44.9489],[11.1282,44.9462],[11.1429,44.9374],[11.1487,44.9342],[11.1513,44.9333],[11.1573,44.9365],[11.1585,44.9381],[11.1697,44.9381],[11.1794,44.9378],[11.2021,44.9395],[11.2037,44.9406],[11.2066,44.9418],[11.2131,44.9435],[11.2174,44.9441],[11.2258,44.9446],[11.2298,44.9448],[11.2334,44.9446],[11.238,44.945],[11.2414,44.9459],[11.243,44.9473],[11.2462,44.9514],[11.2492,44.95],[11.2567,44.9468],[11.2618,44.9454],[11.2667,44.944],[11.2706,44.9412],[11.2713,44.9394],[11.2767,44.9448],[11.2798,44.9494],[11.2819,44.9528],[11.2838,44.9558],[11.2854,44.9568],[11.2933,44.9577],[11.2968,44.9576],[11.3016,44.9624],[11.3043,44.9622],[11.3087,44.9605],[11.3102,44.9593],[11.3125,44.9582],[11.3293,44.9607],[11.3364,44.9569],[11.3572,44.9501],[11.36,44.9509],[11.3613,44.953],[11.3628,44.9555],[11.3729,44.9577],[11.3782,44.9579],[11.3985,44.955],[11.4088,44.95],[11.4263,44.9521],[11.4265,44.9496],[11.4254,44.9463],[11.4247,44.9438],[11.4242,44.9409],[11.4239,44.9379],[11.4246,44.9336],[11.4256,44.9311],[11.4275,44.9296],[11.4311,44.929],[11.4341,44.9294],[11.4526,44.9331],[11.4563,44.9342],[11.4597,44.9349],[11.4619,44.9353],[11.4642,44.9357],[11.4675,44.9362],[11.4774,44.9368],[11.485,44.9371],[11.4901,44.9373],[11.4977,44.9373],[11.5031,44.9371],[11.5065,44.937],[11.5127,44.9367],[11.5158,44.9364],[11.5199,44.9366],[11.5237,44.9369],[11.5341,44.9362],[11.5491,44.9288],[11.5518,44.9266],[11.5546,44.9242],[11.5565,44.9228],[11.5585,44.9214],[11.5601,44.9205],[11.5637,44.9192],[11.5664,44.9188],[11.5693,44.9186],[11.5727,44.9184],[11.5756,44.9177],[11.579,44.9169],[11.5817,44.9152],[11.5833,44.9142],[11.5854,44.9124],[11.5871,44.9101],[11.5879,44.9071],[11.5881,44.9039],[11.5882,44.9007],[11.5888,44.8981],[11.5902,44.8951],[11.5913,44.8932],[11.5935,44.8909],[11.5968,44.8897],[11.5993,44.8892],[11.6147,44.8881],[11.6174,44.888],[11.6214,44.8884],[11.6248,44.8892],[11.6318,44.8929],[11.643,44.8991],[11.6501,44.9033],[11.6569,44.9071],[11.6634,44.9108],[11.6655,44.9119],[11.6696,44.9141],[11.6728,44.9152],[11.6754,44.9154],[11.678,44.9156],[11.6875,44.9168],[11.6895,44.9174],[11.6938,44.9187],[11.6962,44.9195],[11.6987,44.9207],[11.7013,44.9219],[11.7067,44.9241],[11.7103,44.9252],[11.7155,44.9263],[11.7181,44.9266],[11.7215,44.9267],[11.7253,44.9265],[11.7278,44.9262],[11.7312,44.9264],[11.7341,44.9271],[11.737,44.9287],[11.7387,44.9297],[11.743,44.9327],[11.7448,44.935],[11.744,44.9388],[11.7413,44.9441],[11.74,44.9498],[11.7412,44.9531],[11.7424,44.9546],[11.744,44.956],[11.7456,44.9573],[11.7485,44.9585],[11.7521,44.9589],[11.7562,44.9591],[11.7604,44.9594],[11.7642,44.9601],[11.7722,44.962],[11.7807,44.9635],[11.7838,44.9642],[11.7871,44.9655],[11.79,44.9675],[11.7916,44.9687],[11.7933,44.9702],[11.7955,44.9723],[11.7973,44.9738],[11.7991,44.975],[11.8026,44.9765],[11.8047,44.977],[11.8088,44.9773],[11.8136,44.9773],[11.8178,44.977],[11.824,44.9759],[11.8276,44.9747],[11.8336,44.9733],[11.8368,44.9729],[11.8533,44.9743],[11.87,44.9748],[11.8758,44.9744],[11.8812,44.975],[11.8874,44.9764],[11.8898,44.977],[11.8937,44.9777],[11.8976,44.9779],[11.9044,44.9769],[11.9077,44.9762],[11.9114,44.9756],[11.9154,44.9752],[11.9212,44.9747],[11.9246,44.9747],[11.9278,44.975],[11.9302,44.9755],[11.9323,44.976],[11.9366,44.9773],[11.9387,44.978],[11.9416,44.9792],[11.9449,44.9807],[11.9504,44.9831],[11.9589,44.986],[11.961,44.9865],[11.9642,44.9868],[11.975,44.9858],[11.9832,44.9843],[11.9858,44.9837],[11.9884,44.9834],[11.9966,44.9822],[11.9993,44.9816],[12.0024,44.9805],[12.0056,44.9795],[12.0132,44.9771],[12.0155,44.9766],[12.0232,44.9767],[12.0347,44.9768],[12.0395,44.9767],[12.0431,44.9767],[12.0475,44.977],[12.0508,44.9745],[12.0523,44.9734],[12.0554,44.9713],[12.059,44.9699],[12.064,44.9695],[12.0665,44.9699],[12.0692,44.9707],[12.0723,44.972],[12.0916,44.9702],[12.0998,44.9661],[12.1012,44.9618],[12.1071,44.9618],[12.1112,44.961],[12.1149,44.9591],[12.1162,44.9577],[12.1171,44.956],[12.1175,44.9531],[12.1225,44.9431],[12.128,44.9372],[12.1389,44.9296],[12.1406,44.9284],[12.1443,44.9282],[12.158,44.9306],[12.1588,44.9331],[12.1592,44.9365],[12.1611,44.9386],[12.1632,44.9397],[12.165,44.9406],[12.1673,44.9415],[12.1707,44.942],[12.1736,44.9407],[12.1749,44.9394],[12.1759,44.9374],[12.1766,44.9354],[12.1779,44.9335],[12.1793,44.9318],[12.1807,44.9306],[12.1831,44.9289],[12.1861,44.9272],[12.1891,44.926],[12.1913,44.9256],[12.1942,44.9254],[12.1981,44.9254],[12.2014,44.9258],[12.2038,44.9265],[12.2064,44.9269],[12.209,44.9271],[12.2136,44.9263],[12.2159,44.9255],[12.2179,44.9248],[12.2202,44.9241],[12.2237,44.9232],[12.2268,44.9233],[12.2296,44.9247],[12.2317,44.9265],[12.2332,44.9282],[12.2352,44.9309],[12.2364,44.9327],[12.2385,44.9345],[12.2562,44.9425],[12.2745,44.9435],[12.2809,44.9418],[12.2831,44.9403],[12.2923,44.9316],[12.294,44.9291],[12.2949,44.9262],[12.2941,44.9244],[12.2919,44.9216],[12.2904,44.9203],[12.2841,44.9142],[12.2822,44.9115],[12.2823,44.9078],[12.2834,44.9055],[12.2849,44.8995],[12.2851,44.8971],[12.2852,44.8945],[12.284,44.8886],[12.2847,44.8784],[12.286,44.8724],[12.2867,44.8703],[12.2879,44.8686],[12.2941,44.8604],[12.2979,44.8572],[12.2999,44.8564],[12.3019,44.8557],[12.3061,44.8552],[12.3096,44.855],[12.3174,44.8542],[12.3226,44.8535],[12.3271,44.8528],[12.3325,44.8527],[12.3363,44.8522],[12.3384,44.8513],[12.3405,44.8501],[12.3425,44.8478],[12.3435,44.8458],[12.3436,44.8418],[12.3439,44.8386],[12.3446,44.8352],[12.3461,44.8294],[12.3517,44.8194],[12.3532,44.8172],[12.3552,44.8151],[12.3574,44.8136],[12.3606,44.8126],[12.3631,44.8116],[12.3689,44.808],[12.374,44.8047],[12.3762,44.8032],[12.3794,44.8011],[12.3817,44.7998],[12.3883,44.7967],[12.3902,44.7959],[12.3935,44.7947],[12.3981,44.7928],[12.3968,44.7907],[12.3956,44.7891],[12.3929,44.7873],[12.3907,44.7862],[12.3873,44.7849],[12.376,44.7835],[12.3728,44.7844],[12.3702,44.7847],[12.3648,44.7848],[12.3441,44.786],[12.3304,44.7869],[12.3256,44.7875],[12.3225,44.7883],[12.3171,44.7906],[12.3154,44.7914],[12.314,44.7928],[12.3184,44.7935],[12.3208,44.7912],[12.3225,44.7903],[12.3281,44.7891],[12.3307,44.7888],[12.345,44.7869],[12.3508,44.7886],[12.3448,44.7903],[12.3403,44.7914],[12.3377,44.7921],[12.3324,44.7935],[12.3267,44.7958],[12.3315,44.7947],[12.3369,44.7929],[12.3388,44.7923],[12.3478,44.7901],[12.3626,44.7872],[12.365,44.7867],[12.3696,44.7862],[12.3757,44.7855],[12.3802,44.7855],[12.3865,44.7884],[12.3877,44.7897],[12.3847,44.79],[12.3797,44.7906],[12.3744,44.7914],[12.3727,44.7931],[12.3731,44.7959],[12.3646,44.8031],[12.3624,44.8043],[12.3607,44.8052],[12.3561,44.808],[12.3514,44.8108],[12.3534,44.8121],[12.3504,44.8173],[12.3454,44.8195],[12.3397,44.8175],[12.3335,44.8246],[12.3331,44.8274],[12.3166,44.8385],[12.3086,44.8423],[12.2875,44.8422],[12.2848,44.8407],[12.2661,44.8234],[12.2645,44.8217],[12.2589,44.8156],[12.2597,44.8135],[12.2677,44.8086],[12.2663,44.8044],[12.2726,44.8102],[12.2804,44.817],[12.2823,44.818],[12.2856,44.8177],[12.2813,44.8114],[12.278,44.8085],[12.2761,44.8074],[12.274,44.8045],[12.2725,44.8003],[12.2658,44.7909],[12.2644,44.7891],[12.2571,44.7799],[12.2483,44.7628],[12.2474,44.7589],[12.2485,44.7564],[12.2476,44.752],[12.2457,44.7454],[12.2445,44.7412],[12.2438,44.7375],[12.2426,44.7294],[12.2423,44.7271],[12.2408,44.7103],[12.2402,44.6996],[12.2402,44.694],[12.2402,44.691],[12.2411,44.6867],[12.2441,44.679],[12.2459,44.6764],[12.2496,44.6768],[12.251,44.6743],[12.2505,44.6709],[12.2505,44.667],[12.2505,44.6638],[12.2508,44.6611],[12.2548,44.6512],[12.2589,44.6429],[12.2604,44.6403],[12.2635,44.6371],[12.2651,44.6358],[12.2666,44.6343],[12.2689,44.631],[12.2711,44.6267],[12.2729,44.6241],[12.2752,44.6196],[12.2759,44.6174],[12.2768,44.6141],[12.2818,44.5937],[12.2825,44.5869],[12.2827,44.5832],[12.2828,44.5787],[12.2823,44.5629],[12.2807,44.5453],[12.2803,44.5427],[12.2799,44.5331],[12.2796,44.5238],[12.2797,44.5195],[12.2801,44.5153],[12.2805,44.5126],[12.281,44.5102],[12.2815,44.5079],[12.2821,44.5058],[12.2831,44.5031],[12.2848,44.4995],[12.2896,44.4913],[12.2917,44.4883],[12.2859,44.4859],[12.2874,44.4717],[12.2879,44.4695],[12.289,44.4643],[12.2917,44.4554],[12.2927,44.4528],[12.294,44.4497],[12.3059,44.4221],[12.3078,44.4202],[12.3094,44.419],[12.3156,44.4055],[12.3165,44.4029],[12.3199,44.3861],[12.3239,44.3667],[12.3262,44.358],[12.3278,44.3527],[12.3299,44.3462],[12.3327,44.339],[12.3335,44.337],[12.3352,44.3333],[12.3365,44.3318],[12.3386,44.3287],[12.3414,44.322],[12.3448,44.3118],[12.3474,44.303],[12.3479,44.2996],[12.3485,44.2965],[12.3507,44.2886],[12.3514,44.2864],[12.3543,44.2784],[12.3556,44.2748],[12.3572,44.2706],[12.3623,44.2599],[12.3649,44.2547],[12.3679,44.2494],[12.376,44.2365],[12.3771,44.2348],[12.3798,44.2308],[12.3835,44.2245],[12.3857,44.2222],[12.3905,44.2155],[12.3923,44.2131],[12.3974,44.2085],[12.3988,44.2074],[12.4008,44.2066],[12.4039,44.2069],[12.4076,44.2027],[12.4132,44.1959],[12.4148,44.194],[12.4177,44.1901],[12.4243,44.1837],[12.4284,44.18],[12.437,44.1741],[12.4427,44.1698],[12.4451,44.167],[12.4501,44.1628],[12.4587,44.1558],[12.4789,44.1389],[12.4839,44.1343],[12.4889,44.1293],[12.4919,44.1261],[12.4943,44.1237],[12.5016,44.1172],[12.5037,44.1156],[12.5089,44.1116],[12.5117,44.109],[12.5148,44.1063],[12.5214,44.1011],[12.5256,44.098],[12.5292,44.0953],[12.5361,44.0905],[12.5383,44.0891],[12.5449,44.0848],[12.5477,44.0831],[12.5553,44.0786],[12.5609,44.0764],[12.564,44.0759],[12.5681,44.0761],[12.5698,44.077],[12.5755,44.0785],[12.5928,44.0605],[12.6019,44.0516],[12.605,44.0488],[12.6134,44.0412],[12.6177,44.0374],[12.6205,44.035],[12.6254,44.031],[12.6302,44.0271],[12.6321,44.0255],[12.6364,44.0221],[12.6424,44.0176],[12.6557,44.0082],[12.6685,43.9997],[12.6802,43.9922],[12.6882,43.9871],[12.6898,43.9862],[12.6918,43.9855],[12.6933,43.9845],[12.695,43.9836],[12.6969,43.983],[12.699,43.9817],[12.7009,43.9807],[12.7027,43.9797],[12.7047,43.9787],[12.7067,43.9778],[12.7084,43.9769],[12.7102,43.976],[12.712,43.975],[12.7138,43.9743],[12.717,43.9734],[12.7206,43.9729],[12.7225,43.9723],[12.7258,43.9711],[12.7371,43.9683],[12.7486,43.9684],[12.7544,43.9649],[12.7555,43.9631],[12.75,43.9546],[12.7483,43.953],[12.7415,43.9409],[12.7398,43.9385],[12.7335,43.9298],[12.7285,43.925],[12.7288,43.9187],[12.7297,43.9162],[12.73,43.9131],[12.7285,43.9119],[12.7288,43.9084],[12.7312,43.9032],[12.733,43.9013],[12.7347,43.8965],[12.7252,43.8838],[12.7228,43.8811],[12.7277,43.8761],[12.7317,43.8734],[12.7334,43.8714],[12.7329,43.8694],[12.728,43.8637],[12.7258,43.8623],[12.724,43.8614],[12.7219,43.861],[12.7143,43.8602],[12.7014,43.8587],[12.6993,43.8573],[12.6991,43.8547],[12.6969,43.8528],[12.6854,43.8522],[12.6823,43.8528],[12.6812,43.8476],[12.6792,43.8413],[12.6813,43.8281],[12.6735,43.8239],[12.6699,43.8233],[12.6672,43.8236],[12.6584,43.8274],[12.6445,43.8269],[12.6372,43.8245],[12.6347,43.8234],[12.6327,43.8223],[12.6301,43.8213],[12.6236,43.821],[12.6189,43.8264],[12.6112,43.8308],[12.61,43.8339],[12.61,43.8366],[12.6165,43.8414],[12.6189,43.8426],[12.6159,43.8465],[12.609,43.8453],[12.6066,43.845],[12.6048,43.846],[12.601,43.8505],[12.6011,43.8529],[12.6022,43.8543],[12.6038,43.8556],[12.603,43.8628],[12.5989,43.8635],[12.5946,43.8635],[12.5894,43.8653],[12.593,43.8732],[12.5924,43.8765],[12.5903,43.8782],[12.5895,43.881],[12.5905,43.884],[12.5895,43.8856],[12.5844,43.8841],[12.5814,43.8841],[12.5791,43.8848],[12.5756,43.8849],[12.5725,43.8849],[12.5659,43.8822],[12.5647,43.8807],[12.5648,43.8782],[12.5645,43.8744],[12.5634,43.8713],[12.5621,43.8695],[12.5511,43.8664],[12.5493,43.8656],[12.5417,43.864],[12.5352,43.8682],[12.5341,43.8706],[12.5314,43.8695],[12.5217,43.8737],[12.5191,43.8751],[12.5185,43.878],[12.5185,43.8806],[12.5121,43.8796],[12.5088,43.8785],[12.5069,43.8778],[12.5028,43.8759],[12.4993,43.8736],[12.4967,43.8758],[12.4937,43.8797],[12.4897,43.8825],[12.4883,43.8837],[12.4874,43.8855],[12.4871,43.8937],[12.4874,43.8965],[12.4883,43.8996],[12.4895,43.9024],[12.4933,43.9101],[12.4939,43.9156],[12.4924,43.9175],[12.4944,43.9208],[12.4964,43.9222],[12.5035,43.927],[12.5075,43.9335],[12.5107,43.9366],[12.5155,43.9413],[12.5156,43.9441],[12.5149,43.9464],[12.5137,43.9496],[12.5111,43.9528],[12.5095,43.9545],[12.5082,43.9559],[12.5068,43.9579],[12.5066,43.9709],[12.5112,43.9772],[12.5158,43.9848],[12.5144,43.9908],[12.5095,43.9912],[12.5041,43.9891],[12.5022,43.9869],[12.4926,43.983],[12.4856,43.9813],[12.4834,43.9809],[12.4794,43.9809],[12.4759,43.9799],[12.4709,43.978],[12.4636,43.9747],[12.4529,43.9694],[12.4516,43.9681],[12.4369,43.9566],[12.4279,43.957],[12.4162,43.9533],[12.414,43.9523],[12.4061,43.9543],[12.4046,43.9557],[12.4038,43.9531],[12.4044,43.9459],[12.4051,43.9436],[12.4074,43.9411],[12.4103,43.9399],[12.4142,43.9342],[12.4152,43.9307],[12.4147,43.9287],[12.413,43.9276],[12.4098,43.925],[12.4083,43.9215],[12.4096,43.9174],[12.4125,43.9094],[12.4084,43.903],[12.4177,43.899],[12.4187,43.9007],[12.4252,43.9033],[12.4273,43.9038],[12.4437,43.905],[12.4465,43.9034],[12.4478,43.8998],[12.4493,43.8976],[12.4506,43.8961],[12.4546,43.894],[12.4573,43.8937],[12.4624,43.8938],[12.4636,43.8912],[12.4578,43.8801],[12.4495,43.873],[12.4457,43.8708],[12.4356,43.872],[12.4324,43.8744],[12.4319,43.8724],[12.42,43.8722],[12.4171,43.8732],[12.4138,43.8743],[12.4118,43.8752],[12.4077,43.8767],[12.4048,43.8765],[12.4006,43.8728],[12.4036,43.8705],[12.3975,43.8674],[12.3936,43.8584],[12.3909,43.845],[12.397,43.8289],[12.3985,43.8264],[12.3941,43.8213],[12.3909,43.8197],[12.3889,43.818],[12.3805,43.8148],[12.3662,43.8133],[12.3648,43.8118],[12.3639,43.8096],[12.3632,43.807],[12.3621,43.8056],[12.3537,43.8014],[12.3498,43.7996],[12.3451,43.8014],[12.3343,43.8015],[12.3288,43.8006],[12.3159,43.8056],[12.313,43.8041],[12.2983,43.7976],[12.2919,43.7964],[12.2849,43.7948],[12.283,43.7902],[12.2842,43.7887],[12.289,43.7858],[12.2881,43.7752],[12.2872,43.7717],[12.2855,43.7707],[12.2834,43.7676],[12.2838,43.7649],[12.2814,43.765],[12.2779,43.7648],[12.2566,43.7607],[12.2547,43.7598],[12.2509,43.7569],[12.2525,43.7551],[12.2552,43.7539],[12.2537,43.7528],[12.2486,43.7515],[12.2459,43.7512],[12.2419,43.7512],[12.2413,43.7532],[12.2395,43.7552],[12.237,43.7565],[12.2334,43.7581],[12.231,43.759],[12.229,43.7596],[12.2149,43.758],[12.2101,43.7573],[12.2092,43.7553],[12.2072,43.749],[12.2046,43.7483],[12.2001,43.7468],[12.1977,43.7448],[12.2006,43.7413],[12.1995,43.7377],[12.1946,43.7319],[12.1916,43.7348],[12.1849,43.7419],[12.1784,43.745],[12.1712,43.7517],[12.1695,43.7544],[12.1646,43.7616],[12.1627,43.7624],[12.1525,43.7587],[12.1485,43.7559],[12.1469,43.7546],[12.143,43.7529],[12.126,43.7494],[12.1236,43.7492],[12.1104,43.7526],[12.1074,43.7538],[12.1023,43.7517],[12.0881,43.7473],[12.0859,43.7463],[12.0827,43.7445],[12.0771,43.7407],[12.0712,43.7407],[12.0672,43.7417],[12.065,43.7427],[12.0629,43.7462],[12.0616,43.7502],[12.0614,43.753],[12.0537,43.7567],[12.0512,43.7574],[12.0459,43.7586],[12.0444,43.7571],[12.0366,43.7573],[12.0287,43.7616],[12.0263,43.7614],[12.0219,43.7609],[12.0103,43.7634],[12.0095,43.7651],[12.0073,43.7663],[12.0005,43.7658],[11.999,43.7647],[11.9961,43.7633],[11.9889,43.7622],[11.9865,43.7619],[11.9792,43.7656],[11.9741,43.7681],[11.9702,43.769],[11.9681,43.7698],[11.9534,43.7761],[11.9515,43.7776],[11.9512,43.787],[11.9496,43.7889],[11.9483,43.7904],[11.9295,43.794],[11.9222,43.7942],[11.9188,43.7937],[11.9131,43.7989],[11.9123,43.8008],[11.9125,43.8035],[11.9134,43.8067],[11.9097,43.8127],[11.9031,43.8102],[11.8971,43.8079],[11.8872,43.8087],[11.8762,43.8105],[11.8719,43.8137],[11.871,43.8154],[11.8691,43.8168],[11.8561,43.8159],[11.8538,43.8147],[11.852,43.813],[11.8508,43.8114],[11.8454,43.8092],[11.8421,43.808],[11.8386,43.81],[11.8364,43.8112],[11.8245,43.8155],[11.8176,43.8198],[11.8167,43.8222],[11.8136,43.8246],[11.8072,43.829],[11.8045,43.8316],[11.7926,43.8403],[11.7885,43.8451],[11.787,43.8462],[11.7851,43.8473],[11.774,43.8511],[11.7572,43.8567],[11.7536,43.8575],[11.7325,43.8632],[11.7295,43.8657],[11.7261,43.869],[11.7248,43.8709],[11.7219,43.8744],[11.7201,43.8754],[11.7177,43.8764],[11.7137,43.8766],[11.7102,43.8774],[11.7092,43.8844],[11.7098,43.8891],[11.7103,43.8934],[11.712,43.8964],[11.7134,43.8981],[11.7143,43.8998],[11.7155,43.9032],[11.7176,43.92],[11.7092,43.9258],[11.7026,43.9284],[11.6998,43.928],[11.6966,43.928],[11.6926,43.9296],[11.6842,43.9351],[11.6829,43.9366],[11.689,43.95],[11.6926,43.9532],[11.6912,43.9563],[11.6888,43.959],[11.6863,43.96],[11.6834,43.9601],[11.679,43.962],[11.671,43.9668],[11.6689,43.9701],[11.6677,43.972],[11.6635,43.9741],[11.6611,43.9747],[11.6576,43.9744],[11.6549,43.9747],[11.6534,43.9758],[11.6512,43.9782],[11.6456,43.9894],[11.6463,43.992],[11.6486,43.9948],[11.653,43.9996],[11.6612,44.0037],[11.6635,44.0051],[11.6616,44.0106],[11.6603,44.0127],[11.6585,44.0148],[11.6569,44.0164],[11.6597,44.0192],[11.662,44.0201],[11.6694,44.0216],[11.6789,44.0214],[11.6819,44.0212],[11.684,44.026],[11.6851,44.0282],[11.6866,44.03],[11.6884,44.0313],[11.6907,44.0322],[11.6928,44.0335],[11.6949,44.0353],[11.6959,44.0373],[11.6961,44.0444],[11.6973,44.0503],[11.7007,44.0556],[11.7094,44.0666],[11.7133,44.0697],[11.7241,44.0777],[11.7346,44.0855],[11.7365,44.0874],[11.7374,44.0893],[11.7363,44.0917],[11.7386,44.097],[11.7397,44.0987],[11.7413,44.1002],[11.7442,44.1017],[11.7472,44.1029],[11.7489,44.1041],[11.7488,44.1099],[11.7502,44.1151],[11.7511,44.1184],[11.7524,44.1203],[11.7485,44.1247],[11.7449,44.126],[11.7354,44.1252],[11.7316,44.1243],[11.7295,44.1235],[11.7255,44.1218],[11.7222,44.121],[11.719,44.1208],[11.7167,44.1218],[11.7059,44.1203],[11.6905,44.1224],[11.6795,44.123],[11.674,44.1133],[11.6695,44.1116],[11.6672,44.1103],[11.6538,44.1025],[11.6526,44.1012],[11.6449,44.1037],[11.6376,44.1115],[11.6225,44.1171],[11.6162,44.1185],[11.6092,44.1192],[11.604,44.1188],[11.5976,44.1169],[11.5909,44.1136],[11.5865,44.1126],[11.5839,44.1144],[11.5842,44.1168],[11.5878,44.1237],[11.5903,44.1245],[11.5973,44.1252],[11.6024,44.1319],[11.6039,44.1358],[11.6061,44.1386],[11.6104,44.1414],[11.6132,44.1417],[11.6159,44.1425],[11.6171,44.144],[11.6178,44.1462],[11.6167,44.1506],[11.6161,44.1531],[11.6141,44.1548],[11.6148,44.1579],[11.6108,44.16],[11.6037,44.1576],[11.5901,44.1624],[11.5791,44.1616],[11.5763,44.1612],[11.5738,44.1606],[11.568,44.1668],[11.5652,44.1672],[11.5569,44.1663],[11.553,44.1657],[11.5536,44.1621],[11.5527,44.1593],[11.5448,44.1526],[11.5423,44.1528],[11.5394,44.1535],[11.5374,44.1547],[11.5355,44.1557],[11.5289,44.1582],[11.5261,44.1579],[11.524,44.1563],[11.5224,44.1554],[11.5161,44.1576],[11.5164,44.1599],[11.5155,44.162],[11.5132,44.1635],[11.5098,44.1642],[11.506,44.1635],[11.4976,44.1687],[11.4874,44.1753],[11.4873,44.1794],[11.4802,44.1838],[11.4677,44.1858],[11.4584,44.1921],[11.4476,44.1995],[11.4463,44.2018],[11.4468,44.2039],[11.4506,44.2084],[11.4523,44.2096],[11.4513,44.2206],[11.4479,44.2229],[11.4438,44.2255],[11.4394,44.228],[11.4277,44.2342],[11.4261,44.2351],[11.4211,44.2392],[11.4187,44.2353],[11.409,44.2287],[11.4028,44.225],[11.3989,44.223],[11.3959,44.2203],[11.3946,44.2186],[11.3935,44.2164],[11.3907,44.2136],[11.3892,44.2125],[11.3874,44.2092],[11.3875,44.2063],[11.3845,44.2028],[11.383,44.2017],[11.3805,44.2],[11.3778,44.1992],[11.3737,44.1999],[11.3712,44.2011],[11.3695,44.2019],[11.3674,44.2028],[11.3652,44.2035],[11.3629,44.2041],[11.3441,44.2057],[11.3301,44.1982],[11.3249,44.195],[11.3242,44.1929],[11.3241,44.1902],[11.3232,44.1851],[11.3226,44.1822],[11.3174,44.1778],[11.3138,44.1751],[11.3119,44.1737],[11.3095,44.1728],[11.3075,44.1723],[11.3039,44.1723],[11.2999,44.1725],[11.2958,44.1724],[11.2972,44.1701],[11.298,44.1683],[11.2807,44.1553],[11.2782,44.1557],[11.2767,44.157],[11.275,44.1579],[11.2715,44.1592],[11.2512,44.1586],[11.2416,44.1589],[11.2346,44.1584],[11.2303,44.155],[11.2268,44.1536],[11.2165,44.1507],[11.214,44.1501],[11.2083,44.1502],[11.2045,44.1511],[11.2024,44.152],[11.2002,44.1524],[11.1957,44.1514],[11.1939,44.1476],[11.1959,44.1435],[11.1974,44.1425],[11.2023,44.1393],[11.2184,44.1294],[11.2228,44.1281],[11.2303,44.1261],[11.241,44.1217],[11.243,44.1198],[11.2508,44.1159],[11.255,44.1151],[11.2574,44.1152],[11.2602,44.1158],[11.262,44.1117],[11.2629,44.108],[11.2637,44.1043],[11.2577,44.1044],[11.253,44.1044],[11.2512,44.102],[11.248,44.0976],[11.2443,44.097],[11.2416,44.0975],[11.2388,44.0992],[11.2354,44.1013],[11.2289,44.1023],[11.2209,44.1014],[11.2146,44.0989],[11.2098,44.0989],[11.2026,44.1007],[11.1941,44.1045],[11.1916,44.1053],[11.1869,44.1062],[11.1752,44.107],[11.1709,44.1074],[11.166,44.1089],[11.1644,44.11],[11.163,44.1117],[11.1611,44.1124],[11.1426,44.1104],[11.1408,44.1095],[11.1394,44.1078],[11.1325,44.1085],[11.1276,44.1097],[11.1264,44.1083],[11.1246,44.1072],[11.1151,44.103],[11.1,44.0967],[11.0932,44.0945],[11.0924,44.0927],[11.0902,44.0904],[11.0829,44.0901],[11.0767,44.0916],[11.0741,44.0922],[11.0543,44.0915],[11.0516,44.0911],[11.0494,44.0902],[11.0471,44.0949],[11.0421,44.0959],[11.0364,44.0964],[11.0322,44.096],[11.0297,44.0958],[11.024,44.0975],[11.0127,44.1036],[11.002,44.1109],[11.0048,44.1215],[11.0073,44.1216],[11.0119,44.1227],[11.0142,44.1237],[11.015,44.1262],[11.0153,44.1329],[11.0145,44.1371],[11.0124,44.1382],[11.007,44.1385],[10.9962,44.1362],[10.9936,44.1335],[10.9949,44.1317],[10.994,44.1296],[10.9882,44.1269],[10.9787,44.1217],[10.9703,44.1159],[10.9687,44.1142],[10.9692,44.112],[10.9706,44.1108],[10.9699,44.1071],[10.9669,44.1033],[10.952,44.0885],[10.9447,44.0817],[10.9426,44.0806],[10.9383,44.079],[10.9324,44.077],[10.9286,44.0762],[10.924,44.0709],[10.9203,44.0652],[10.9188,44.0635],[10.917,44.0625],[10.9131,44.0623],[10.9101,44.0625],[10.9047,44.0633],[10.9027,44.0638],[10.9003,44.0648],[10.8991,44.0665],[10.9019,44.0728],[10.9053,44.0781],[10.904,44.0843],[10.9031,44.0859],[10.8921,44.0924],[10.8897,44.0936],[10.8816,44.0976],[10.8798,44.0983],[10.8698,44.0999],[10.8567,44.0991],[10.8539,44.0984],[10.8487,44.0981],[10.8467,44.1009],[10.8428,44.1096],[10.8309,44.1166],[10.8226,44.1145],[10.8214,44.113],[10.8191,44.1125],[10.8162,44.1147],[10.8148,44.1162],[10.8062,44.1179],[10.8041,44.1186],[10.8027,44.1208],[10.7979,44.1265],[10.7962,44.1276],[10.7913,44.128],[10.7837,44.1295],[10.7808,44.1307],[10.7745,44.134],[10.7662,44.1407],[10.7654,44.1436],[10.7605,44.1502],[10.759,44.1518],[10.7561,44.1533],[10.7543,44.1541],[10.7519,44.1547],[10.7439,44.1562],[10.7343,44.1566],[10.7264,44.1565],[10.7172,44.1556],[10.7138,44.1562],[10.7107,44.1557],[10.7089,44.155],[10.7015,44.1554],[10.6951,44.1572],[10.6916,44.1575],[10.6802,44.1567],[10.6725,44.1546],[10.6617,44.1538],[10.6479,44.1555],[10.6462,44.1573],[10.6446,44.1598],[10.6412,44.1598],[10.6361,44.1541],[10.6348,44.1504],[10.6344,44.148],[10.6283,44.1434],[10.6245,44.1414],[10.6234,44.1369],[10.624,44.1295],[10.6251,44.1273],[10.6249,44.1225],[10.6242,44.1206],[10.6098,44.1186],[10.6055,44.115],[10.6003,44.1149],[10.5931,44.1154],[10.5903,44.1165],[10.5864,44.1182],[10.5847,44.1191],[10.581,44.1281],[10.5778,44.1317],[10.5526,44.145],[10.5437,44.1496],[10.5323,44.155],[10.5297,44.1558],[10.5272,44.1561],[10.5249,44.157],[10.5246,44.1592],[10.5197,44.1672],[10.5229,44.1748],[10.51,44.1869],[10.507,44.1874],[10.4902,44.1966],[10.4852,44.2045],[10.4891,44.2119],[10.4927,44.2161],[10.4888,44.2205],[10.4871,44.2215],[10.4846,44.2228],[10.4806,44.2234],[10.4781,44.2235],[10.4739,44.2238],[10.471,44.2254],[10.467,44.2289],[10.4655,44.231],[10.4625,44.2309],[10.4497,44.2298],[10.4452,44.2293],[10.4429,44.2285],[10.4415,44.2272],[10.4388,44.2261],[10.4357,44.2262],[10.4303,44.2274],[10.414,44.2358],[10.4126,44.2403],[10.409,44.2454],[10.4074,44.2493],[10.4013,44.2513],[10.3788,44.2648],[10.3716,44.2694],[10.3611,44.2712],[10.3501,44.2693],[10.344,44.2694],[10.3299,44.2735],[10.3267,44.275],[10.3224,44.2757],[10.319,44.2756],[10.3081,44.2841],[10.3026,44.2848],[10.2966,44.2855],[10.2849,44.2812],[10.2813,44.2798],[10.2747,44.2764],[10.2697,44.2732],[10.2582,44.2697],[10.2539,44.2686],[10.2521,44.2696],[10.2386,44.2801],[10.237,44.2816],[10.2337,44.2873],[10.2313,44.2923],[10.2303,44.295],[10.2292,44.2967],[10.2267,44.2995],[10.2219,44.3028],[10.2181,44.3047],[10.2088,44.302],[10.2033,44.3102],[10.2023,44.3118],[10.1992,44.3139],[10.1972,44.3149],[10.1953,44.3159],[10.1932,44.3151],[10.1913,44.3139],[10.1883,44.3158],[10.187,44.3183],[10.1844,44.3216],[10.179,44.3253],[10.176,44.3272],[10.1734,44.3276],[10.1693,44.329],[10.1635,44.3357],[10.1631,44.338],[10.164,44.3402],[10.163,44.3422],[10.161,44.3441],[10.1463,44.3521],[10.142,44.3539],[10.1355,44.3539],[10.1333,44.3543],[10.1268,44.3539],[10.1211,44.3535],[10.1124,44.3517],[10.1051,44.3498],[10.103,44.3491],[10.099,44.3462],[10.0971,44.3469],[10.0949,44.3484],[10.0933,44.3506],[10.092,44.3524],[10.0843,44.3557],[10.0807,44.3571],[10.0781,44.3567],[10.0745,44.3591],[10.0655,44.364],[10.064,44.3657],[10.0625,44.3681],[10.0582,44.371],[10.0532,44.373],[10.0457,44.3734],[10.0398,44.3765],[10.0372,44.3784],[10.0346,44.3799],[10.0319,44.3808],[10.0279,44.3816],[10.0253,44.382],[10.0223,44.3827],[10.0165,44.387],[10.0122,44.3883],[10.01,44.3892],[9.9967,44.3971],[9.9962,44.3992],[9.994,44.4018],[9.9909,44.4038],[9.991,44.4092],[9.9923,44.4118],[9.9939,44.4137],[9.9965,44.4159],[9.9987,44.4176],[10.0021,44.421],[10.0068,44.43],[10.0047,44.4365],[10.001,44.4432],[9.9969,44.4465],[9.9942,44.4462],[9.9884,44.4454],[9.9807,44.445],[9.9762,44.4479],[9.9729,44.4506],[9.9714,44.4522],[9.9698,44.4578],[9.9713,44.4632],[9.9701,44.4646],[9.9541,44.4685],[9.9309,44.4718],[9.9243,44.4724],[9.9211,44.472],[9.9191,44.4712],[9.9142,44.4695],[9.9092,44.468],[9.9056,44.4693],[9.9033,44.4704],[9.9,44.4727],[9.8938,44.4706],[9.8854,44.4697],[9.8732,44.4694],[9.8703,44.4696],[9.8668,44.4703],[9.8624,44.4713],[9.8537,44.4706],[9.8277,44.4683],[9.8199,44.4664],[9.8161,44.4622],[9.8162,44.4593],[9.8169,44.4569],[9.8172,44.4544],[9.8167,44.4521],[9.8142,44.4512],[9.8113,44.451],[9.8088,44.4502],[9.8,44.4444],[9.7982,44.4431],[9.7968,44.442],[9.7905,44.4369],[9.7873,44.4332],[9.7862,44.4315],[9.7843,44.4288],[9.7832,44.4273],[9.7812,44.4249],[9.7723,44.4162],[9.7631,44.4081],[9.7581,44.4071],[9.7565,44.4062],[9.7529,44.4009],[9.7534,44.3975],[9.7551,44.3929],[9.7567,44.3917],[9.7605,44.39],[9.7438,44.3895],[9.7433,44.3855],[9.7436,44.3833],[9.7444,44.3815],[9.7427,44.3804],[9.7333,44.3795],[9.7308,44.3796],[9.7277,44.3808],[9.7254,44.3822],[9.7228,44.3826],[9.7188,44.3832],[9.69,44.3691],[9.6881,44.3678],[9.6867,44.3659],[9.675,44.3647],[9.6733,44.367],[9.672,44.3695],[9.6669,44.3848],[9.6643,44.3973],[9.663,44.4007],[9.6553,44.4117],[9.6513,44.4123],[9.6483,44.4118],[9.6453,44.4115],[9.636,44.4139],[9.6288,44.4185],[9.6235,44.4216],[9.6211,44.4225],[9.613,44.4259],[9.6097,44.4281],[9.6075,44.4303],[9.6065,44.4326],[9.6061,44.4353],[9.6028,44.4364],[9.6,44.4369],[9.5971,44.4362],[9.5955,44.4343],[9.5942,44.4329],[9.5836,44.4272],[9.5788,44.4327],[9.5733,44.4348],[9.564,44.4371],[9.5615,44.4374],[9.5592,44.4381],[9.5559,44.4368],[9.5522,44.4342],[9.5515,44.4295],[9.5463,44.4263],[9.5402,44.4255],[9.5384,44.4265],[9.5373,44.4283],[9.5348,44.4292],[9.5097,44.4258],[9.4952,44.4241],[9.4837,44.4185],[9.4819,44.4171],[9.4834,44.4156],[9.4813,44.4109],[9.4798,44.4097],[9.4773,44.41],[9.4757,44.4111],[9.4742,44.4122],[9.4722,44.4164],[9.4723,44.4219],[9.4726,44.4243],[9.4681,44.4248],[9.4658,44.4245],[9.4613,44.4229],[9.4501,44.4194],[9.4428,44.4166],[9.4384,44.4185],[9.4388,44.4279],[9.4396,44.4301],[9.445,44.4374],[9.4464,44.4388],[9.4488,44.4396],[9.4523,44.4404],[9.4551,44.4409],[9.4574,44.4415],[9.4596,44.4508],[9.4603,44.4556],[9.4611,44.458],[9.4659,44.4657],[9.4702,44.4733],[9.4697,44.4768],[9.4691,44.4792],[9.4689,44.4819],[9.4712,44.4822],[9.4746,44.4825],[9.4776,44.4813],[9.48,44.4798],[9.4823,44.4793],[9.4856,44.4797],[9.4908,44.4807],[9.4968,44.4827],[9.4961,44.4848],[9.4947,44.4974],[9.4946,44.5004],[9.4953,44.5025],[9.4993,44.5095],[9.501,44.5117],[9.5046,44.5286],[9.5009,44.5372],[9.4995,44.5389],[9.4974,44.5407],[9.4949,44.5414],[9.4905,44.5432],[9.4882,44.5456],[9.4883,44.5484],[9.4907,44.5534],[9.4933,44.5559],[9.4916,44.5582],[9.4841,44.5624],[9.477,44.565],[9.4706,44.5661],[9.4644,44.566],[9.4407,44.5667],[9.4381,44.5679],[9.4348,44.5698],[9.4281,44.5746],[9.4231,44.5746],[9.4195,44.58],[9.4188,44.5851],[9.4201,44.5868],[9.4213,44.5922],[9.4191,44.5953],[9.4166,44.5964],[9.4127,44.5962],[9.4056,44.6008],[9.4059,44.5976],[9.4031,44.5915],[9.3988,44.5875],[9.3949,44.5875],[9.3928,44.5882],[9.3905,44.5897],[9.3849,44.5846],[9.3839,44.5813],[9.3811,44.5767],[9.3787,44.5776],[9.3748,44.5796],[9.3719,44.5815],[9.3698,44.5829],[9.3657,44.5846],[9.3611,44.585],[9.3566,44.5845],[9.3505,44.5827],[9.3476,44.5806],[9.3462,44.5788],[9.3438,44.5779],[9.3402,44.5787],[9.3385,44.58],[9.3368,44.5814],[9.3345,44.5838],[9.332,44.5858],[9.3278,44.589],[9.3125,44.5969],[9.3094,44.5964],[9.3077,44.6013],[9.3056,44.6042],[9.3036,44.606],[9.3012,44.6074],[9.2974,44.6067],[9.2938,44.6084],[9.2909,44.6085],[9.2881,44.6079],[9.2869,44.6039],[9.2854,44.5998],[9.2842,44.5979],[9.2825,44.5968],[9.2802,44.5962],[9.2764,44.5959],[9.2722,44.5959],[9.2546,44.5989],[9.2468,44.5992],[9.2452,44.6004],[9.2476,44.6033],[9.2495,44.6046],[9.2519,44.6061],[9.2558,44.6096],[9.2551,44.6129],[9.2528,44.6152],[9.2463,44.6191],[9.2409,44.6195],[9.2315,44.6187],[9.2247,44.618],[9.2052,44.6152],[9.2035,44.6142],[9.2004,44.6153],[9.1988,44.6337],[9.1985,44.6398],[9.199,44.642],[9.1996,44.644],[9.1987,44.6488],[9.2,44.6503],[9.2036,44.6538],[9.2061,44.6585],[9.2064,44.6608],[9.2054,44.667],[9.204,44.67],[9.2019,44.6716],[9.201,44.6733],[9.2001,44.6754],[9.1994,44.6786],[9.1991,44.6831],[9.1998,44.6859],[9.2031,44.6858],[9.211,44.6843],[9.2168,44.6835],[9.2238,44.6834],[9.2371,44.6851],[9.2405,44.6883],[9.2335,44.6997],[9.2322,44.7018],[9.2332,44.7089],[9.2351,44.7164],[9.2383,44.7133],[9.24,44.7115],[9.2419,44.7084],[9.2503,44.6992],[9.2534,44.6966],[9.2544,44.6941],[9.2542,44.6913],[9.2553,44.6866],[9.2571,44.6827],[9.2585,44.6805],[9.2632,44.6808],[9.2705,44.6843],[9.2798,44.6858],[9.283,44.686],[9.2858,44.6851],[9.2909,44.6809],[9.2985,44.681],[9.3067,44.6882],[9.3097,44.688],[9.3185,44.6886],[9.3214,44.6891],[9.3246,44.69],[9.3257,44.6921],[9.3221,44.6946],[9.3187,44.695],[9.3166,44.6956],[9.3101,44.7016],[9.3086,44.7043],[9.3124,44.7167],[9.3138,44.7181],[9.3172,44.7195],[9.3212,44.7208],[9.3232,44.7215],[9.3253,44.7226],[9.3286,44.7265],[9.3296,44.7281],[9.3305,44.7301],[9.3326,44.735]],[[12.1765,43.8105],[12.1711,43.8079],[12.1699,43.806],[12.1728,43.7957],[12.1783,43.7874],[12.1833,43.7825],[12.1845,43.7808],[12.1847,43.776],[12.1861,43.7741],[12.1978,43.7706],[12.2006,43.7746],[12.2144,43.7835],[12.2286,43.7858],[12.2373,43.787],[12.2386,43.7919],[12.2383,43.7995],[12.2359,43.8032],[12.2335,43.8065],[12.23,43.8086],[12.2268,43.8095],[12.2245,43.8099],[12.2205,43.8047],[12.2187,43.8032],[12.2148,43.8031],[12.2111,43.8044],[12.1986,43.8062],[12.1936,43.8057],[12.1853,43.8065],[12.1796,43.8098],[12.1765,43.8105]]],[[[9.2992,44.6925],[9.3042,44.6966],[9.3046,44.6943],[9.303,44.693],[9.3007,44.6925],[9.2992,44.6925]]],[[[9.2897,44.7012],[9.2911,44.7042],[9.2953,44.7049],[9.2976,44.7044],[9.3006,44.7044],[9.3026,44.7033],[9.2922,44.7011],[9.2899,44.7008],[9.2897,44.7012]]],[[[10.4808,44.1895],[10.4807,44.1895],[10.4804,44.1895],[10.4803,44.1897],[10.4803,44.1898],[10.4804,44.1899],[10.4806,44.1902],[10.4813,44.1904],[10.4816,44.1905],[10.4818,44.1904],[10.4819,44.1903],[10.4818,44.19],[10.4817,44.1898],[10.4814,44.1897],[10.4811,44.1896],[10.4808,44.1895]]]]},"properties":{"name":"Emilia-Romagna"}},{"type":"Feature","geometry":{"type":"MultiPolygon","coordinates":[[[[9.8979,44.1636],[9.8945,44.1656],[9.8926,44.1671],[9.8999,44.1734],[9.9106,44.1802],[9.9205,44.1888],[9.9281,44.1956],[9.934,44.1966],[9.9273,44.1994],[9.924,44.1998],[9.9208,44.1999],[9.9182,44.1997],[9.9157,44.1993],[9.9109,44.2024],[9.9095,44.2041],[9.9082,44.208],[9.9073,44.2101],[9.8971,44.2099],[9.8949,44.2093],[9.8912,44.2078],[9.8922,44.2055],[9.8877,44.204],[9.8788,44.1992],[9.8744,44.1953],[9.872,44.1914],[9.8701,44.1855],[9.865,44.1807],[9.8576,44.1935],[9.859,44.1951],[9.8614,44.1999],[9.8647,44.2064],[9.8669,44.2109],[9.8699,44.2167],[9.8754,44.2239],[9.8737,44.225],[9.8688,44.2271],[9.8665,44.2279],[9.8635,44.2282],[9.8616,44.2294],[9.8584,44.2325],[9.857,44.234],[9.8575,44.2363],[9.859,44.2374],[9.86,44.2395],[9.8612,44.2508],[9.8593,44.2532],[9.857,44.2562],[9.8545,44.2636],[9.8543,44.2672],[9.8533,44.2693],[9.8515,44.2709],[9.8438,44.2719],[9.8394,44.2721],[9.8362,44.2744],[9.8361,44.2775],[9.8296,44.2804],[9.8232,44.2816],[9.8148,44.2862],[9.8057,44.2828],[9.8027,44.2853],[9.7885,44.2944],[9.7838,44.2968],[9.7715,44.3009],[9.7654,44.3043],[9.7643,44.3066],[9.7641,44.309],[9.7615,44.3141],[9.7597,44.3167],[9.7583,44.3184],[9.7538,44.3222],[9.7433,44.3267],[9.7345,44.3286],[9.7295,44.3283],[9.7272,44.3317],[9.724,44.3379],[9.7184,44.3507],[9.7181,44.3532],[9.7175,44.3553],[9.7111,44.3636],[9.7072,44.3657],[9.6906,44.3653],[9.6867,44.3659],[9.6881,44.3678],[9.69,44.3691],[9.7169,44.3832],[9.7228,44.3826],[9.7254,44.3822],[9.7277,44.3808],[9.7308,44.3796],[9.7333,44.3795],[9.7427,44.3804],[9.7444,44.3815],[9.7436,44.3833],[9.7433,44.3855],[9.743,44.3881],[9.7589,44.3901],[9.7567,44.3917],[9.7551,44.3929],[9.7534,44.3975],[9.7528,44.4005],[9.7556,44.405],[9.7574,44.4072],[9.7613,44.4078],[9.7723,44.4162],[9.7812,44.4249],[9.7832,44.4273],[9.7843,44.4288],[9.7862,44.4315],[9.7873,44.4332],[9.7897,44.4361],[9.7968,44.442],[9.7982,44.4431],[9.8,44.4444],[9.8088,44.4502],[9.8113,44.451],[9.8142,44.4512],[9.8167,44.4521],[9.8172,44.4544],[9.8169,44.4567],[9.8162,44.4593],[9.8159,44.4618],[9.8199,44.4664],[9.8277,44.4683],[9.8537,44.4706],[9.8624,44.4713],[9.8652,44.471],[9.8687,44.4698],[9.8712,44.4695],[9.8836,44.4697],[9.8926,44.4702],[9.9,44.4727],[9.9033,44.4704],[9.9056,44.4693],[9.9088,44.468],[9.9142,44.4695],[9.9182,44.4708],[9.9202,44.4717],[9.9233,44.4724],[9.9309,44.4718],[9.9541,44.4685],[9.9701,44.4646],[9.9713,44.4632],[9.9698,44.4578],[9.9714,44.4522],[9.9729,44.4506],[9.9762,44.4479],[9.9807,44.445],[9.9884,44.4454],[9.9929,44.4455],[9.9951,44.4466],[10.0004,44.4439],[10.0043,44.4373],[10.0069,44.4317],[10.0021,44.421],[9.9987,44.4176],[9.9971,44.4163],[9.9939,44.4137],[9.9926,44.4122],[9.991,44.4092],[9.9893,44.4043],[9.9934,44.4021],[9.9958,44.3998],[9.9967,44.3971],[10.01,44.3892],[10.0122,44.3883],[10.0157,44.3872],[10.021,44.3835],[10.0253,44.382],[10.0279,44.3816],[10.0309,44.3812],[10.0346,44.3799],[10.0372,44.3784],[10.0398,44.3765],[10.0457,44.3734],[10.0532,44.373],[10.0571,44.3715],[10.0625,44.3681],[10.0638,44.3664],[10.0649,44.3643],[10.0745,44.3591],[10.0781,44.3567],[10.0807,44.3571],[10.0843,44.3557],[10.0904,44.3532],[10.0927,44.3517],[10.0942,44.3493],[10.0958,44.3477],[10.0983,44.3463],[10.1017,44.3484],[10.1041,44.3495],[10.1124,44.3517],[10.1198,44.3534],[10.1268,44.3539],[10.1333,44.3543],[10.1355,44.3539],[10.142,44.3539],[10.1463,44.3521],[10.161,44.3441],[10.1626,44.3428],[10.1639,44.3408],[10.1634,44.3384],[10.1635,44.3357],[10.1679,44.3299],[10.1725,44.3279],[10.1753,44.3276],[10.179,44.3253],[10.1844,44.3216],[10.187,44.3183],[10.1883,44.3158],[10.1896,44.3143],[10.1922,44.3143],[10.1946,44.3158],[10.1972,44.3149],[10.1992,44.3139],[10.2017,44.3124],[10.2033,44.3102],[10.2088,44.302],[10.2163,44.3044],[10.2205,44.3036],[10.2263,44.3],[10.2286,44.2975],[10.2298,44.2958],[10.2309,44.2939],[10.2333,44.2883],[10.2361,44.2828],[10.2386,44.2801],[10.2521,44.2696],[10.2539,44.2686],[10.2582,44.2697],[10.2697,44.2732],[10.2747,44.2764],[10.2813,44.2798],[10.2849,44.2812],[10.2966,44.2855],[10.3026,44.2848],[10.3071,44.2843],[10.319,44.2756],[10.3224,44.2757],[10.3267,44.275],[10.3299,44.2735],[10.3428,44.2696],[10.3483,44.2691],[10.3611,44.2712],[10.3716,44.2694],[10.3788,44.2648],[10.4013,44.2513],[10.4074,44.2493],[10.409,44.2454],[10.4124,44.2407],[10.4138,44.2376],[10.4303,44.2274],[10.4357,44.2262],[10.4388,44.2261],[10.4415,44.2272],[10.4429,44.2285],[10.4452,44.2293],[10.4497,44.2298],[10.4625,44.2309],[10.4649,44.2311],[10.467,44.2289],[10.4701,44.2261],[10.4729,44.2241],[10.4781,44.2235],[10.4806,44.2234],[10.4838,44.2231],[10.4871,44.2215],[10.4888,44.2205],[10.4929,44.217],[10.4891,44.2119],[10.4852,44.2048],[10.49,44.1968],[10.5064,44.1877],[10.509,44.1868],[10.5229,44.1748],[10.5197,44.1672],[10.5246,44.1592],[10.5249,44.157],[10.5272,44.1561],[10.5297,44.1558],[10.5323,44.155],[10.5437,44.1496],[10.5526,44.145],[10.5775,44.1319],[10.5805,44.1294],[10.5835,44.1203],[10.5855,44.1186],[10.5896,44.1168],[10.5917,44.1159],[10.6003,44.1149],[10.6038,44.1147],[10.6098,44.1186],[10.6241,44.1204],[10.6249,44.1225],[10.6253,44.1268],[10.624,44.1295],[10.6234,44.1369],[10.6238,44.1412],[10.6283,44.1434],[10.6337,44.1464],[10.6348,44.1504],[10.6357,44.1533],[10.6412,44.1598],[10.644,44.1601],[10.6462,44.1573],[10.6479,44.1555],[10.6617,44.1538],[10.6725,44.1546],[10.679,44.1564],[10.6916,44.1575],[10.694,44.1577],[10.7015,44.1554],[10.7079,44.155],[10.7107,44.1557],[10.7124,44.1572],[10.715,44.1558],[10.7244,44.1561],[10.7343,44.1566],[10.7419,44.1564],[10.7519,44.1547],[10.7543,44.1541],[10.7561,44.1533],[10.759,44.1518],[10.7605,44.1502],[10.7649,44.1445],[10.7656,44.1426],[10.7733,44.1347],[10.7793,44.1314],[10.7823,44.1301],[10.7913,44.128],[10.7949,44.128],[10.7973,44.1271],[10.8024,44.1224],[10.8032,44.1193],[10.8052,44.1182],[10.8136,44.116],[10.8162,44.1147],[10.8191,44.1125],[10.8214,44.113],[10.8226,44.1145],[10.8298,44.117],[10.8428,44.1096],[10.846,44.1025],[10.8484,44.0983],[10.8539,44.0984],[10.8567,44.0991],[10.8698,44.0999],[10.8787,44.0986],[10.8812,44.0978],[10.8897,44.0936],[10.8921,44.0924],[10.9028,44.0861],[10.904,44.0843],[10.9055,44.0794],[10.9019,44.0728],[10.8995,44.0672],[10.9003,44.0648],[10.9027,44.0638],[10.9047,44.0633],[10.9101,44.0625],[10.9131,44.0623],[10.9161,44.0623],[10.9183,44.063],[10.9196,44.0643],[10.924,44.0709],[10.9269,44.0755],[10.9324,44.077],[10.9383,44.079],[10.9426,44.0806],[10.9447,44.0817],[10.952,44.0885],[10.9669,44.1033],[10.9696,44.1066],[10.9706,44.1104],[10.9692,44.112],[10.9687,44.1142],[10.9699,44.1155],[10.9787,44.1217],[10.9882,44.1269],[10.9935,44.1292],[10.9948,44.1304],[10.9944,44.1326],[10.9962,44.1362],[11.007,44.1385],[11.0124,44.1382],[11.0143,44.1375],[11.0153,44.1329],[11.015,44.1262],[11.0145,44.124],[11.0128,44.123],[11.0094,44.122],[11.0062,44.1215],[11.0016,44.1118],[11.0115,44.1044],[11.024,44.0975],[11.0277,44.0961],[11.03,44.0958],[11.0364,44.0964],[11.0421,44.0959],[11.0471,44.0949],[11.0494,44.0902],[11.0516,44.0911],[11.0543,44.0915],[11.0741,44.0922],[11.0767,44.0916],[11.0829,44.0901],[11.0894,44.09],[11.0921,44.0924],[11.0932,44.0945],[11.0991,44.0964],[11.1151,44.103],[11.124,44.1069],[11.1264,44.1083],[11.1276,44.1097],[11.1305,44.1088],[11.1388,44.1078],[11.1405,44.109],[11.1426,44.1104],[11.1592,44.1124],[11.1617,44.1123],[11.1639,44.1107],[11.1652,44.1091],[11.1703,44.1076],[11.1729,44.1072],[11.1863,44.1061],[11.1916,44.1053],[11.1941,44.1045],[11.2024,44.1007],[11.2086,44.0991],[11.2136,44.0987],[11.22,44.1009],[11.2284,44.1024],[11.2354,44.1013],[11.2386,44.0994],[11.2412,44.0977],[11.2443,44.097],[11.248,44.0976],[11.2507,44.1005],[11.253,44.1044],[11.2577,44.1044],[11.2637,44.1043],[11.2629,44.108],[11.262,44.1117],[11.2607,44.1149],[11.2585,44.1154],[11.2552,44.1151],[11.2508,44.1159],[11.243,44.1198],[11.241,44.1217],[11.2303,44.1261],[11.2228,44.1281],[11.2184,44.1294],[11.2023,44.1393],[11.1974,44.1425],[11.1959,44.1435],[11.1938,44.1456],[11.1957,44.1514],[11.2002,44.1524],[11.2024,44.152],[11.2045,44.1511],[11.2074,44.1503],[11.214,44.1501],[11.2165,44.1507],[11.2268,44.1536],[11.2303,44.155],[11.2338,44.1579],[11.2393,44.1589],[11.2512,44.1586],[11.2715,44.1592],[11.275,44.1579],[11.2767,44.157],[11.2782,44.1557],[11.2807,44.1553],[11.2981,44.1679],[11.2972,44.1701],[11.296,44.1716],[11.2987,44.1726],[11.3029,44.1724],[11.3068,44.1723],[11.3095,44.1728],[11.3119,44.1737],[11.3138,44.1751],[11.3168,44.1773],[11.3226,44.1822],[11.3232,44.1851],[11.3241,44.1902],[11.3242,44.1929],[11.3249,44.195],[11.3301,44.1982],[11.3428,44.2058],[11.3629,44.2041],[11.3652,44.2035],[11.3674,44.2028],[11.3695,44.2019],[11.3712,44.2011],[11.3737,44.1999],[11.3768,44.1992],[11.3799,44.1997],[11.3822,44.2011],[11.3838,44.2022],[11.3871,44.2049],[11.3873,44.2074],[11.3888,44.2118],[11.3907,44.2136],[11.3931,44.2159],[11.3943,44.2182],[11.3959,44.2203],[11.3983,44.2227],[11.4028,44.225],[11.409,44.2287],[11.4187,44.2353],[11.4211,44.2392],[11.4261,44.2351],[11.4277,44.2342],[11.4394,44.228],[11.4438,44.2255],[11.4479,44.2229],[11.4513,44.2206],[11.4523,44.2096],[11.4506,44.2084],[11.4468,44.2039],[11.4463,44.2018],[11.4476,44.1995],[11.4584,44.1921],[11.4677,44.1858],[11.4802,44.1838],[11.4873,44.1794],[11.4874,44.1753],[11.4976,44.1687],[11.506,44.1635],[11.5098,44.1642],[11.5127,44.1636],[11.5155,44.162],[11.5164,44.1599],[11.5153,44.1581],[11.5224,44.1554],[11.524,44.1563],[11.5261,44.1579],[11.5285,44.1583],[11.5355,44.1557],[11.5374,44.1547],[11.5394,44.1535],[11.5414,44.1529],[11.5444,44.1525],[11.5519,44.1585],[11.5535,44.1607],[11.553,44.1636],[11.5569,44.1663],[11.5652,44.1672],[11.568,44.1668],[11.5729,44.1609],[11.5763,44.1612],[11.5791,44.1616],[11.5901,44.1624],[11.6037,44.1576],[11.6108,44.16],[11.6154,44.1583],[11.6142,44.1566],[11.615,44.1541],[11.6167,44.1506],[11.6178,44.1462],[11.6171,44.144],[11.6159,44.1425],[11.6143,44.1416],[11.6117,44.1417],[11.6061,44.1386],[11.6039,44.1358],[11.6024,44.1319],[11.5973,44.1252],[11.5918,44.1246],[11.5886,44.1242],[11.5842,44.1168],[11.5839,44.1144],[11.5846,44.1122],[11.5909,44.1136],[11.5967,44.1163],[11.604,44.1188],[11.6092,44.1192],[11.6162,44.1185],[11.6225,44.1171],[11.6376,44.1115],[11.6449,44.1037],[11.6526,44.1012],[11.6538,44.1025],[11.6672,44.1103],[11.6695,44.1116],[11.674,44.1133],[11.678,44.1222],[11.6896,44.1225],[11.7059,44.1203],[11.7159,44.1226],[11.7174,44.1214],[11.7203,44.1207],[11.724,44.1214],[11.7279,44.1227],[11.7316,44.1243],[11.7354,44.1252],[11.7442,44.1261],[11.7485,44.1247],[11.7526,44.1214],[11.7516,44.1194],[11.7502,44.1151],[11.7488,44.1099],[11.7491,44.1052],[11.7472,44.1029],[11.7442,44.1017],[11.7413,44.1002],[11.7397,44.0987],[11.7386,44.097],[11.7361,44.0924],[11.7374,44.0902],[11.737,44.0881],[11.7355,44.0862],[11.7241,44.0777],[11.7141,44.0703],[11.7098,44.0669],[11.7007,44.0556],[11.6973,44.0503],[11.6961,44.0444],[11.6958,44.0391],[11.6955,44.0361],[11.6939,44.0344],[11.6918,44.0328],[11.6895,44.0317],[11.6875,44.0307],[11.6858,44.029],[11.6845,44.027],[11.6819,44.0212],[11.6789,44.0214],[11.6705,44.0217],[11.6629,44.0203],[11.6607,44.0197],[11.6565,44.0175],[11.6585,44.0148],[11.6603,44.0127],[11.6616,44.0106],[11.6639,44.0062],[11.6612,44.0037],[11.653,43.9996],[11.6486,43.9948],[11.647,43.9931],[11.646,43.9907],[11.6503,43.9797],[11.6534,43.9758],[11.6549,43.9747],[11.6576,43.9744],[11.6601,43.9746],[11.6635,43.9741],[11.6665,43.9726],[11.6684,43.9712],[11.671,43.9668],[11.679,43.962],[11.6816,43.9607],[11.6844,43.96],[11.6888,43.959],[11.6909,43.9569],[11.6923,43.9542],[11.689,43.95],[11.6824,43.9383],[11.6833,43.9362],[11.6926,43.9296],[11.6963,43.9281],[11.6998,43.928],[11.7026,43.9284],[11.7092,43.9258],[11.717,43.9218],[11.7155,43.9032],[11.7143,43.8998],[11.7134,43.8981],[11.712,43.8964],[11.7105,43.8939],[11.7098,43.8891],[11.7092,43.8844],[11.7107,43.879],[11.7137,43.8766],[11.7177,43.8764],[11.7201,43.8754],[11.7219,43.8744],[11.7242,43.8716],[11.7254,43.8701],[11.7295,43.8657],[11.7314,43.8639],[11.7536,43.8575],[11.7572,43.8567],[11.774,43.8511],[11.7845,43.8476],[11.7865,43.8466],[11.7885,43.8451],[11.7926,43.8403],[11.8045,43.8316],[11.8072,43.829],[11.8136,43.8246],[11.8167,43.8222],[11.8176,43.8198],[11.8245,43.8155],[11.8352,43.8117],[11.8375,43.8106],[11.8417,43.808],[11.8454,43.8092],[11.8508,43.8114],[11.852,43.813],[11.8533,43.8143],[11.8554,43.8157],[11.8674,43.8169],[11.8701,43.8166],[11.8713,43.8143],[11.8762,43.8105],[11.8872,43.8087],[11.8964,43.8078],[11.9031,43.8102],[11.909,43.8124],[11.9134,43.8067],[11.9125,43.8035],[11.9123,43.8008],[11.9131,43.7989],[11.9188,43.7937],[11.9211,43.7942],[11.9286,43.7941],[11.9471,43.7909],[11.9496,43.7889],[11.9512,43.787],[11.9511,43.779],[11.9527,43.7766],[11.9681,43.7698],[11.9702,43.769],[11.9741,43.7681],[11.9792,43.7656],[11.9865,43.7619],[11.9889,43.7622],[11.9961,43.7633],[11.9987,43.764],[11.9999,43.7657],[12.0064,43.7665],[12.009,43.7655],[12.0103,43.7634],[12.0204,43.7606],[12.0256,43.7613],[12.0282,43.7615],[12.0366,43.7573],[12.0443,43.7562],[12.0449,43.7586],[12.0512,43.7574],[12.0537,43.7567],[12.0604,43.7536],[12.0617,43.7521],[12.0629,43.7462],[12.0644,43.7432],[12.0666,43.7419],[12.0705,43.7407],[12.0771,43.7407],[12.0827,43.7445],[12.085,43.7458],[12.0874,43.747],[12.1023,43.7517],[12.1074,43.7538],[12.1104,43.7526],[12.1228,43.7493],[12.126,43.7494],[12.1411,43.7524],[12.1459,43.754],[12.1475,43.755],[12.1525,43.7587],[12.1606,43.762],[12.1637,43.7624],[12.1695,43.7544],[12.1709,43.7522],[12.1784,43.745],[12.1842,43.7423],[12.1916,43.7348],[12.1946,43.7319],[12.1992,43.7374],[12.2004,43.7398],[12.1977,43.7448],[12.1993,43.7463],[12.2046,43.7483],[12.2072,43.749],[12.2092,43.7553],[12.2101,43.7573],[12.2143,43.7579],[12.2281,43.7596],[12.231,43.759],[12.233,43.7583],[12.2363,43.7568],[12.2395,43.7552],[12.2413,43.7542],[12.2414,43.7514],[12.2441,43.751],[12.2482,43.7515],[12.2531,43.7526],[12.2551,43.7537],[12.2534,43.7548],[12.2508,43.7559],[12.2541,43.7594],[12.256,43.7605],[12.2779,43.7648],[12.2814,43.765],[12.2838,43.7649],[12.2877,43.7629],[12.291,43.7617],[12.296,43.7595],[12.2987,43.7579],[12.3074,43.7564],[12.3165,43.7557],[12.3271,43.751],[12.3291,43.7488],[12.3307,43.7465],[12.3316,43.7441],[12.3346,43.7399],[12.3377,43.7369],[12.3398,43.7358],[12.3427,43.7336],[12.3477,43.7295],[12.3616,43.7196],[12.3639,43.7183],[12.3682,43.7151],[12.37,43.713],[12.3711,43.7114],[12.3713,43.709],[12.3701,43.7073],[12.3686,43.706],[12.3587,43.7025],[12.353,43.7044],[12.3501,43.7077],[12.3451,43.71],[12.3422,43.709],[12.3348,43.7072],[12.3321,43.708],[12.3301,43.707],[12.3294,43.702],[12.3297,43.6986],[12.3337,43.6812],[12.3362,43.6781],[12.3326,43.6743],[12.3308,43.6736],[12.3292,43.6748],[12.3275,43.6757],[12.325,43.6763],[12.3157,43.6779],[12.3165,43.6813],[12.3204,43.6879],[12.3213,43.6917],[12.3211,43.6942],[12.3147,43.7003],[12.315,43.7071],[12.3144,43.7115],[12.3135,43.7166],[12.3142,43.72],[12.3096,43.7301],[12.3062,43.7288],[12.3041,43.7271],[12.3031,43.7255],[12.3012,43.7213],[12.3015,43.7174],[12.3032,43.7165],[12.3046,43.7147],[12.3045,43.7031],[12.3058,43.6979],[12.3025,43.6952],[12.2988,43.6896],[12.2974,43.6863],[12.2851,43.6802],[12.2793,43.678],[12.2735,43.676],[12.2688,43.6774],[12.2628,43.6797],[12.2451,43.6815],[12.2504,43.6749],[12.2511,43.6729],[12.2495,43.6689],[12.2482,43.6674],[12.2327,43.6556],[12.2289,43.6534],[12.2217,43.6511],[12.2111,43.6498],[12.2089,43.6505],[12.2059,43.6518],[12.1997,43.6502],[12.1863,43.6425],[12.1872,43.636],[12.1883,43.6344],[12.1897,43.6329],[12.1961,43.6291],[12.1981,43.6284],[12.2002,43.6279],[12.2034,43.6266],[12.2099,43.621],[12.2112,43.6189],[12.2138,43.6109],[12.2032,43.6062],[12.2012,43.6045],[12.1998,43.6032],[12.196,43.5991],[12.1963,43.5967],[12.197,43.5944],[12.1964,43.5923],[12.1944,43.5888],[12.1926,43.5876],[12.1901,43.5867],[12.1881,43.5862],[12.1846,43.584],[12.1811,43.5794],[12.1787,43.575],[12.1682,43.5653],[12.164,43.5625],[12.1581,43.5483],[12.1594,43.546],[12.1539,43.5314],[12.1534,43.529],[12.143,43.5342],[12.1421,43.5358],[12.1371,43.5342],[12.1268,43.5316],[12.1181,43.5301],[12.1075,43.5307],[12.1027,43.5299],[12.0958,43.5232],[12.0914,43.5128],[12.0909,43.5087],[12.0914,43.5066],[12.0912,43.5034],[12.0921,43.5015],[12.0942,43.4998],[12.0959,43.4987],[12.0995,43.4981],[12.1083,43.4957],[12.1105,43.4935],[12.1185,43.4883],[12.131,43.4826],[12.1365,43.4825],[12.1407,43.4825],[12.1443,43.4798],[12.1449,43.4774],[12.1443,43.4737],[12.1435,43.4712],[12.1412,43.4689],[12.137,43.4682],[12.1239,43.467],[12.1095,43.4626],[12.104,43.4604],[12.1017,43.4578],[12.0995,43.4544],[12.1,43.4514],[12.1006,43.4493],[12.0992,43.4471],[12.0978,43.446],[12.0875,43.4381],[12.0823,43.4346],[12.0803,43.4338],[12.0776,43.4338],[12.0749,43.4343],[12.0721,43.4353],[12.0694,43.4361],[12.0665,43.4369],[12.0621,43.438],[12.0593,43.4385],[12.0569,43.4383],[12.0536,43.4349],[12.0528,43.432],[12.0512,43.4302],[12.041,43.4261],[12.0355,43.4249],[12.0321,43.4237],[12.0296,43.4213],[12.0269,43.4181],[12.0252,43.4156],[12.0267,43.4103],[12.0314,43.4011],[12.0521,43.3983],[12.0577,43.4004],[12.066,43.4035],[12.0689,43.4045],[12.071,43.405],[12.0737,43.4038],[12.0773,43.4021],[12.0778,43.3994],[12.0774,43.3968],[12.0757,43.3951],[12.0746,43.393],[12.0737,43.391],[12.073,43.3876],[12.0728,43.3822],[12.073,43.3704],[12.0754,43.367],[12.077,43.3658],[12.0806,43.3654],[12.0934,43.3664],[12.0955,43.3676],[12.0967,43.3691],[12.0998,43.3718],[12.1026,43.3725],[12.1082,43.3703],[12.1113,43.3691],[12.1147,43.3659],[12.1188,43.3644],[12.1214,43.3617],[12.124,43.3589],[12.1256,43.3571],[12.1271,43.3552],[12.1286,43.3534],[12.1301,43.3514],[12.1346,43.3436],[12.1354,43.3418],[12.1363,43.3317],[12.1357,43.3262],[12.1338,43.3159],[12.1311,43.3118],[12.13,43.3103],[12.1282,43.3089],[12.1262,43.3077],[12.1318,43.294],[12.1338,43.2925],[12.1496,43.2863],[12.1647,43.2823],[12.174,43.2814],[12.177,43.2818],[12.1782,43.2831],[12.18,43.286],[12.1814,43.2882],[12.1852,43.2944],[12.1832,43.3008],[12.1938,43.3131],[12.2021,43.3095],[12.2032,43.3077],[12.2053,43.3052],[12.2151,43.3002],[12.2172,43.2993],[12.2198,43.2988],[12.2237,43.2963],[12.2229,43.2944],[12.2101,43.2827],[12.2083,43.2819],[12.2058,43.2813],[12.2029,43.2804],[12.1995,43.2793],[12.1953,43.2776],[12.1863,43.2739],[12.1837,43.2736],[12.1805,43.2738],[12.1772,43.2738],[12.1747,43.2731],[12.1664,43.2687],[12.1621,43.2657],[12.1544,43.2594],[12.1519,43.257],[12.1486,43.2546],[12.1444,43.2535],[12.1421,43.253],[12.1391,43.2529],[12.1332,43.2535],[12.1293,43.254],[12.1261,43.2547],[12.1218,43.2552],[12.1193,43.2542],[12.1127,43.251],[12.1107,43.2495],[12.1086,43.2454],[12.1037,43.2422],[12.1014,43.2411],[12.0988,43.2406],[12.0944,43.2392],[12.0946,43.2368],[12.0924,43.2359],[12.0859,43.2363],[12.0834,43.2373],[12.0781,43.2419],[12.0757,43.2436],[12.0739,43.2445],[12.0714,43.245],[12.0672,43.2451],[12.0648,43.2455],[12.0619,43.246],[12.0585,43.2471],[12.0569,43.2482],[12.0557,43.2495],[12.0541,43.251],[12.0489,43.2531],[12.044,43.251],[12.034,43.2467],[12.0352,43.2408],[12.037,43.2378],[12.0397,43.229],[12.0366,43.2248],[12.0353,43.2211],[12.0362,43.2165],[12.031,43.2066],[12.0272,43.2024],[12.0268,43.1994],[12.0284,43.1983],[12.0275,43.1916],[12.0241,43.1882],[12.0198,43.1852],[12.0064,43.1805],[12.0036,43.1802],[11.996,43.1801],[11.9932,43.1804],[11.9875,43.1805],[11.9766,43.1751],[11.9751,43.1738],[11.9739,43.172],[11.9723,43.1704],[11.9702,43.1692],[11.9647,43.1674],[11.9622,43.167],[11.9465,43.1619],[11.9338,43.1555],[11.9287,43.1526],[11.9268,43.1509],[11.925,43.1493],[11.924,43.1478],[11.9223,43.1414],[11.9222,43.1369],[11.9204,43.1317],[11.918,43.1306],[11.9155,43.1299],[11.9135,43.1291],[11.9158,43.1243],[11.9192,43.12],[11.9209,43.1177],[11.9304,43.0943],[11.9311,43.0915],[11.9306,43.0889],[11.9235,43.0793],[11.9237,43.0752],[11.9277,43.0724],[11.9321,43.0677],[11.9348,43.0614],[11.9356,43.0586],[11.936,43.0562],[11.9401,43.0533],[11.9425,43.0532],[11.9454,43.0543],[11.9481,43.0556],[11.9511,43.0599],[11.9504,43.0621],[11.951,43.0652],[11.9556,43.0684],[11.9615,43.0679],[11.9645,43.0671],[11.9669,43.0662],[11.9725,43.064],[11.9762,43.0613],[11.9778,43.0599],[11.9804,43.0571],[11.9823,43.0514],[11.9822,43.0489],[11.9814,43.0469],[11.9801,43.0449],[11.9783,43.0438],[11.9765,43.0427],[11.9754,43.0413],[11.9737,43.0383],[11.9724,43.0353],[11.9712,43.0248],[11.9717,43.0228],[11.971,43.02],[11.9699,43.0181],[11.9682,43.0155],[11.9666,43.0122],[11.9641,43.0065],[11.9619,43.0009],[11.9608,42.9973],[11.9597,42.9922],[11.9561,42.9828],[11.9546,42.9795],[11.9495,42.9765],[11.9504,42.9725],[11.9495,42.9699],[11.9482,42.9665],[11.9485,42.9627],[11.9503,42.9589],[11.9516,42.9574],[11.9529,42.9547],[11.9521,42.9497],[11.9437,42.9389],[11.9386,42.9282],[11.9376,42.9235],[11.9352,42.9155],[11.9333,42.9096],[11.9335,42.9054],[11.9356,42.904],[11.9378,42.9031],[11.9412,42.9029],[11.9482,42.902],[11.9521,42.901],[11.9566,42.8938],[11.9588,42.8916],[11.9591,42.886],[11.959,42.8817],[11.9586,42.8743],[11.9587,42.8711],[11.951,42.8699],[11.9463,42.8708],[11.944,42.8718],[11.9368,42.8704],[11.9337,42.8697],[11.9305,42.8697],[11.926,42.8672],[11.924,42.8635],[11.9232,42.8617],[11.9208,42.8572],[11.9141,42.8513],[11.9118,42.8496],[11.9096,42.8491],[11.9068,42.8487],[11.8933,42.8439],[11.8929,42.8397],[11.895,42.8347],[11.8911,42.8339],[11.8874,42.8349],[11.8854,42.8356],[11.8824,42.8357],[11.8746,42.8358],[11.8668,42.8353],[11.8631,42.8357],[11.8568,42.837],[11.8506,42.8387],[11.8449,42.834],[11.832,42.8268],[11.8293,42.8262],[11.8268,42.8259],[11.8249,42.8266],[11.8154,42.8238],[11.8137,42.8227],[11.8132,42.8199],[11.8141,42.818],[11.8149,42.8154],[11.8133,42.8109],[11.8109,42.8069],[11.8116,42.8017],[11.8114,42.7991],[11.8097,42.797],[11.8069,42.7949],[11.8048,42.7957],[11.8026,42.7984],[11.803,42.801],[11.7933,42.8112],[11.7864,42.8163],[11.7826,42.8177],[11.78,42.818],[11.7759,42.8207],[11.7685,42.82],[11.7689,42.8164],[11.7644,42.8117],[11.7611,42.81],[11.7593,42.809],[11.7533,42.8022],[11.752,42.7983],[11.7514,42.7962],[11.75,42.7905],[11.7487,42.7882],[11.746,42.7858],[11.7516,42.7827],[11.7545,42.7818],[11.7576,42.7822],[11.7608,42.7813],[11.762,42.7796],[11.7644,42.7779],[11.7739,42.7688],[11.779,42.7592],[11.7905,42.7556],[11.7939,42.7558],[11.7968,42.7557],[11.8067,42.7537],[11.8099,42.752],[11.8118,42.7508],[11.8133,42.7487],[11.8134,42.7459],[11.8155,42.7454],[11.8187,42.7458],[11.8159,42.7413],[11.8094,42.7339],[11.8086,42.7307],[11.8082,42.7279],[11.8048,42.7166],[11.802,42.7116],[11.8009,42.7093],[11.8016,42.7072],[11.7986,42.7067],[11.7958,42.7065],[11.7849,42.707],[11.7822,42.7073],[11.7811,42.7053],[11.784,42.6942],[11.7863,42.6896],[11.7856,42.6876],[11.7838,42.6815],[11.7845,42.6713],[11.7902,42.6703],[11.8004,42.6686],[11.8063,42.6627],[11.8084,42.6598],[11.8093,42.6573],[11.8095,42.6544],[11.8079,42.65],[11.8048,42.644],[11.7964,42.6435],[11.795,42.6421],[11.7918,42.6402],[11.7895,42.6398],[11.7872,42.6395],[11.7846,42.638],[11.7821,42.6358],[11.777,42.6351],[11.7671,42.6373],[11.7574,42.6388],[11.755,42.639],[11.7514,42.6389],[11.7498,42.6375],[11.7502,42.6353],[11.7511,42.6318],[11.7518,42.6256],[11.7508,42.6237],[11.7489,42.6214],[11.7437,42.6174],[11.7385,42.6133],[11.736,42.6098],[11.7363,42.607],[11.7344,42.6063],[11.731,42.6059],[11.7279,42.6062],[11.7242,42.6108],[11.7116,42.611],[11.7067,42.6068],[11.703,42.6034],[11.7002,42.601],[11.6976,42.6002],[11.695,42.6003],[11.6923,42.5998],[11.6857,42.5978],[11.6837,42.5969],[11.68,42.5953],[11.6815,42.592],[11.683,42.5907],[11.684,42.589],[11.6859,42.5853],[11.6815,42.5813],[11.6767,42.5791],[11.6748,42.5784],[11.669,42.5769],[11.666,42.5762],[11.6572,42.5772],[11.6557,42.5742],[11.6544,42.5726],[11.6434,42.5663],[11.6364,42.5649],[11.6337,42.5655],[11.6326,42.5681],[11.6308,42.5692],[11.6287,42.5697],[11.6261,42.5694],[11.6241,42.5684],[11.62,42.5643],[11.6162,42.5599],[11.6087,42.5634],[11.6083,42.5662],[11.6052,42.5679],[11.6009,42.5698],[11.5886,42.5711],[11.5807,42.5679],[11.5786,42.5662],[11.5804,42.5596],[11.5825,42.5462],[11.5844,42.5428],[11.5776,42.5394],[11.5693,42.5342],[11.5653,42.528],[11.5636,42.5249],[11.5612,42.5173],[11.5625,42.5149],[11.5673,42.5099],[11.5707,42.5098],[11.5723,42.5109],[11.5785,42.5096],[11.5805,42.5088],[11.5838,42.5071],[11.5862,42.5054],[11.5871,42.5037],[11.5952,42.4956],[11.5974,42.4953],[11.6066,42.4934],[11.6088,42.4928],[11.616,42.4886],[11.6161,42.4861],[11.6164,42.4834],[11.6176,42.4815],[11.6194,42.4773],[11.62,42.4752],[11.6175,42.468],[11.6163,42.455],[11.6176,42.445],[11.6192,42.4408],[11.6181,42.4368],[11.6113,42.437],[11.6084,42.437],[11.6063,42.4365],[11.6034,42.4361],[11.5858,42.4368],[11.5798,42.4371],[11.5565,42.4389],[11.5478,42.4408],[11.5443,42.4422],[11.53,42.4377],[11.5226,42.435],[11.5207,42.4339],[11.518,42.4335],[11.512,42.4345],[11.5075,42.4358],[11.5047,42.4369],[11.5,42.4389],[11.4889,42.4394],[11.4867,42.438],[11.4819,42.4345],[11.4809,42.428],[11.4814,42.4227],[11.4821,42.4207],[11.4765,42.4134],[11.4745,42.4119],[11.4622,42.4047],[11.4566,42.4008],[11.4503,42.3946],[11.4494,42.3929],[11.4509,42.3905],[11.4528,42.3897],[11.4548,42.3885],[11.4541,42.3859],[11.4521,42.3823],[11.4499,42.3775],[11.4453,42.3789],[11.434,42.3823],[11.4231,42.3853],[11.4144,42.3876],[11.4028,42.3906],[11.3872,42.3941],[11.3831,42.3951],[11.3646,42.3986],[11.3619,42.3991],[11.3522,42.4007],[11.3402,42.4025],[11.3244,42.4046],[11.3171,42.4055],[11.3117,42.4063],[11.3041,42.4075],[11.3011,42.4079],[11.2984,42.4081],[11.2952,42.4083],[11.2932,42.4077],[11.2899,42.4052],[11.2829,42.4068],[11.2804,42.4083],[11.2794,42.41],[11.2792,42.4141],[11.2788,42.4167],[11.2751,42.4181],[11.2729,42.4186],[11.2705,42.419],[11.2671,42.4194],[11.2625,42.4197],[11.259,42.4197],[11.2558,42.4197],[11.2533,42.4196],[11.2502,42.4193],[11.2447,42.4186],[11.2367,42.4174],[11.2297,42.4159],[11.2254,42.4149],[11.223,42.4142],[11.2182,42.4126],[11.2135,42.411],[11.2118,42.4101],[11.2101,42.4087],[11.2063,42.4047],[11.2055,42.4024],[11.2095,42.4004],[11.213,42.3911],[11.2135,42.389],[11.2125,42.3872],[11.1998,42.3818],[11.1973,42.3819],[11.1949,42.3818],[11.1926,42.3801],[11.1891,42.3757],[11.1884,42.3733],[11.1887,42.3705],[11.1895,42.3684],[11.1901,42.364],[11.1827,42.3625],[11.1799,42.3652],[11.1786,42.3673],[11.177,42.3684],[11.1657,42.368],[11.161,42.3654],[11.1592,42.3634],[11.1577,42.3621],[11.1537,42.361],[11.1519,42.3625],[11.1508,42.3641],[11.1501,42.366],[11.15,42.3711],[11.1424,42.3773],[11.1269,42.3861],[11.1168,42.3903],[11.1129,42.39],[11.1101,42.389],[11.098,42.3932],[11.0918,42.403],[11.0897,42.4083],[11.0891,42.4201],[11.0897,42.4258],[11.0915,42.4286],[11.0937,42.4291],[11.0974,42.4327],[11.0975,42.4352],[11.0976,42.44],[11.1037,42.4466],[11.1075,42.4479],[11.112,42.4471],[11.1137,42.445],[11.1171,42.4398],[11.1216,42.4354],[11.1233,42.4345],[11.1253,42.4362],[11.1317,42.4389],[11.1376,42.438],[11.1378,42.4347],[11.1396,42.434],[11.1452,42.4339],[11.1476,42.4342],[11.1481,42.4363],[11.1516,42.4364],[11.1555,42.4348],[11.1577,42.434],[11.1601,42.4343],[11.1622,42.4352],[11.1661,42.4376],[11.1686,42.4399],[11.1711,42.4425],[11.1724,42.444],[11.174,42.446],[11.1755,42.4481],[11.1775,42.4509],[11.1786,42.4528],[11.1799,42.4552],[11.1818,42.4586],[11.1837,42.4629],[11.1848,42.4655],[11.1857,42.468],[11.1869,42.4713],[11.1897,42.4814],[11.1903,42.4846],[11.191,42.4887],[11.1922,42.5007],[11.1921,42.5055],[11.192,42.5079],[11.1915,42.5131],[11.191,42.5155],[11.1896,42.5194],[11.1873,42.524],[11.1833,42.5315],[11.1809,42.5354],[11.1781,42.5395],[11.1767,42.5414],[11.1752,42.5431],[11.1714,42.5475],[11.1582,42.5621],[11.1539,42.5634],[11.1506,42.5637],[11.1426,42.5619],[11.1403,42.5612],[11.1385,42.5604],[11.1365,42.559],[11.1352,42.5575],[11.1343,42.5552],[11.1329,42.553],[11.1275,42.5569],[11.1222,42.5612],[11.1172,42.5658],[11.1112,42.5765],[11.107,42.5852],[11.1068,42.5895],[11.1048,42.5968],[11.1022,42.6016],[11.0993,42.6049],[11.0979,42.6061],[11.0917,42.6062],[11.0897,42.6073],[11.0849,42.6103],[11.0823,42.6135],[11.0817,42.6155],[11.0829,42.6169],[11.0856,42.6168],[11.088,42.6174],[11.0862,42.6258],[11.0839,42.6279],[11.0812,42.6297],[11.077,42.6322],[11.0708,42.6354],[11.0626,42.639],[11.0528,42.6426],[11.0507,42.6433],[11.0446,42.6453],[11.042,42.6462],[11.0386,42.6472],[11.0211,42.6533],[11.0174,42.6547],[11.0153,42.6555],[11.01,42.6592],[11.0065,42.6655],[11.0045,42.6715],[11.0049,42.6737],[11.0043,42.6763],[10.9935,42.6965],[10.9827,42.7131],[10.9795,42.7166],[10.9778,42.7183],[10.9752,42.7209],[10.9735,42.7225],[10.972,42.7237],[10.9682,42.7266],[10.9652,42.7286],[10.9619,42.7307],[10.955,42.7348],[10.9515,42.7369],[10.9467,42.7394],[10.9445,42.7405],[10.9426,42.7414],[10.938,42.7435],[10.9354,42.7446],[10.9314,42.7463],[10.9293,42.7471],[10.9267,42.7481],[10.9213,42.7501],[10.9118,42.7534],[10.9008,42.7566],[10.8984,42.7572],[10.8948,42.7581],[10.8716,42.7638],[10.8605,42.7662],[10.8569,42.767],[10.8487,42.7686],[10.8462,42.7691],[10.8346,42.771],[10.8283,42.7721],[10.8132,42.7744],[10.8098,42.7749],[10.804,42.7757],[10.7958,42.7766],[10.7934,42.7763],[10.791,42.7742],[10.7846,42.7757],[10.7605,42.7889],[10.7424,42.799],[10.7357,42.8011],[10.7333,42.8035],[10.7477,42.8061],[10.7537,42.807],[10.756,42.8076],[10.7578,42.8085],[10.7594,42.8095],[10.7612,42.8111],[10.7628,42.8129],[10.7645,42.8154],[10.769,42.8232],[10.7703,42.8257],[10.7727,42.8309],[10.7739,42.8348],[10.7751,42.8397],[10.776,42.8437],[10.7758,42.8469],[10.7746,42.8553],[10.774,42.8577],[10.7726,42.8592],[10.769,42.8617],[10.7694,42.8695],[10.7778,42.8803],[10.7807,42.8836],[10.7836,42.884],[10.7853,42.8854],[10.7866,42.8882],[10.785,42.8944],[10.7755,42.9073],[10.7738,42.909],[10.7719,42.9105],[10.7636,42.9162],[10.7556,42.9209],[10.7458,42.9261],[10.7434,42.9273],[10.7123,42.94],[10.7089,42.9412],[10.7066,42.9419],[10.7,42.9441],[10.6978,42.9447],[10.6883,42.9471],[10.6796,42.9491],[10.6765,42.9497],[10.6711,42.9506],[10.6652,42.9513],[10.6606,42.9518],[10.65,42.9528],[10.6451,42.9532],[10.6337,42.9539],[10.6285,42.9541],[10.6203,42.9544],[10.5939,42.9543],[10.5812,42.9535],[10.5779,42.9532],[10.5675,42.952],[10.5635,42.9515],[10.5612,42.9509],[10.5507,42.9473],[10.5495,42.946],[10.5525,42.9445],[10.5563,42.946],[10.5527,42.9389],[10.546,42.9359],[10.5413,42.9356],[10.5421,42.9316],[10.5437,42.9301],[10.5466,42.9285],[10.5453,42.922],[10.5435,42.9208],[10.5359,42.92],[10.5263,42.9208],[10.5212,42.9226],[10.518,42.9255],[10.5169,42.9279],[10.5157,42.9293],[10.5122,42.932],[10.5103,42.9328],[10.5075,42.9325],[10.5039,42.9315],[10.4955,42.9315],[10.4947,42.9339],[10.4975,42.9343],[10.499,42.9354],[10.497,42.9412],[10.4933,42.9472],[10.4895,42.9522],[10.4862,42.9593],[10.4859,42.9624],[10.4851,42.9653],[10.4838,42.9667],[10.4852,42.9699],[10.4868,42.9732],[10.4878,42.9765],[10.487,42.9783],[10.4834,42.9821],[10.483,42.9884],[10.4853,42.9903],[10.4907,42.9917],[10.4925,42.9925],[10.4943,42.9941],[10.4997,42.9935],[10.5009,42.9921],[10.5024,42.9905],[10.5048,42.9902],[10.5071,42.9907],[10.5104,42.9924],[10.5121,42.9936],[10.5133,42.995],[10.5148,42.9971],[10.5158,42.9986],[10.5165,43.0008],[10.5155,43.0026],[10.5135,43.0032],[10.5108,43.0059],[10.5107,43.0118],[10.5143,43.0148],[10.5167,43.0158],[10.519,43.0164],[10.5203,43.0177],[10.5215,43.0193],[10.5228,43.0229],[10.53,43.0467],[10.5311,43.0504],[10.5316,43.0525],[10.5334,43.0614],[10.5344,43.0678],[10.5369,43.086],[10.5374,43.0917],[10.5381,43.0988],[10.5383,43.1047],[10.5389,43.1133],[10.5395,43.1226],[10.5396,43.1259],[10.5398,43.1341],[10.5397,43.145],[10.5394,43.155],[10.5386,43.1683],[10.5377,43.1759],[10.5374,43.1785],[10.537,43.1819],[10.5362,43.1887],[10.5345,43.1998],[10.5339,43.2033],[10.5332,43.2076],[10.5325,43.211],[10.5308,43.22],[10.5303,43.2221],[10.5283,43.2316],[10.5258,43.2403],[10.5237,43.2463],[10.5217,43.2514],[10.5206,43.2537],[10.5187,43.2576],[10.5161,43.2631],[10.515,43.2654],[10.5139,43.2678],[10.5113,43.2734],[10.5099,43.2767],[10.5067,43.2829],[10.5042,43.287],[10.5024,43.2896],[10.5005,43.2918],[10.4909,43.2996],[10.4866,43.303],[10.4784,43.3093],[10.4765,43.3106],[10.4736,43.3124],[10.4715,43.3136],[10.4696,43.3146],[10.4671,43.3157],[10.4652,43.3167],[10.463,43.3182],[10.4602,43.3209],[10.4552,43.3286],[10.4554,43.3319],[10.4558,43.3351],[10.4561,43.3373],[10.4562,43.3398],[10.4553,43.3435],[10.4539,43.3462],[10.4494,43.3535],[10.4469,43.3552],[10.442,43.3644],[10.4415,43.3688],[10.4407,43.3708],[10.4373,43.3774],[10.425,43.3984],[10.4199,43.4025],[10.4068,43.4088],[10.3947,43.4282],[10.3923,43.4293],[10.3898,43.4312],[10.3877,43.4338],[10.3866,43.436],[10.3822,43.4458],[10.3795,43.4467],[10.3799,43.4496],[10.3787,43.4481],[10.3746,43.451],[10.3705,43.4547],[10.3661,43.4579],[10.3547,43.4638],[10.3455,43.4637],[10.3411,43.4652],[10.3356,43.4689],[10.3304,43.4738],[10.3292,43.4761],[10.3314,43.4794],[10.332,43.4821],[10.3291,43.488],[10.3208,43.4994],[10.3189,43.5103],[10.3151,43.5164],[10.3111,43.5225],[10.3,43.5339],[10.2956,43.5414],[10.2979,43.5454],[10.3038,43.545],[10.3043,43.5473],[10.3018,43.5505],[10.2984,43.551],[10.2954,43.551],[10.2941,43.5524],[10.2996,43.5599],[10.3032,43.5637],[10.3081,43.5675],[10.3106,43.5694],[10.3145,43.5723],[10.3164,43.5736],[10.3199,43.5843],[10.3154,43.575],[10.3142,43.5735],[10.3113,43.5715],[10.3087,43.5713],[10.3066,43.575],[10.3059,43.5793],[10.3036,43.5782],[10.3053,43.5673],[10.3038,43.5655],[10.2994,43.5626],[10.2966,43.5623],[10.2956,43.5687],[10.301,43.5727],[10.3007,43.5752],[10.299,43.5815],[10.2957,43.5851],[10.2937,43.5901],[10.2926,43.5935],[10.2918,43.5962],[10.2906,43.6016],[10.2892,43.6083],[10.2887,43.6109],[10.2877,43.6177],[10.2875,43.6202],[10.2873,43.6252],[10.2873,43.6282],[10.2869,43.6346],[10.2865,43.6372],[10.2856,43.6422],[10.2812,43.6561],[10.2804,43.6581],[10.2772,43.6637],[10.2726,43.6719],[10.2772,43.6795],[10.2802,43.6814],[10.2814,43.6834],[10.2826,43.6864],[10.2828,43.6909],[10.2802,43.7031],[10.2792,43.7066],[10.2782,43.7097],[10.2766,43.7192],[10.2778,43.7207],[10.2787,43.7226],[10.2776,43.7375],[10.275,43.7496],[10.2736,43.7517],[10.2732,43.7587],[10.2723,43.7618],[10.2675,43.7794],[10.2659,43.7851],[10.2649,43.7913],[10.2635,43.7993],[10.2622,43.8038],[10.261,43.8079],[10.2598,43.8111],[10.2585,43.815],[10.2534,43.8259],[10.2423,43.8491],[10.2426,43.8611],[10.2422,43.8642],[10.2395,43.8702],[10.2386,43.8722],[10.2369,43.8749],[10.2312,43.8828],[10.2277,43.8875],[10.2206,43.8965],[10.217,43.9012],[10.2149,43.9039],[10.2121,43.9075],[10.2097,43.9106],[10.2004,43.9218],[10.1976,43.925],[10.1926,43.9305],[10.1903,43.933],[10.1809,43.9426],[10.1776,43.9457],[10.1696,43.9531],[10.1641,43.9582],[10.1616,43.9604],[10.1587,43.9629],[10.1557,43.9654],[10.1519,43.9687],[10.1496,43.9706],[10.1469,43.9727],[10.1436,43.9754],[10.1375,43.9805],[10.1333,43.9828],[10.1307,43.9848],[10.1291,43.9862],[10.1272,43.9877],[10.1253,43.9892],[10.1158,43.9963],[10.113,43.9982],[10.0917,44.0121],[10.0885,44.0142],[10.0821,44.018],[10.0794,44.0196],[10.0669,44.0267],[10.0641,44.0281],[10.0611,44.0292],[10.0503,44.0312],[10.0378,44.036],[10.0264,44.0405],[10.0188,44.0445],[10.0267,44.0566],[10.0287,44.0592],[10.0445,44.0706],[10.0481,44.0714],[10.0662,44.0862],[10.0709,44.0931],[10.0696,44.0974],[10.0582,44.1081],[10.056,44.1095],[10.0537,44.1101],[10.0511,44.1102],[10.0483,44.1129],[10.0474,44.1151],[10.0245,44.1193],[10.022,44.1196],[10.0182,44.1193],[10.0116,44.1153],[10.0056,44.1109],[10.0038,44.1095],[10.0021,44.1077],[9.9999,44.1034],[9.9985,44.1007],[9.9975,44.099],[9.9959,44.0965],[9.994,44.0936],[9.9866,44.0968],[9.9847,44.098],[9.9829,44.0997],[9.9839,44.1013],[9.9881,44.103],[9.9935,44.1052],[9.9945,44.1084],[9.9953,44.1172],[9.995,44.1194],[9.9931,44.1204],[9.9898,44.121],[9.9869,44.1224],[9.9836,44.1248],[9.9763,44.1395],[9.9792,44.1462],[9.9768,44.1509],[9.9772,44.1561],[9.978,44.1585],[9.979,44.161],[9.9757,44.1641],[9.9745,44.1665],[9.9677,44.1691],[9.9608,44.1678],[9.9591,44.1668],[9.9573,44.1659],[9.955,44.165],[9.9527,44.1659],[9.951,44.1668],[9.9493,44.1677],[9.9447,44.168],[9.9396,44.1679],[9.9363,44.1679],[9.9334,44.1671],[9.9296,44.1664],[9.9272,44.1668],[9.9225,44.1694],[9.9201,44.1698],[9.9118,44.1683],[9.9066,44.1672],[9.9027,44.1656],[9.8979,44.1636]],[[10.4808,44.1895],[10.4811,44.1896],[10.4814,44.1897],[10.4817,44.1898],[10.4818,44.19],[10.4819,44.1903],[10.4818,44.1904],[10.4816,44.1905],[10.4813,44.1904],[10.4806,44.1902],[10.4804,44.1899],[10.4803,44.1898],[10.4803,44.1897],[10.4804,44.1895],[10.4807,44.1895],[10.4808,44.1895]]],[[[10.107,42.5831],[10.1054,42.584],[10.1071,42.5831],[10.107,42.5831]]],[[[10.0984,42.5889],[10.101,42.5763],[10.0877,42.5679],[10.0854,42.5695],[10.0832,42.5706],[10.0677,42.5729],[10.059,42.5732],[10.0521,42.5739],[10.0495,42.5753],[10.0472,42.5774],[10.0456,42.5812],[10.0459,42.5849],[10.0541,42.5898],[10.057,42.5897],[10.0599,42.5874],[10.064,42.5868],[10.0668,42.5874],[10.0716,42.5895],[10.0738,42.5908],[10.0815,42.6014],[10.0822,42.6033],[10.0828,42.6081],[10.0811,42.611],[10.0791,42.6176],[10.0829,42.6186],[10.0853,42.6174],[10.0879,42.6158],[10.086,42.6098],[10.0865,42.6033],[10.0933,42.5922],[10.0984,42.5889]]],[[[10.0801,42.6217],[10.08,42.6217],[10.0799,42.6217],[10.0797,42.6217],[10.0795,42.6217],[10.0794,42.6218],[10.0794,42.6218],[10.0794,42.6219],[10.0798,42.6223],[10.0802,42.6223],[10.0803,42.622],[10.0803,42.6218],[10.0802,42.6218],[10.0801,42.6217]]],[[[10.2654,42.7447],[10.2605,42.7442],[10.2573,42.7439],[10.2495,42.7466],[10.2457,42.7482],[10.2449,42.7501],[10.2423,42.7501],[10.2395,42.749],[10.2376,42.7479],[10.2359,42.7463],[10.2346,42.7368],[10.237,42.7347],[10.2391,42.7342],[10.2408,42.733],[10.2405,42.7277],[10.2372,42.7262],[10.2217,42.729],[10.2149,42.7304],[10.2118,42.7315],[10.208,42.7334],[10.1987,42.7353],[10.1881,42.7362],[10.1834,42.7358],[10.1759,42.7348],[10.1578,42.732],[10.1514,42.7305],[10.1391,42.7326],[10.1222,42.7418],[10.1188,42.7463],[10.1186,42.7486],[10.1147,42.7551],[10.113,42.7578],[10.1097,42.7595],[10.1078,42.7603],[10.106,42.762],[10.1037,42.7676],[10.103,42.7822],[10.1033,42.7864],[10.1053,42.7899],[10.1093,42.7945],[10.1124,42.7955],[10.1399,42.8093],[10.141,42.8073],[10.1437,42.807],[10.1542,42.8078],[10.1667,42.8083],[10.1698,42.8063],[10.1725,42.8071],[10.1743,42.8064],[10.179,42.8078],[10.1795,42.8111],[10.182,42.8109],[10.1844,42.811],[10.186,42.8123],[10.1885,42.8105],[10.1977,42.8062],[10.2002,42.8058],[10.2023,42.8069],[10.2051,42.8072],[10.2077,42.8059],[10.2124,42.8012],[10.2129,42.7989],[10.2196,42.7931],[10.2287,42.7894],[10.2411,42.7873],[10.2435,42.7879],[10.2454,42.7886],[10.2471,42.7895],[10.2485,42.7906],[10.2493,42.7926],[10.2482,42.7944],[10.2465,42.7972],[10.2476,42.799],[10.2501,42.8],[10.2565,42.801],[10.26,42.7991],[10.2614,42.7978],[10.2658,42.7997],[10.2682,42.802],[10.2694,42.8035],[10.2752,42.8175],[10.2749,42.8199],[10.2699,42.8242],[10.2679,42.8248],[10.266,42.8241],[10.2634,42.8245],[10.2603,42.8272],[10.2623,42.8298],[10.2676,42.828],[10.2703,42.8258],[10.2778,42.8228],[10.2954,42.8187],[10.3037,42.819],[10.3162,42.8201],[10.3318,42.8177],[10.3346,42.8167],[10.3341,42.8145],[10.3317,42.8122],[10.3312,42.8142],[10.3239,42.8139],[10.315,42.8096],[10.3174,42.8046],[10.3226,42.8025],[10.3397,42.7968],[10.3433,42.7965],[10.3519,42.7977],[10.3574,42.7993],[10.361,42.8027],[10.3589,42.8074],[10.3602,42.8094],[10.3629,42.8105],[10.3585,42.8129],[10.3586,42.8155],[10.36,42.8177],[10.363,42.8178],[10.3657,42.8175],[10.3793,42.8275],[10.3905,42.8435],[10.3898,42.8485],[10.3946,42.8563],[10.4041,42.8675],[10.4077,42.8713],[10.4118,42.8731],[10.4139,42.8726],[10.4144,42.8703],[10.4212,42.8598],[10.4247,42.8577],[10.4267,42.8572],[10.4346,42.8542],[10.4413,42.8494],[10.4438,42.8474],[10.4431,42.8442],[10.4409,42.8409],[10.4395,42.8393],[10.4368,42.8351],[10.4321,42.8264],[10.4314,42.8246],[10.4286,42.8163],[10.4293,42.8074],[10.4315,42.8036],[10.4343,42.8029],[10.4331,42.7949],[10.4314,42.7903],[10.4343,42.7836],[10.4351,42.7812],[10.4345,42.7765],[10.4334,42.7748],[10.4304,42.7747],[10.4253,42.7739],[10.4204,42.7728],[10.417,42.7711],[10.4153,42.7682],[10.4059,42.7635],[10.4029,42.7629],[10.4005,42.7631],[10.3951,42.7633],[10.3875,42.7612],[10.3859,42.76],[10.387,42.7582],[10.3903,42.758],[10.3956,42.7578],[10.4016,42.7574],[10.4066,42.7539],[10.4081,42.752],[10.4062,42.749],[10.4083,42.7458],[10.411,42.7438],[10.4133,42.7432],[10.4156,42.7429],[10.4239,42.74],[10.4328,42.7349],[10.4353,42.7206],[10.4349,42.7182],[10.432,42.7131],[10.4304,42.7118],[10.4243,42.7084],[10.422,42.7076],[10.4193,42.708],[10.4152,42.7117],[10.4146,42.7143],[10.4112,42.7164],[10.4002,42.7137],[10.3927,42.7131],[10.3847,42.714],[10.3827,42.715],[10.3771,42.7194],[10.3752,42.7285],[10.3739,42.7311],[10.3723,42.7322],[10.3603,42.7461],[10.3587,42.7485],[10.3568,42.7521],[10.3575,42.7559],[10.3582,42.7582],[10.3569,42.7596],[10.3488,42.7628],[10.3446,42.7639],[10.3424,42.7642],[10.3351,42.7637],[10.3221,42.7621],[10.3197,42.7612],[10.3182,42.76],[10.3207,42.7534],[10.3232,42.7491],[10.3252,42.7463],[10.3258,42.744],[10.3219,42.737],[10.3195,42.736],[10.3176,42.7369],[10.3163,42.7388],[10.3143,42.7438],[10.3144,42.7463],[10.3143,42.7492],[10.3127,42.7571],[10.3115,42.7586],[10.3085,42.7595],[10.3059,42.7597],[10.3027,42.7597],[10.2998,42.7595],[10.2951,42.7567],[10.2932,42.7552],[10.2917,42.7538],[10.2899,42.7509],[10.2892,42.7478],[10.2897,42.7448],[10.2901,42.7394],[10.2889,42.7373],[10.287,42.7356],[10.283,42.7349],[10.2719,42.7378],[10.27,42.739],[10.2669,42.7408],[10.2654,42.7447]]],[[[10.4133,42.7097],[10.4133,42.7097],[10.4128,42.7097],[10.4129,42.71],[10.4133,42.71],[10.4133,42.7098],[10.4133,42.7097]]],[[[10.3611,42.7131],[10.361,42.7131],[10.3609,42.7131],[10.361,42.7132],[10.361,42.7133],[10.361,42.7133],[10.3612,42.7133],[10.3613,42.7134],[10.3614,42.7134],[10.3614,42.7133],[10.3613,42.7132],[10.3611,42.7131]]],[[[10.3611,42.7134],[10.361,42.7134],[10.3607,42.7136],[10.3607,42.7137],[10.361,42.7139],[10.3611,42.7139],[10.3612,42.7139],[10.3613,42.7139],[10.3614,42.7139],[10.3613,42.7137],[10.3613,42.7137],[10.3611,42.7136],[10.3611,42.7135],[10.3611,42.7134]]],[[[10.4062,42.7133],[10.406,42.7133],[10.4061,42.7134],[10.4061,42.7135],[10.4065,42.7136],[10.4064,42.7133],[10.4062,42.7133]]],[[[10.3733,42.7161],[10.3732,42.7161],[10.3732,42.7161],[10.3732,42.7164],[10.3733,42.7164],[10.3734,42.7164],[10.3734,42.7162],[10.3734,42.7161],[10.3733,42.7161]]],[[[10.3735,42.7165],[10.373,42.7164],[10.3729,42.7164],[10.3725,42.7165],[10.3722,42.7166],[10.372,42.7173],[10.372,42.7175],[10.372,42.7176],[10.3726,42.7178],[10.373,42.718],[10.3732,42.718],[10.3733,42.7179],[10.3734,42.7179],[10.3735,42.7178],[10.3737,42.7176],[10.3737,42.7174],[10.3735,42.7166],[10.3735,42.7165]]],[[[10.3753,42.7178],[10.373,42.7189],[10.3753,42.7182],[10.3753,42.7178]]],[[[10.32,42.7341],[10.3199,42.7341],[10.3191,42.7341],[10.319,42.7342],[10.3191,42.7347],[10.3192,42.7348],[10.3193,42.7349],[10.3195,42.735],[10.3195,42.7348],[10.3195,42.7347],[10.3195,42.7346],[10.3199,42.7346],[10.32,42.7345],[10.3201,42.7343],[10.32,42.7342],[10.32,42.7341]]],[[[9.7974,43.0314],[9.7972,43.0314],[9.7961,43.0315],[9.796,43.0316],[9.7959,43.0317],[9.7959,43.0318],[9.7959,43.032],[9.796,43.032],[9.796,43.0322],[9.7962,43.0323],[9.7964,43.0324],[9.7965,43.0324],[9.7967,43.0323],[9.7974,43.0321],[9.7979,43.0318],[9.7979,43.0317],[9.7979,43.0317],[9.7979,43.0316],[9.7976,43.0315],[9.7975,43.0315],[9.7974,43.0314]]],[[[9.8355,43.0491],[9.8396,43.0493],[9.8447,43.0495],[9.8476,43.0451],[9.8439,43.0352],[9.8418,43.0298],[9.8384,43.0271],[9.8344,43.0241],[9.8284,43.0197],[9.8253,43.0178],[9.8194,43.0128],[9.8167,43.0097],[9.8172,43.0066],[9.8137,43.0037],[9.8115,43.0028],[9.8013,43.0069],[9.7914,43.0228],[9.7924,43.0249],[9.7948,43.0256],[9.7983,43.0316],[9.7994,43.0353],[9.8029,43.0503],[9.8015,43.0517],[9.8003,43.0531],[9.8019,43.0549],[9.8078,43.0586],[9.8139,43.0618],[9.8234,43.0706],[9.8256,43.0729],[9.8297,43.0704],[9.8366,43.0654],[9.8374,43.0625],[9.836,43.0613],[9.8345,43.0594],[9.8351,43.05],[9.8355,43.0491]]],[[[9.9014,43.4396],[9.9085,43.435],[9.9079,43.4263],[9.9065,43.4244],[9.9019,43.421],[9.8973,43.4206],[9.8898,43.423],[9.8886,43.4252],[9.8891,43.4282],[9.8912,43.4334],[9.8919,43.4352],[9.8935,43.4365],[9.8951,43.4355],[9.8981,43.4354],[9.9014,43.4357],[9.9014,43.4396]]],[[[10.2194,43.5479],[10.2189,43.5478],[10.2188,43.5482],[10.219,43.5484],[10.2193,43.5484],[10.2196,43.5481],[10.2194,43.5479]]],[[[10.33,42.3222],[10.3154,42.3142],[10.2976,42.3157],[10.2937,42.3173],[10.2914,42.3204],[10.2891,42.3263],[10.2887,42.3317],[10.2891,42.3352],[10.2926,42.344],[10.2985,42.35],[10.313,42.3509],[10.3173,42.3479],[10.3251,42.3439],[10.327,42.343],[10.3282,42.3416],[10.3288,42.3385],[10.329,42.3342],[10.3298,42.3278],[10.3306,42.3251],[10.3302,42.3224],[10.33,42.3222]]],[[[10.0642,42.358],[10.0641,42.358],[10.064,42.358],[10.0638,42.3586],[10.0638,42.3586],[10.0641,42.3588],[10.0644,42.3588],[10.0647,42.3583],[10.0647,42.3582],[10.0646,42.3581],[10.0646,42.3581],[10.0643,42.358],[10.0642,42.358]]],[[[10.3305,42.8281],[10.3303,42.8281],[10.3305,42.8286],[10.3308,42.8288],[10.3311,42.829],[10.3312,42.8287],[10.3313,42.8285],[10.3313,42.8284],[10.3308,42.8282],[10.3305,42.8281]]],[[[10.5482,42.8563],[10.5459,42.8575],[10.548,42.8604],[10.5498,42.8597],[10.5482,42.8563]]],[[[10.474,42.8637],[10.4724,42.8658],[10.4755,42.8667],[10.4744,42.8637],[10.474,42.8637]]],[[[10.4755,42.8679],[10.4755,42.8678],[10.475,42.8679],[10.4748,42.8681],[10.4748,42.8682],[10.475,42.8685],[10.4756,42.8684],[10.4755,42.868],[10.4755,42.8679]]],[[[10.4241,42.8707],[10.424,42.8705],[10.4229,42.8705],[10.4227,42.8707],[10.4226,42.8708],[10.4225,42.8709],[10.4226,42.8711],[10.423,42.8713],[10.4232,42.8714],[10.4234,42.8715],[10.4238,42.8714],[10.4239,42.8713],[10.4241,42.8711],[10.4242,42.8708],[10.4241,42.8707]]],[[[12.1993,43.7704],[12.1868,43.7739],[12.1852,43.7748],[12.1846,43.7785],[12.1842,43.7815],[12.1783,43.7874],[12.1728,43.7957],[12.1698,43.8046],[12.1702,43.8068],[12.175,43.8099],[12.1796,43.8098],[12.1853,43.8065],[12.1915,43.8053],[12.1986,43.8062],[12.2096,43.8052],[12.214,43.8033],[12.2173,43.8028],[12.2205,43.8047],[12.2243,43.8099],[12.2268,43.8095],[12.2298,43.8087],[12.2332,43.8068],[12.2359,43.8032],[12.238,43.8004],[12.2386,43.7919],[12.2373,43.787],[12.2286,43.7858],[12.2144,43.7835],[12.2006,43.7746],[12.1993,43.7704]]],[[[12.2182,43.6035],[12.2178,43.6043],[12.218,43.6039],[12.2182,43.6035]]],[[[10.7139,42.7976],[10.7116,42.7983],[10.714,42.7978],[10.7139,42.7976]]],[[[10.9008,42.5561],[10.9004,42.5561],[10.9002,42.5561],[10.9001,42.5561],[10.9,42.5562],[10.9,42.5563],[10.9004,42.5566],[10.9005,42.5567],[10.9007,42.5568],[10.9008,42.5568],[10.9009,42.5567],[10.9009,42.5564],[10.901,42.5563],[10.9009,42.5562],[10.9009,42.5562],[10.9008,42.5561]]],[[[10.8953,42.5628],[10.8939,42.5642],[10.8954,42.563],[10.8953,42.5628]]],[[[10.8842,42.5755],[10.8814,42.5758],[10.8788,42.5772],[10.8803,42.5788],[10.8829,42.5779],[10.884,42.5764],[10.8842,42.5755]]],[[[11.1147,42.2591],[11.1163,42.2556],[11.1173,42.2528],[11.1166,42.2509],[11.1149,42.2523],[11.1092,42.2555],[11.1055,42.254],[11.1033,42.2504],[11.1024,42.2481],[11.1027,42.2459],[11.106,42.2457],[11.1115,42.2437],[11.1123,42.2416],[11.1109,42.2387],[11.1043,42.2388],[11.0998,42.2413],[11.0913,42.2533],[11.095,42.2585],[11.0973,42.2591],[11.1013,42.2585],[11.1034,42.2591],[11.109,42.2613],[11.1097,42.2636],[11.1127,42.2615],[11.1147,42.2591]]],[[[10.8828,42.3495],[10.8827,42.3492],[10.8824,42.3493],[10.8822,42.3498],[10.8822,42.3498],[10.8825,42.3499],[10.8826,42.3498],[10.8827,42.3498],[10.8828,42.3495]]],[[[10.9293,42.3556],[10.9292,42.3555],[10.9291,42.3555],[10.9287,42.3557],[10.9285,42.3559],[10.9284,42.3561],[10.9285,42.3563],[10.9287,42.3565],[10.9288,42.3565],[10.929,42.3564],[10.9291,42.3564],[10.9288,42.3561],[10.9293,42.356],[10.9294,42.356],[10.9295,42.3558],[10.9293,42.3556]]],[[[10.8866,42.3897],[10.9041,42.3832],[10.9064,42.3814],[10.9068,42.3786],[10.9078,42.376],[10.9115,42.3713],[10.9186,42.3648],[10.9247,42.3553],[10.9219,42.3546],[10.9204,42.3521],[10.9223,42.3443],[10.9265,42.3408],[10.929,42.3394],[10.9311,42.338],[10.9315,42.3337],[10.9307,42.3287],[10.9293,42.3255],[10.9211,42.3196],[10.9175,42.3193],[10.906,42.3264],[10.8997,42.3304],[10.8862,42.3436],[10.885,42.3479],[10.8824,42.3519],[10.8795,42.3519],[10.8743,42.3523],[10.8671,42.3535],[10.8644,42.3621],[10.8678,42.369],[10.8747,42.3653],[10.8795,42.3662],[10.8816,42.3676],[10.8839,42.3754],[10.8832,42.378],[10.8823,42.3797],[10.8802,42.3884],[10.8825,42.3893],[10.8861,42.3898],[10.8866,42.3897]]],[[[11.1306,42.3768],[11.1304,42.3768],[11.13,42.3771],[11.1296,42.3776],[11.1295,42.3776],[11.1295,42.3777],[11.1296,42.3777],[11.131,42.3784],[11.1311,42.3784],[11.1312,42.3783],[11.1312,42.3781],[11.1306,42.3768]]],[[[11.2128,42.379],[11.2095,42.3809],[11.2114,42.3826],[11.2139,42.3798],[11.2128,42.379]]],[[[11.0824,42.4181],[11.082,42.4177],[11.0807,42.4178],[11.0804,42.4179],[11.0805,42.4181],[11.0808,42.4183],[11.0818,42.4187],[11.0821,42.4188],[11.0825,42.4188],[11.0829,42.4186],[11.0824,42.4181]]],[[[11.1379,42.4346],[11.138,42.4348],[11.138,42.4348],[11.1379,42.4346]]]]},"properties":{"name":"Toscana"}},{"type":"Feature","geometry":{"type":"MultiPolygon","coordinates":[[[[13.1585,42.6543],[13.157,42.6529],[13.1541,42.6507],[13.1461,42.6464],[13.1388,42.6515],[13.1355,42.6548],[13.1329,42.6548],[13.1309,42.6585],[13.1291,42.6596],[13.1201,42.6581],[13.1168,42.6571],[13.1165,42.6542],[13.1177,42.6516],[13.1095,42.6423],[13.1051,42.6397],[13.102,42.638],[13.0988,42.6367],[13.0966,42.636],[13.0936,42.6355],[13.0896,42.6349],[13.0861,42.634],[13.0786,42.6312],[13.0766,42.6301],[13.0746,42.6287],[13.0713,42.6266],[13.0643,42.6236],[13.062,42.6231],[13.0586,42.6228],[13.0526,42.624],[13.0366,42.6277],[13.0338,42.6293],[13.0325,42.6319],[13.031,42.6374],[13.0275,42.639],[13.0243,42.639],[13.0192,42.6349],[13.0153,42.6319],[13.0122,42.6258],[13.0139,42.6239],[13.015,42.6216],[13.0112,42.6171],[13.0092,42.6165],[13.0052,42.6155],[12.9987,42.6151],[12.9858,42.6156],[12.9727,42.617],[12.9683,42.6179],[12.9642,42.6186],[12.961,42.6189],[12.9534,42.619],[12.9488,42.6181],[12.9375,42.6154],[12.9341,42.6086],[12.9315,42.6036],[12.9226,42.604],[12.9187,42.6055],[12.9174,42.6085],[12.9086,42.6116],[12.9057,42.6122],[12.9031,42.6122],[12.9001,42.614],[12.8963,42.6164],[12.8896,42.6135],[12.8805,42.6093],[12.8801,42.6024],[12.8816,42.5983],[12.8852,42.591],[12.8871,42.5875],[12.8898,42.5841],[12.8934,42.5794],[12.8942,42.5776],[12.8941,42.5725],[12.8938,42.57],[12.8933,42.5659],[12.8927,42.5635],[12.8902,42.5638],[12.883,42.5631],[12.8735,42.5612],[12.8636,42.5583],[12.8478,42.5528],[12.8459,42.5515],[12.843,42.548],[12.8378,42.545],[12.8344,42.5432],[12.823,42.5375],[12.818,42.5329],[12.8091,42.5358],[12.8059,42.5358],[12.8034,42.5354],[12.801,42.5349],[12.7981,42.5342],[12.7957,42.5339],[12.7875,42.5331],[12.7838,42.5338],[12.7794,42.532],[12.7764,42.5317],[12.7732,42.5313],[12.7724,42.5212],[12.7736,42.5198],[12.7741,42.5162],[12.7735,42.5131],[12.7715,42.5124],[12.7665,42.5119],[12.7578,42.5124],[12.7514,42.5114],[12.7458,42.5079],[12.7404,42.5088],[12.737,42.5088],[12.7315,42.5089],[12.7208,42.5042],[12.7111,42.5008],[12.7148,42.4941],[12.7155,42.4921],[12.7168,42.49],[12.7204,42.4855],[12.7244,42.4826],[12.7274,42.4809],[12.7314,42.4788],[12.7332,42.4779],[12.7388,42.4734],[12.741,42.4713],[12.7393,42.4692],[12.7371,42.4685],[12.7348,42.4679],[12.7265,42.463],[12.7247,42.4604],[12.7143,42.4603],[12.7106,42.4635],[12.7028,42.4609],[12.7003,42.457],[12.6941,42.4515],[12.6906,42.4494],[12.6746,42.4424],[12.6686,42.4414],[12.666,42.441],[12.6606,42.4414],[12.6558,42.4418],[12.6499,42.4431],[12.6504,42.4467],[12.6465,42.4511],[12.6442,42.4527],[12.6418,42.454],[12.6405,42.4565],[12.6394,42.4591],[12.6407,42.461],[12.6424,42.4636],[12.6412,42.4676],[12.639,42.4684],[12.6358,42.469],[12.6312,42.4691],[12.625,42.4691],[12.6224,42.4689],[12.6148,42.4651],[12.6163,42.4625],[12.6186,42.4615],[12.6192,42.4574],[12.6195,42.4519],[12.6163,42.4458],[12.612,42.4362],[12.6114,42.4314],[12.611,42.428],[12.6132,42.4263],[12.6142,42.4244],[12.6146,42.4217],[12.615,42.4174],[12.6149,42.4145],[12.6133,42.4132],[12.6106,42.4115],[12.6054,42.4075],[12.6061,42.4035],[12.601,42.4017],[12.5978,42.4008],[12.5771,42.3888],[12.575,42.3876],[12.57,42.3829],[12.5597,42.3818],[12.5513,42.3822],[12.5489,42.3823],[12.5462,42.3807],[12.5409,42.3766],[12.538,42.3744],[12.5338,42.3703],[12.5324,42.3688],[12.5312,42.3651],[12.5261,42.3642],[12.5244,42.3654],[12.522,42.3662],[12.5189,42.3675],[12.5177,42.3691],[12.5133,42.3786],[12.5131,42.3845],[12.5132,42.3937],[12.5145,42.395],[12.5169,42.3953],[12.5182,42.3973],[12.5166,42.3992],[12.5111,42.4036],[12.5054,42.403],[12.5019,42.4023],[12.4977,42.4001],[12.4947,42.3982],[12.4916,42.3974],[12.4893,42.3979],[12.4865,42.3994],[12.4814,42.4042],[12.4784,42.4036],[12.4756,42.4028],[12.4736,42.402],[12.4712,42.4004],[12.469,42.3986],[12.4666,42.3959],[12.4596,42.3978],[12.4565,42.397],[12.4534,42.3959],[12.4475,42.3975],[12.4447,42.3988],[12.4537,42.4015],[12.4562,42.4024],[12.4579,42.4036],[12.461,42.4131],[12.4667,42.4195],[12.4676,42.4219],[12.4643,42.4284],[12.4626,42.4293],[12.4598,42.4292],[12.456,42.428],[12.4543,42.4269],[12.4501,42.423],[12.4463,42.425],[12.4418,42.4263],[12.439,42.4264],[12.4361,42.4256],[12.4312,42.4239],[12.4239,42.4219],[12.4207,42.4216],[12.417,42.4224],[12.4137,42.4256],[12.4135,42.428],[12.4158,42.4297],[12.4175,42.4314],[12.4191,42.4343],[12.4195,42.4365],[12.4191,42.4388],[12.4176,42.441],[12.4154,42.4422],[12.4128,42.4428],[12.4114,42.4451],[12.4128,42.4529],[12.4137,42.4552],[12.4154,42.4568],[12.4174,42.4582],[12.4198,42.458],[12.4221,42.4573],[12.4246,42.4569],[12.4272,42.4569],[12.4293,42.4574],[12.4275,42.4653],[12.4235,42.4661],[12.4167,42.4668],[12.4142,42.4669],[12.4124,42.4682],[12.4126,42.4778],[12.4182,42.4815],[12.4212,42.4823],[12.4232,42.4833],[12.4263,42.4854],[12.4278,42.4869],[12.4214,42.4925],[12.4103,42.4982],[12.4049,42.4978],[12.4038,42.4998],[12.3944,42.4993],[12.3918,42.4988],[12.3863,42.495],[12.3841,42.4891],[12.3776,42.4871],[12.3757,42.4863],[12.3748,42.4845],[12.3749,42.4817],[12.3617,42.4764],[12.3526,42.474],[12.349,42.4761],[12.3472,42.4786],[12.3463,42.4807],[12.3458,42.4833],[12.3448,42.4849],[12.3382,42.4882],[12.3352,42.4901],[12.3307,42.4924],[12.3259,42.4946],[12.3234,42.4945],[12.3205,42.4913],[12.3164,42.4884],[12.3142,42.4879],[12.3053,42.4879],[12.2999,42.4875],[12.2976,42.4879],[12.2938,42.4893],[12.2915,42.4907],[12.2902,42.492],[12.2892,42.4945],[12.2922,42.4948],[12.2976,42.4949],[12.303,42.4913],[12.3074,42.4973],[12.3054,42.4987],[12.3034,42.4995],[12.3005,42.5036],[12.298,42.5045],[12.2909,42.5102],[12.2882,42.5102],[12.2855,42.5091],[12.2829,42.5076],[12.2792,42.5065],[12.275,42.509],[12.2744,42.5122],[12.2755,42.516],[12.2835,42.5175],[12.2872,42.5182],[12.2903,42.519],[12.2885,42.5213],[12.2779,42.5234],[12.2751,42.5237],[12.2705,42.5273],[12.269,42.5295],[12.2672,42.5326],[12.2664,42.5349],[12.2737,42.5366],[12.2732,42.5401],[12.2786,42.5416],[12.2779,42.5463],[12.279,42.5488],[12.2781,42.5532],[12.2759,42.5582],[12.275,42.5599],[12.2726,42.5604],[12.2699,42.5601],[12.2664,42.5594],[12.2618,42.56],[12.2422,42.5695],[12.2396,42.571],[12.2387,42.573],[12.2379,42.5794],[12.2359,42.5833],[12.2401,42.5879],[12.2424,42.5928],[12.2398,42.5948],[12.2406,42.597],[12.243,42.598],[12.2476,42.5967],[12.2459,42.5999],[12.2391,42.607],[12.2368,42.6073],[12.2333,42.6082],[12.2313,42.6091],[12.2292,42.6104],[12.2303,42.6134],[12.236,42.6214],[12.2387,42.6228],[12.2433,42.6281],[12.2388,42.6316],[12.2303,42.6344],[12.2269,42.6353],[12.2279,42.6376],[12.2269,42.6435],[12.2221,42.6466],[12.2089,42.6562],[12.2043,42.6605],[12.1977,42.6637],[12.1942,42.6632],[12.1891,42.6621],[12.1858,42.6663],[12.1808,42.6698],[12.1762,42.6727],[12.1733,42.6738],[12.165,42.6768],[12.1626,42.677],[12.1545,42.6713],[12.149,42.6654],[12.1495,42.6625],[12.1479,42.66],[12.1408,42.6563],[12.1385,42.6578],[12.1323,42.6617],[12.1304,42.6604],[12.129,42.6587],[12.1271,42.6562],[12.1256,42.6518],[12.1248,42.6496],[12.1195,42.6498],[12.1172,42.651],[12.115,42.6536],[12.1141,42.6554],[12.1137,42.6578],[12.1102,42.6587],[12.1084,42.6604],[12.1068,42.6642],[12.1027,42.6629],[12.0979,42.6592],[12.0969,42.6576],[12.0945,42.6555],[12.0793,42.6555],[12.0737,42.6567],[12.0697,42.6541],[12.0662,42.6524],[12.0481,42.6494],[12.0412,42.6491],[12.0385,42.6485],[12.0368,42.6475],[12.035,42.6459],[12.0325,42.6442],[12.0306,42.6434],[12.0299,42.6503],[12.0264,42.6507],[12.0138,42.6584],[12.0071,42.6625],[12.0024,42.6644],[11.9961,42.6674],[11.9887,42.6707],[11.978,42.6755],[11.9726,42.6768],[11.9599,42.6792],[11.9511,42.6808],[11.9439,42.6826],[11.9413,42.6833],[11.9456,42.6915],[11.9472,42.6928],[11.9487,42.6955],[11.9441,42.6977],[11.9405,42.6987],[11.9378,42.6993],[11.9325,42.7004],[11.9265,42.7036],[11.9308,42.7114],[11.9312,42.7144],[11.9335,42.7157],[11.9394,42.718],[11.9434,42.719],[11.9456,42.7246],[11.9474,42.7262],[11.9491,42.7274],[11.9594,42.7295],[11.9687,42.7346],[11.9699,42.7387],[11.9725,42.7439],[11.9741,42.7494],[11.9767,42.7508],[11.9793,42.7518],[11.9815,42.7528],[11.9819,42.7552],[11.9806,42.759],[11.9795,42.7646],[11.977,42.7649],[11.9664,42.7668],[11.9638,42.768],[11.9611,42.7705],[11.9596,42.7726],[11.9506,42.7749],[11.9438,42.7763],[11.9313,42.7784],[11.9285,42.78],[11.9247,42.7846],[11.9204,42.7945],[11.9196,42.7973],[11.9192,42.8011],[11.9168,42.8077],[11.9142,42.8095],[11.9106,42.813],[11.9084,42.8158],[11.9064,42.8232],[11.9049,42.8279],[11.9018,42.8316],[11.895,42.8347],[11.8929,42.8397],[11.8919,42.8429],[11.9068,42.8487],[11.9096,42.8491],[11.9118,42.8496],[11.9141,42.8513],[11.9208,42.8572],[11.9225,42.8599],[11.924,42.8635],[11.9254,42.8662],[11.929,42.8693],[11.9316,42.8698],[11.9368,42.8704],[11.943,42.8718],[11.9451,42.8713],[11.9498,42.8699],[11.9573,42.8701],[11.9586,42.8743],[11.959,42.8817],[11.9591,42.8852],[11.9588,42.8916],[11.9566,42.8938],[11.9521,42.901],[11.9482,42.902],[11.9412,42.9029],[11.9378,42.9031],[11.9356,42.904],[11.9335,42.9054],[11.9328,42.9076],[11.9352,42.9155],[11.9376,42.9235],[11.9386,42.9282],[11.9426,42.9383],[11.9514,42.9481],[11.9529,42.9547],[11.9516,42.9574],[11.9503,42.9589],[11.9492,42.9609],[11.9482,42.9665],[11.949,42.9689],[11.9507,42.9703],[11.9499,42.9751],[11.9542,42.9785],[11.9561,42.9828],[11.9594,42.9914],[11.9606,42.9954],[11.9619,43.0009],[11.9641,43.0065],[11.9666,43.0122],[11.9682,43.0155],[11.9694,43.0172],[11.9705,43.019],[11.9714,43.0207],[11.9715,43.0231],[11.9724,43.0353],[11.9734,43.0377],[11.9754,43.0413],[11.9765,43.0427],[11.9783,43.0438],[11.9801,43.0449],[11.9814,43.0469],[11.9822,43.0489],[11.9823,43.0514],[11.9808,43.0564],[11.9787,43.059],[11.9762,43.0613],[11.9737,43.0632],[11.9669,43.0662],[11.9645,43.0671],[11.9623,43.0677],[11.9571,43.0686],[11.9521,43.0662],[11.9504,43.0644],[11.9508,43.061],[11.9487,43.0562],[11.9454,43.0543],[11.9435,43.0535],[11.9408,43.053],[11.9364,43.0556],[11.9358,43.0576],[11.9353,43.0597],[11.9324,43.067],[11.9277,43.0724],[11.9249,43.0745],[11.9235,43.0793],[11.9301,43.0881],[11.931,43.0899],[11.9309,43.0924],[11.9209,43.1176],[11.9192,43.12],[11.9158,43.1243],[11.9124,43.1284],[11.9143,43.1294],[11.9168,43.1303],[11.9197,43.1312],[11.922,43.1351],[11.9223,43.1414],[11.924,43.1478],[11.925,43.1493],[11.9268,43.1509],[11.9287,43.1526],[11.9338,43.1555],[11.9465,43.1619],[11.9612,43.1669],[11.9647,43.1674],[11.9702,43.1692],[11.9723,43.1704],[11.9739,43.172],[11.9751,43.1738],[11.9766,43.1751],[11.9875,43.1805],[11.9932,43.1804],[11.996,43.1801],[12.0019,43.1802],[12.0049,43.1803],[12.0188,43.1841],[12.0241,43.1882],[12.0272,43.1912],[12.029,43.1966],[12.0274,43.199],[12.0272,43.2024],[12.031,43.2066],[12.0363,43.2159],[12.0353,43.2211],[12.0366,43.2248],[12.0397,43.229],[12.037,43.2378],[12.0358,43.2395],[12.0336,43.2464],[12.044,43.251],[12.0489,43.2531],[12.0541,43.251],[12.0557,43.2495],[12.0569,43.2482],[12.0585,43.2471],[12.0619,43.246],[12.0648,43.2455],[12.0672,43.2451],[12.0714,43.245],[12.0739,43.2445],[12.0757,43.2436],[12.0781,43.2419],[12.0823,43.2385],[12.0844,43.2368],[12.0915,43.2358],[12.0937,43.2364],[12.0943,43.2385],[12.098,43.2404],[12.1009,43.241],[12.1037,43.2422],[12.1086,43.2454],[12.1102,43.2484],[12.1127,43.251],[12.1193,43.2542],[12.1211,43.255],[12.1243,43.255],[12.1293,43.254],[12.1332,43.2535],[12.1391,43.2529],[12.1421,43.253],[12.1444,43.2535],[12.1486,43.2546],[12.1519,43.257],[12.1541,43.2591],[12.1618,43.2655],[12.1662,43.2685],[12.1747,43.2731],[12.1772,43.2738],[12.1805,43.2738],[12.1837,43.2736],[12.1863,43.2739],[12.1953,43.2776],[12.1995,43.2793],[12.2029,43.2804],[12.2058,43.2813],[12.2083,43.2819],[12.2101,43.2827],[12.2219,43.2932],[12.2235,43.295],[12.2213,43.298],[12.2193,43.2989],[12.2151,43.3002],[12.2058,43.3049],[12.2032,43.3077],[12.2021,43.3095],[12.1949,43.3131],[12.1832,43.3008],[12.185,43.2963],[12.1814,43.2882],[12.18,43.286],[12.1782,43.2831],[12.177,43.2818],[12.174,43.2814],[12.1647,43.2823],[12.1496,43.2863],[12.1338,43.2925],[12.1318,43.294],[12.1261,43.3055],[12.1268,43.3082],[12.1291,43.3095],[12.1305,43.3109],[12.1338,43.3159],[12.1357,43.3262],[12.1363,43.3317],[12.1355,43.3417],[12.1346,43.3436],[12.1307,43.3505],[12.1287,43.3533],[12.1272,43.3552],[12.1256,43.3571],[12.124,43.3589],[12.1225,43.3605],[12.1188,43.3644],[12.1147,43.3659],[12.1124,43.3684],[12.1096,43.3698],[12.1036,43.3721],[12.1011,43.3726],[12.0967,43.3691],[12.0955,43.3676],[12.0937,43.3665],[12.0806,43.3654],[12.0774,43.3656],[12.0759,43.3667],[12.0737,43.3686],[12.0728,43.3813],[12.0729,43.3861],[12.0733,43.3894],[12.074,43.3919],[12.0757,43.3951],[12.0774,43.3968],[12.0778,43.3994],[12.0775,43.4018],[12.0738,43.4038],[12.071,43.405],[12.0689,43.4045],[12.066,43.4035],[12.0577,43.4004],[12.0521,43.3983],[12.0329,43.4002],[12.0267,43.4103],[12.0252,43.4151],[12.0269,43.4181],[12.0296,43.4213],[12.0321,43.4237],[12.0355,43.4249],[12.041,43.4261],[12.0512,43.4302],[12.0526,43.4313],[12.0536,43.4349],[12.0569,43.4383],[12.0593,43.4385],[12.0621,43.438],[12.0665,43.4369],[12.0694,43.4361],[12.0721,43.4353],[12.0749,43.4343],[12.077,43.4338],[12.0803,43.4338],[12.0823,43.4346],[12.0875,43.4381],[12.0978,43.446],[12.0992,43.4471],[12.1003,43.4485],[12.1,43.4514],[12.0994,43.4538],[12.1012,43.457],[12.104,43.4604],[12.1084,43.4622],[12.1239,43.467],[12.1359,43.4686],[12.1412,43.4689],[12.1432,43.4703],[12.1443,43.4737],[12.1449,43.4774],[12.1443,43.4798],[12.1407,43.4825],[12.1365,43.4825],[12.1325,43.4824],[12.1185,43.4883],[12.1111,43.4927],[12.1083,43.4957],[12.0995,43.4981],[12.0959,43.4987],[12.0942,43.4998],[12.0925,43.5011],[12.0912,43.503],[12.0914,43.5066],[12.0909,43.5087],[12.0909,43.5112],[12.0954,43.5226],[12.1027,43.5299],[12.1075,43.5307],[12.1181,43.5301],[12.1268,43.5316],[12.1371,43.5342],[12.1421,43.5358],[12.143,43.5342],[12.1532,43.5287],[12.1539,43.5314],[12.1594,43.546],[12.1582,43.5476],[12.1627,43.5614],[12.1682,43.5653],[12.1787,43.575],[12.1806,43.5782],[12.1846,43.584],[12.1875,43.5859],[12.1901,43.5867],[12.1926,43.5876],[12.1944,43.5888],[12.1964,43.5923],[12.197,43.5944],[12.1963,43.5967],[12.196,43.5991],[12.1998,43.6032],[12.2012,43.6045],[12.2032,43.6062],[12.2138,43.6109],[12.2178,43.6043],[12.2253,43.5939],[12.2314,43.5934],[12.2534,43.5903],[12.2567,43.5895],[12.2615,43.5889],[12.2638,43.5894],[12.2653,43.5914],[12.2665,43.5935],[12.2704,43.5942],[12.285,43.5947],[12.2875,43.5946],[12.2944,43.5934],[12.2946,43.5909],[12.2924,43.5867],[12.2974,43.5858],[12.3058,43.5891],[12.3071,43.5905],[12.3083,43.5931],[12.3111,43.5974],[12.3111,43.6],[12.3132,43.602],[12.3157,43.6025],[12.3201,43.6024],[12.323,43.602],[12.3266,43.6035],[12.3308,43.607],[12.341,43.6087],[12.3512,43.6115],[12.3518,43.6146],[12.354,43.6167],[12.3561,43.6173],[12.3579,43.6166],[12.3713,43.6112],[12.3683,43.6095],[12.3617,43.602],[12.3613,43.5965],[12.3624,43.5946],[12.3663,43.5913],[12.3735,43.5843],[12.3705,43.5797],[12.3665,43.5769],[12.3633,43.5754],[12.3613,43.5742],[12.3547,43.565],[12.3449,43.5536],[12.3428,43.5526],[12.3379,43.5532],[12.3345,43.5539],[12.3202,43.5533],[12.3153,43.5494],[12.3129,43.5445],[12.3267,43.5292],[12.3315,43.5248],[12.3329,43.5237],[12.3379,43.5225],[12.3458,43.5211],[12.3501,43.5218],[12.3515,43.5231],[12.354,43.5265],[12.3556,43.5279],[12.3667,43.5341],[12.3849,43.5231],[12.3873,43.5213],[12.3855,43.5201],[12.3834,43.5167],[12.3849,43.5128],[12.3869,43.5107],[12.3887,43.5096],[12.3909,43.5092],[12.3941,43.5089],[12.3993,43.5095],[12.399,43.5132],[12.403,43.5199],[12.4053,43.5231],[12.411,43.5289],[12.4171,43.5343],[12.4198,43.5358],[12.4332,43.5384],[12.4374,43.5386],[12.4379,43.5366],[12.4574,43.5173],[12.4592,43.5165],[12.4681,43.5179],[12.4734,43.521],[12.4776,43.5254],[12.4805,43.5275],[12.4834,43.5274],[12.4998,43.5215],[12.5008,43.5196],[12.5036,43.5184],[12.5058,43.5171],[12.5109,43.5136],[12.5167,43.5092],[12.5209,43.5043],[12.522,43.5025],[12.5222,43.4993],[12.524,43.4964],[12.5333,43.4879],[12.5429,43.4797],[12.5491,43.4747],[12.5514,43.4721],[12.5547,43.4685],[12.5643,43.4598],[12.5676,43.4572],[12.5776,43.4496],[12.5795,43.4483],[12.5847,43.4451],[12.5872,43.4439],[12.5902,43.4437],[12.5972,43.4418],[12.6029,43.439],[12.6048,43.438],[12.6087,43.4352],[12.6163,43.4297],[12.6196,43.427],[12.6223,43.4244],[12.6229,43.4224],[12.6224,43.4202],[12.6194,43.4166],[12.6252,43.4207],[12.6366,43.4311],[12.6432,43.4336],[12.6632,43.4368],[12.6656,43.4364],[12.6776,43.4343],[12.6794,43.4334],[12.6815,43.4321],[12.6897,43.4284],[12.6986,43.4266],[12.7053,43.4253],[12.7089,43.4247],[12.7143,43.442],[12.7153,43.4461],[12.7225,43.4529],[12.7277,43.4572],[12.732,43.4618],[12.7358,43.4638],[12.7452,43.4646],[12.7466,43.463],[12.7555,43.4591],[12.7577,43.4587],[12.7661,43.4595],[12.7712,43.4573],[12.7731,43.4554],[12.7764,43.4505],[12.7742,43.4494],[12.7718,43.4484],[12.7692,43.4471],[12.7665,43.4456],[12.7648,43.433],[12.7655,43.4274],[12.7664,43.4255],[12.7683,43.4239],[12.7713,43.423],[12.7748,43.4203],[12.7781,43.4167],[12.7797,43.4142],[12.7748,43.4024],[12.7716,43.4008],[12.7632,43.3972],[12.7575,43.3957],[12.755,43.3954],[12.7468,43.3905],[12.7475,43.3886],[12.7489,43.3793],[12.7553,43.3752],[12.7573,43.3737],[12.7596,43.3683],[12.7586,43.3656],[12.7602,43.364],[12.7626,43.3638],[12.7648,43.3631],[12.7678,43.3616],[12.7701,43.36],[12.771,43.3577],[12.7716,43.3551],[12.7724,43.352],[12.7744,43.3492],[12.778,43.3467],[12.781,43.3455],[12.7825,43.3412],[12.7901,43.3375],[12.7923,43.3363],[12.794,43.3342],[12.7987,43.325],[12.8022,43.3076],[12.8024,43.3049],[12.8022,43.3026],[12.8012,43.2958],[12.7997,43.2912],[12.7982,43.2899],[12.7958,43.2891],[12.7936,43.2883],[12.7917,43.287],[12.7892,43.2845],[12.79,43.2822],[12.7953,43.2783],[12.806,43.2707],[12.8248,43.2666],[12.8283,43.2606],[12.8286,43.2561],[12.8267,43.2535],[12.8256,43.2493],[12.8281,43.2353],[12.8298,43.2335],[12.8324,43.2314],[12.8341,43.2298],[12.8372,43.2252],[12.8384,43.2204],[12.8366,43.2175],[12.8506,43.2099],[12.8623,43.2113],[12.8654,43.2061],[12.8682,43.1952],[12.8682,43.1885],[12.8641,43.1739],[12.8626,43.1662],[12.8536,43.1555],[12.8522,43.1541],[12.8486,43.1523],[12.8438,43.1505],[12.8405,43.1495],[12.8375,43.1486],[12.8337,43.1477],[12.8314,43.147],[12.8296,43.1455],[12.8309,43.1415],[12.8331,43.139],[12.8348,43.1376],[12.8369,43.1354],[12.8382,43.1336],[12.8397,43.13],[12.8399,43.1277],[12.8405,43.1254],[12.8417,43.1236],[12.843,43.1223],[12.8506,43.1225],[12.8557,43.124],[12.858,43.125],[12.8715,43.1241],[12.8755,43.1234],[12.8783,43.1226],[12.8804,43.1217],[12.882,43.1205],[12.883,43.1187],[12.8844,43.1112],[12.884,43.1086],[12.885,43.0999],[12.8863,43.098],[12.8918,43.093],[12.8937,43.0924],[12.8973,43.0935],[12.8963,43.0894],[12.8949,43.0773],[12.8931,43.0686],[12.8921,43.0647],[12.8915,43.0626],[12.8901,43.0595],[12.8906,43.0551],[12.8918,43.0491],[12.8931,43.0463],[12.8974,43.0433],[12.9039,43.0388],[12.9067,43.0354],[12.9034,43.0272],[12.8977,43.0248],[12.8944,43.0208],[12.8921,43.0178],[12.8885,43.0122],[12.888,43.0098],[12.8888,43.008],[12.8939,43.0007],[12.9042,42.9891],[12.9059,42.9879],[12.9073,42.9867],[12.9082,42.9849],[12.9059,42.9793],[12.9033,42.9776],[12.9014,42.9765],[12.8994,42.9746],[12.8983,42.9731],[12.8975,42.9712],[12.8965,42.9674],[12.8958,42.9646],[12.9158,42.9536],[12.9176,42.9547],[12.9202,42.9554],[12.926,42.9545],[12.9279,42.9537],[12.9305,42.9514],[12.932,42.9488],[12.9343,42.9458],[12.941,42.9423],[12.9443,42.9415],[12.9468,42.9414],[12.9493,42.93],[12.9521,42.9296],[12.9598,42.9288],[12.9647,42.9287],[12.9693,42.9284],[12.9716,42.9281],[12.9745,42.9273],[12.9764,42.9265],[12.9764,42.9239],[12.9757,42.9211],[12.9745,42.9188],[12.9704,42.9081],[12.969,42.9032],[12.9684,42.9007],[12.9716,42.8915],[12.9733,42.8902],[12.9753,42.8865],[12.9749,42.881],[12.9737,42.8794],[12.9749,42.8734],[12.9762,42.8698],[12.987,42.8686],[12.9891,42.8695],[12.9902,42.8711],[12.993,42.8795],[12.9946,42.8836],[12.9956,42.8855],[12.9986,42.8873],[13.0007,42.8891],[13.0022,42.8931],[13.0025,42.8953],[13.0011,42.8968],[12.9995,42.898],[12.9956,42.9025],[13.0008,42.9084],[13.0057,42.9062],[13.0082,42.9039],[13.0101,42.9029],[13.0249,42.9026],[13.0378,42.9075],[13.0411,42.9116],[13.0422,42.9134],[13.0432,42.9151],[13.045,42.9163],[13.049,42.9182],[13.0528,42.9198],[13.0556,42.9183],[13.0583,42.9162],[13.0599,42.915],[13.063,42.912],[13.0661,42.9089],[13.0674,42.9075],[13.0687,42.9059],[13.0726,42.9037],[13.0771,42.9013],[13.0789,42.9004],[13.0807,42.8995],[13.1081,42.8903],[13.1118,42.8894],[13.1224,42.8732],[13.1354,42.8612],[13.1391,42.8578],[13.1404,42.8551],[13.1415,42.8526],[13.1432,42.8492],[13.144,42.8475],[13.1544,42.8348],[13.1609,42.8319],[13.1633,42.8324],[13.1648,42.8335],[13.1806,42.8367],[13.1869,42.8346],[13.2118,42.8415],[13.2168,42.8459],[13.221,42.8507],[13.223,42.8519],[13.225,42.8526],[13.2275,42.8528],[13.2298,42.8535],[13.2316,42.8547],[13.233,42.8616],[13.2353,42.8677],[13.2387,42.8645],[13.2434,42.8588],[13.2477,42.85],[13.2493,42.8437],[13.2498,42.8415],[13.2512,42.8334],[13.2553,42.8226],[13.2566,42.8201],[13.2594,42.8178],[13.261,42.8169],[13.2627,42.8159],[13.2642,42.8098],[13.2594,42.7983],[13.2547,42.7958],[13.251,42.7892],[13.2462,42.7761],[13.2451,42.7726],[13.2456,42.77],[13.2453,42.7673],[13.2414,42.7628],[13.2386,42.7609],[13.2367,42.7657],[13.2367,42.7686],[13.2358,42.7719],[13.2343,42.7731],[13.2216,42.7727],[13.2176,42.772],[13.1942,42.7585],[13.1962,42.7569],[13.1985,42.7547],[13.1995,42.7517],[13.1993,42.7491],[13.1956,42.7437],[13.1937,42.7429],[13.1922,42.7415],[13.1896,42.7391],[13.1885,42.7377],[13.1877,42.7356],[13.1892,42.7336],[13.1872,42.7257],[13.187,42.7234],[13.1877,42.7203],[13.1888,42.7183],[13.19,42.7152],[13.1907,42.7128],[13.1905,42.7099],[13.1892,42.7081],[13.1864,42.7062],[13.1832,42.7022],[13.1771,42.6943],[13.1754,42.6915],[13.1745,42.6898],[13.1737,42.688],[13.1739,42.6854],[13.175,42.684],[13.1767,42.6831],[13.1795,42.6834],[13.1798,42.6776],[13.1741,42.6661],[13.1703,42.6629],[13.1656,42.6596],[13.1603,42.6562],[13.1585,42.6543]]],[[[12.4078,43.6021],[12.4118,43.6035],[12.4151,43.605],[12.4163,43.608],[12.4211,43.6093],[12.4242,43.6094],[12.4306,43.6064],[12.4314,43.6028],[12.4333,43.601],[12.4347,43.5998],[12.4334,43.5927],[12.432,43.5915],[12.4288,43.5914],[12.4251,43.5917],[12.423,43.594],[12.4212,43.5961],[12.4183,43.5982],[12.4078,43.6021]]]]},"properties":{"name":"Umbria"}},{"type":"Feature","geometry":{"type":"Polygon","coordinates":[[[12.5008,43.5196],[12.4998,43.5215],[12.484,43.5272],[12.4814,43.5275],[12.478,43.5257],[12.4734,43.521],[12.4681,43.5179],[12.4592,43.5165],[12.4574,43.5173],[12.4383,43.5358],[12.4379,43.5384],[12.4332,43.5384],[12.421,43.5363],[12.4185,43.5352],[12.4117,43.5296],[12.4063,43.5245],[12.403,43.5199],[12.399,43.5132],[12.4002,43.5098],[12.3948,43.5088],[12.3909,43.5092],[12.3887,43.5096],[12.3869,43.5107],[12.3851,43.5123],[12.3834,43.5163],[12.3852,43.5196],[12.3869,43.5205],[12.3855,43.5228],[12.3667,43.5341],[12.3561,43.5282],[12.354,43.5265],[12.3515,43.5231],[12.3501,43.5218],[12.3461,43.5211],[12.3379,43.5225],[12.3332,43.5236],[12.3315,43.5248],[12.3267,43.5292],[12.3129,43.5431],[12.3145,43.5482],[12.3193,43.5528],[12.3336,43.554],[12.3361,43.5536],[12.3408,43.5527],[12.3434,43.5527],[12.3547,43.565],[12.3613,43.5742],[12.3633,43.5754],[12.3665,43.5769],[12.37,43.5791],[12.3735,43.5843],[12.3663,43.5913],[12.3624,43.5946],[12.3613,43.5965],[12.3616,43.6013],[12.3675,43.6087],[12.3713,43.6112],[12.358,43.6165],[12.3561,43.6173],[12.354,43.6167],[12.3518,43.6146],[12.3507,43.6122],[12.341,43.6087],[12.3308,43.607],[12.3266,43.6035],[12.323,43.602],[12.3201,43.6024],[12.3164,43.6026],[12.314,43.6023],[12.3111,43.6],[12.3111,43.5974],[12.3083,43.5931],[12.3071,43.5905],[12.3058,43.5891],[12.2995,43.5859],[12.2933,43.5861],[12.2933,43.5898],[12.2946,43.593],[12.2878,43.5946],[12.285,43.5947],[12.2704,43.5942],[12.2679,43.5939],[12.2657,43.5929],[12.2649,43.5904],[12.2632,43.5891],[12.2587,43.5891],[12.2553,43.5902],[12.2314,43.5934],[12.2253,43.5939],[12.2182,43.6035],[12.2138,43.6109],[12.2112,43.6189],[12.2102,43.6207],[12.2037,43.6265],[12.2009,43.6277],[12.1986,43.6283],[12.1964,43.6289],[12.1899,43.6327],[12.1883,43.6344],[12.1872,43.636],[12.1855,43.6411],[12.1997,43.6502],[12.2037,43.6517],[12.2075,43.6514],[12.2106,43.6499],[12.2201,43.6507],[12.2289,43.6534],[12.2327,43.6556],[12.2482,43.6674],[12.2495,43.6689],[12.2506,43.6714],[12.251,43.6737],[12.2451,43.6815],[12.2628,43.6797],[12.268,43.6777],[12.2728,43.676],[12.2793,43.678],[12.2851,43.6802],[12.2972,43.686],[12.2988,43.6896],[12.3025,43.6952],[12.3058,43.6979],[12.3045,43.7031],[12.3054,43.7131],[12.3044,43.7152],[12.303,43.7166],[12.301,43.72],[12.3028,43.7248],[12.3038,43.7267],[12.3056,43.7285],[12.3083,43.7302],[12.3141,43.7205],[12.3135,43.7166],[12.3144,43.7115],[12.315,43.7075],[12.3147,43.7019],[12.3208,43.6947],[12.3213,43.6922],[12.3207,43.6884],[12.3165,43.6813],[12.3157,43.6779],[12.325,43.6763],[12.3275,43.6757],[12.3292,43.6748],[12.3308,43.6736],[12.3326,43.6743],[12.3358,43.6773],[12.3347,43.6797],[12.3297,43.6986],[12.3294,43.7014],[12.3301,43.707],[12.3318,43.7081],[12.3345,43.7072],[12.3422,43.709],[12.344,43.7099],[12.3501,43.7077],[12.3524,43.7053],[12.3564,43.7024],[12.368,43.7057],[12.3701,43.7073],[12.3713,43.709],[12.3711,43.7114],[12.3701,43.713],[12.3682,43.7151],[12.3639,43.7183],[12.3616,43.7196],[12.3477,43.7295],[12.3427,43.7336],[12.3401,43.7356],[12.3377,43.7369],[12.3346,43.7399],[12.3316,43.7441],[12.3307,43.7465],[12.3291,43.7488],[12.3274,43.7507],[12.3177,43.7554],[12.3074,43.7564],[12.3001,43.757],[12.2973,43.7588],[12.2925,43.7611],[12.2886,43.7626],[12.2834,43.7633],[12.283,43.7659],[12.2848,43.7702],[12.2872,43.7717],[12.2881,43.7752],[12.289,43.7858],[12.2842,43.7887],[12.283,43.7902],[12.2847,43.7947],[12.2914,43.7962],[12.2968,43.7973],[12.313,43.8041],[12.3159,43.8056],[12.3288,43.8006],[12.3343,43.8015],[12.3451,43.8014],[12.3498,43.7996],[12.3537,43.8014],[12.3621,43.8056],[12.3632,43.807],[12.3639,43.8096],[12.3648,43.8118],[12.3662,43.8133],[12.3805,43.8148],[12.388,43.8168],[12.3905,43.8195],[12.3932,43.8211],[12.3985,43.8264],[12.397,43.8289],[12.391,43.8444],[12.3933,43.8574],[12.3975,43.8674],[12.4036,43.8705],[12.4006,43.8728],[12.404,43.876],[12.4077,43.8767],[12.4118,43.8752],[12.4138,43.8743],[12.4171,43.8732],[12.42,43.8722],[12.4302,43.8717],[12.4321,43.8726],[12.4349,43.8722],[12.4457,43.8708],[12.4482,43.8722],[12.4575,43.8799],[12.4631,43.8896],[12.4624,43.8938],[12.4777,43.8969],[12.4874,43.8965],[12.4871,43.8943],[12.4874,43.8855],[12.4883,43.8837],[12.4897,43.8825],[12.4937,43.8797],[12.4967,43.8758],[12.4993,43.8736],[12.5018,43.8754],[12.5053,43.8771],[12.5079,43.8782],[12.5112,43.8793],[12.516,43.8806],[12.5182,43.881],[12.5185,43.878],[12.5187,43.8756],[12.5213,43.8739],[12.5314,43.8695],[12.5341,43.8706],[12.5348,43.8685],[12.5417,43.864],[12.5493,43.8656],[12.5511,43.8664],[12.5615,43.8693],[12.563,43.8705],[12.5641,43.8729],[12.5647,43.8766],[12.5648,43.8791],[12.5651,43.8815],[12.5725,43.8849],[12.5756,43.8849],[12.5791,43.8848],[12.5814,43.8841],[12.5844,43.8841],[12.5887,43.8854],[12.5907,43.8843],[12.5895,43.8815],[12.59,43.8785],[12.5924,43.8765],[12.593,43.8732],[12.5894,43.8653],[12.5946,43.8635],[12.5983,43.8635],[12.6017,43.8635],[12.6038,43.8566],[12.6029,43.8547],[12.6012,43.8534],[12.601,43.8505],[12.6048,43.846],[12.6066,43.845],[12.609,43.8453],[12.6159,43.8465],[12.6189,43.8426],[12.6165,43.8414],[12.6103,43.8371],[12.61,43.834],[12.6112,43.8308],[12.6189,43.8264],[12.6233,43.8212],[12.6288,43.8209],[12.6317,43.8219],[12.6347,43.8234],[12.6372,43.8245],[12.643,43.8266],[12.6584,43.8274],[12.6665,43.824],[12.6689,43.8233],[12.6724,43.8235],[12.6813,43.8281],[12.6792,43.8413],[12.6812,43.8476],[12.6823,43.8528],[12.6854,43.8522],[12.6967,43.8527],[12.6991,43.8547],[12.6992,43.8571],[12.7005,43.8584],[12.7143,43.8602],[12.7219,43.861],[12.724,43.8614],[12.7258,43.8623],[12.728,43.8637],[12.7329,43.8694],[12.7334,43.8714],[12.7319,43.8732],[12.7277,43.8761],[12.7227,43.8806],[12.7252,43.8838],[12.7343,43.8952],[12.7334,43.9009],[12.7312,43.9032],[12.7288,43.9084],[12.7271,43.9117],[12.7293,43.9122],[12.7297,43.9162],[12.7288,43.9187],[12.7279,43.9242],[12.7333,43.9297],[12.7395,43.9383],[12.7415,43.9409],[12.7483,43.953],[12.75,43.9546],[12.7556,43.962],[12.7547,43.9644],[12.7506,43.9685],[12.7562,43.9686],[12.7597,43.9673],[12.762,43.9668],[12.7683,43.9659],[12.771,43.9662],[12.7848,43.9654],[12.7869,43.9644],[12.7976,43.9652],[12.8074,43.9611],[12.8255,43.9531],[12.8495,43.9424],[12.8633,43.9371],[12.8822,43.9288],[12.886,43.9266],[12.888,43.9255],[12.8916,43.9237],[12.9038,43.9209],[12.9073,43.923],[12.9209,43.9134],[12.9267,43.9091],[12.9414,43.8979],[12.9448,43.8953],[12.9591,43.8848],[12.9626,43.8816],[12.9644,43.8806],[12.9677,43.8784],[12.9745,43.8734],[12.9863,43.8653],[12.9996,43.8575],[13.0023,43.856],[13.0093,43.8526],[13.0113,43.8519],[13.0137,43.8518],[13.022,43.8498],[13.028,43.8452],[13.0329,43.8421],[13.0374,43.8392],[13.0464,43.8348],[13.0506,43.8325],[13.0676,43.8219],[13.0716,43.8189],[13.0781,43.8136],[13.0801,43.8119],[13.0816,43.8105],[13.0888,43.8051],[13.1009,43.7963],[13.1151,43.786],[13.1192,43.7832],[13.1209,43.782],[13.1234,43.7803],[13.1267,43.778],[13.1285,43.7768],[13.135,43.7727],[13.1409,43.7692],[13.1438,43.7678],[13.1686,43.7527],[13.1724,43.7502],[13.182,43.7444],[13.1837,43.7426],[13.1906,43.7381],[13.2116,43.725],[13.2198,43.7177],[13.2438,43.7038],[13.2561,43.6962],[13.2651,43.6909],[13.2688,43.6886],[13.2712,43.6873],[13.2738,43.6859],[13.2762,43.6845],[13.2784,43.6834],[13.2846,43.68],[13.2969,43.6738],[13.3002,43.6721],[13.308,43.6684],[13.312,43.6666],[13.3199,43.6632],[13.3323,43.6578],[13.3398,43.6547],[13.3482,43.6513],[13.3512,43.6498],[13.3536,43.6487],[13.3714,43.643],[13.3739,43.643],[13.3831,43.6405],[13.3872,43.6382],[13.3884,43.6367],[13.391,43.6346],[13.3955,43.6321],[13.4102,43.6253],[13.4138,43.6237],[13.4175,43.6223],[13.4211,43.6209],[13.4236,43.6201],[13.4277,43.6184],[13.4307,43.6173],[13.4373,43.6151],[13.4529,43.6108],[13.4566,43.61],[13.469,43.6082],[13.4747,43.6075],[13.4796,43.6069],[13.4842,43.6077],[13.488,43.6095],[13.4936,43.6131],[13.4956,43.616],[13.4939,43.6169],[13.4951,43.6203],[13.4995,43.6206],[13.5031,43.6177],[13.5039,43.6151],[13.5082,43.6187],[13.5093,43.621],[13.5087,43.623],[13.506,43.6261],[13.5027,43.6288],[13.5005,43.63],[13.5022,43.6312],[13.5066,43.6306],[13.5119,43.6259],[13.5149,43.6244],[13.5264,43.6215],[13.5293,43.6208],[13.5315,43.6196],[13.5373,43.6125],[13.5384,43.6106],[13.5403,43.6097],[13.5429,43.6089],[13.5501,43.6043],[13.5533,43.6022],[13.5656,43.5891],[13.5663,43.5872],[13.5656,43.5833],[13.5684,43.5773],[13.5694,43.5753],[13.5708,43.5733],[13.5727,43.5713],[13.5751,43.5694],[13.5777,43.5678],[13.5795,43.5669],[13.5844,43.5651],[13.5866,43.5644],[13.5893,43.5641],[13.6091,43.559],[13.613,43.5572],[13.6255,43.5503],[13.627,43.5484],[13.6283,43.5452],[13.6271,43.54],[13.624,43.5365],[13.6221,43.5349],[13.6208,43.5316],[13.6211,43.5286],[13.6237,43.5164],[13.6248,43.5084],[13.6229,43.5074],[13.6227,43.504],[13.6237,43.5015],[13.6246,43.4997],[13.6264,43.4968],[13.6294,43.4924],[13.631,43.4901],[13.6337,43.4865],[13.6369,43.4822],[13.6414,43.4755],[13.6423,43.4736],[13.644,43.4711],[13.649,43.4621],[13.6547,43.4515],[13.6631,43.4379],[13.6652,43.4346],[13.6677,43.4302],[13.67,43.4258],[13.6709,43.4239],[13.6775,43.4086],[13.6792,43.4044],[13.6819,43.3982],[13.6893,43.3811],[13.6938,43.3715],[13.6972,43.3644],[13.6999,43.3582],[13.7037,43.3492],[13.7072,43.3418],[13.7096,43.3372],[13.714,43.3305],[13.7178,43.3246],[13.7203,43.3212],[13.7225,43.3185],[13.7238,43.3171],[13.7302,43.3117],[13.7334,43.3103],[13.7354,43.3084],[13.7419,43.2965],[13.7429,43.2941],[13.751,43.2799],[13.7556,43.2712],[13.7565,43.2695],[13.7583,43.266],[13.76,43.2628],[13.7627,43.258],[13.7663,43.2522],[13.7684,43.249],[13.7743,43.24],[13.7777,43.2343],[13.7805,43.2281],[13.7811,43.2259],[13.7818,43.2233],[13.783,43.2203],[13.7871,43.2098],[13.7895,43.2047],[13.7905,43.2012],[13.7921,43.1977],[13.7959,43.1904],[13.7973,43.187],[13.7979,43.1849],[13.8002,43.1797],[13.8028,43.1741],[13.8037,43.1723],[13.8078,43.1663],[13.8091,43.1645],[13.812,43.1645],[13.8134,43.1677],[13.8123,43.1701],[13.8137,43.1689],[13.8136,43.1653],[13.8112,43.1634],[13.8116,43.1605],[13.8123,43.1582],[13.8132,43.1559],[13.8147,43.1522],[13.8173,43.1464],[13.821,43.1391],[13.8221,43.137],[13.824,43.1335],[13.8251,43.1318],[13.8292,43.1269],[13.8304,43.1247],[13.8344,43.1173],[13.8357,43.1145],[13.8385,43.1089],[13.8409,43.1048],[13.8419,43.1031],[13.8447,43.0967],[13.846,43.0923],[13.8469,43.0879],[13.8461,43.0861],[13.8461,43.0833],[13.8468,43.0802],[13.8495,43.0667],[13.8524,43.0545],[13.8534,43.0525],[13.8586,43.037],[13.86,43.0315],[13.8608,43.0271],[13.8614,43.0238],[13.8619,43.0213],[13.8642,43.0138],[13.8657,43.0102],[13.8717,42.9954],[13.8717,42.9912],[13.8727,42.9874],[13.8787,42.9704],[13.8801,42.9666],[13.881,42.9642],[13.8823,42.962],[13.8844,42.9599],[13.8854,42.9554],[13.8896,42.9443],[13.8903,42.9424],[13.8927,42.9373],[13.899,42.9271],[13.9027,42.9216],[13.9088,42.9085],[13.9113,42.9031],[13.9134,42.8992],[13.9152,42.8959],[13.9167,42.8946],[13.9103,42.8948],[13.9045,42.8947],[13.9016,42.8942],[13.8988,42.8934],[13.897,42.8925],[13.8939,42.8916],[13.8894,42.8912],[13.8838,42.8919],[13.88,42.8912],[13.8809,42.8939],[13.8783,42.8949],[13.8778,42.8922],[13.877,42.8899],[13.8752,42.889],[13.8551,42.884],[13.8484,42.8839],[13.8427,42.8842],[13.8366,42.8823],[13.8311,42.8812],[13.8235,42.8799],[13.8209,42.8794],[13.8176,42.8783],[13.815,42.8767],[13.8132,42.8754],[13.8124,42.8733],[13.8109,42.8721],[13.8055,42.8694],[13.8008,42.8673],[13.7798,42.861],[13.7741,42.8595],[13.7709,42.859],[13.7629,42.8587],[13.7597,42.8591],[13.7541,42.8587],[13.751,42.8577],[13.7479,42.8565],[13.7429,42.8559],[13.7339,42.8555],[13.7307,42.8558],[13.7259,42.8558],[13.7225,42.8553],[13.7066,42.8493],[13.7059,42.8474],[13.7066,42.8454],[13.709,42.8449],[13.7108,42.8437],[13.7076,42.8368],[13.7004,42.8244],[13.6994,42.8228],[13.6966,42.8215],[13.6943,42.8206],[13.6916,42.8196],[13.6887,42.8186],[13.6852,42.8181],[13.6765,42.8151],[13.6724,42.8133],[13.6655,42.8102],[13.6636,42.8071],[13.6512,42.8052],[13.649,42.8048],[13.6438,42.8037],[13.6355,42.8033],[13.6309,42.8051],[13.6288,42.8069],[13.6269,42.8127],[13.6281,42.8144],[13.6251,42.8163],[13.621,42.8157],[13.619,42.8143],[13.6167,42.8121],[13.6137,42.8105],[13.6015,42.8064],[13.5933,42.8063],[13.5905,42.8064],[13.5811,42.8041],[13.5747,42.8008],[13.5725,42.8004],[13.555,42.8044],[13.5532,42.8056],[13.5475,42.8121],[13.5461,42.8145],[13.5447,42.8164],[13.535,42.8168],[13.5325,42.8122],[13.5322,42.8066],[13.5318,42.8021],[13.5301,42.7968],[13.5155,42.7861],[13.5068,42.7763],[13.505,42.7755],[13.5023,42.771],[13.5018,42.7628],[13.5029,42.7586],[13.504,42.7572],[13.5046,42.7484],[13.4934,42.7366],[13.4895,42.734],[13.4797,42.7323],[13.4748,42.7324],[13.4689,42.7329],[13.4664,42.7335],[13.4643,42.7348],[13.4521,42.7339],[13.448,42.7322],[13.4457,42.7306],[13.4411,42.7262],[13.4377,42.7169],[13.4376,42.707],[13.4388,42.7056],[13.4408,42.7045],[13.4376,42.6992],[13.4352,42.6996],[13.4332,42.701],[13.4324,42.7031],[13.4292,42.7058],[13.4212,42.703],[13.4095,42.6965],[13.4008,42.6914],[13.3994,42.6901],[13.3978,42.689],[13.3926,42.6874],[13.39,42.6872],[13.3808,42.6907],[13.368,42.6931],[13.3651,42.693],[13.3629,42.6936],[13.3589,42.6958],[13.3578,42.6941],[13.356,42.695],[13.3472,42.6995],[13.3424,42.7013],[13.3365,42.7049],[13.3283,42.7119],[13.3269,42.7144],[13.3239,42.7184],[13.3189,42.7227],[13.3133,42.726],[13.3105,42.7275],[13.3072,42.7285],[13.3021,42.7294],[13.2994,42.7296],[13.2967,42.7297],[13.2946,42.7306],[13.2927,42.7317],[13.2905,42.7332],[13.2878,42.7392],[13.2863,42.7404],[13.2812,42.7404],[13.2645,42.7402],[13.2634,42.7383],[13.2608,42.7333],[13.2599,42.73],[13.2574,42.7242],[13.2549,42.7218],[13.2509,42.7227],[13.2381,42.7258],[13.2302,42.727],[13.2071,42.7309],[13.2021,42.7341],[13.2002,42.7351],[13.1973,42.7348],[13.1892,42.7336],[13.1876,42.7347],[13.1882,42.7372],[13.1893,42.7388],[13.1922,42.7415],[13.1937,42.7429],[13.1956,42.7437],[13.1989,42.748],[13.1995,42.7507],[13.1992,42.7532],[13.1962,42.7569],[13.1942,42.7585],[13.2165,42.7715],[13.2211,42.7727],[13.2343,42.7731],[13.2358,42.7719],[13.2368,42.7699],[13.2366,42.7662],[13.2384,42.7612],[13.2405,42.7622],[13.245,42.7669],[13.2456,42.7694],[13.2453,42.772],[13.2462,42.7761],[13.2508,42.7887],[13.2547,42.7958],[13.2584,42.7977],[13.264,42.8082],[13.2633,42.8142],[13.2624,42.8161],[13.2605,42.8172],[13.2573,42.8191],[13.2558,42.8215],[13.2512,42.8334],[13.2498,42.8409],[13.2493,42.8437],[13.2479,42.8495],[13.2435,42.8587],[13.2398,42.8633],[13.2361,42.8671],[13.233,42.8616],[13.2322,42.8562],[13.2313,42.8543],[13.2291,42.8533],[13.2264,42.8526],[13.223,42.8519],[13.221,42.8507],[13.2168,42.8459],[13.2122,42.8417],[13.1876,42.8345],[13.1806,42.8367],[13.1648,42.8335],[13.1633,42.8324],[13.1612,42.8319],[13.1556,42.834],[13.1444,42.8471],[13.1432,42.8492],[13.1415,42.8526],[13.1404,42.8551],[13.1391,42.8578],[13.1354,42.8612],[13.1224,42.8732],[13.1127,42.8885],[13.1087,42.8901],[13.0807,42.8995],[13.0789,42.9004],[13.0771,42.9013],[13.0739,42.903],[13.0695,42.9054],[13.0679,42.9068],[13.0661,42.9089],[13.0638,42.9112],[13.0599,42.915],[13.0583,42.9162],[13.0556,42.9183],[13.0544,42.9202],[13.049,42.9182],[13.045,42.9163],[13.0432,42.9151],[13.0422,42.9134],[13.0411,42.9116],[13.0388,42.9083],[13.0249,42.9026],[13.0116,42.9028],[13.0092,42.903],[13.0068,42.9052],[13.0008,42.9084],[12.9956,42.9025],[12.999,42.8983],[13.0011,42.8968],[13.0025,42.8956],[13.0022,42.8931],[13.0007,42.8891],[12.9986,42.8873],[12.9971,42.8862],[12.9955,42.8852],[12.993,42.8795],[12.9902,42.8711],[12.9891,42.8695],[12.987,42.8686],[12.9762,42.8698],[12.9755,42.8724],[12.9732,42.8774],[12.974,42.8797],[12.9755,42.8849],[12.9739,42.8896],[12.9716,42.8915],[12.9684,42.9007],[12.969,42.9032],[12.9704,42.9081],[12.9745,42.9188],[12.9755,42.9205],[12.9764,42.9239],[12.9764,42.9265],[12.9745,42.9273],[12.9725,42.928],[12.9693,42.9284],[12.9654,42.9287],[12.9598,42.9288],[12.9521,42.9296],[12.9493,42.93],[12.9481,42.9415],[12.9443,42.9415],[12.9416,42.942],[12.9348,42.9455],[12.9329,42.9475],[12.9314,42.9498],[12.9294,42.9527],[12.9272,42.9541],[12.9202,42.9554],[12.9176,42.9547],[12.9162,42.9535],[12.8966,42.9639],[12.8965,42.9674],[12.8975,42.9712],[12.8983,42.9731],[12.8994,42.9746],[12.901,42.9762],[12.9025,42.9772],[12.9048,42.9786],[12.9082,42.9849],[12.9073,42.9867],[12.9059,42.9879],[12.9042,42.9891],[12.8943,43.0003],[12.8893,43.0072],[12.8882,43.0091],[12.8883,43.0118],[12.8921,43.0178],[12.894,43.0202],[12.8977,43.0248],[12.9034,43.0272],[12.9067,43.0354],[12.9046,43.038],[12.8985,43.0438],[12.894,43.0452],[12.8921,43.0477],[12.8906,43.0551],[12.8901,43.0581],[12.8915,43.0626],[12.8921,43.0647],[12.8931,43.0686],[12.8949,43.0773],[12.8963,43.0894],[12.8973,43.0935],[12.8937,43.0924],[12.8918,43.093],[12.8863,43.098],[12.885,43.0996],[12.8839,43.1076],[12.8844,43.1112],[12.8833,43.1174],[12.8826,43.1194],[12.8813,43.1212],[12.8788,43.1224],[12.8759,43.1233],[12.8735,43.1238],[12.8585,43.1252],[12.8557,43.124],[12.852,43.1228],[12.8445,43.1221],[12.8423,43.123],[12.8408,43.125],[12.84,43.1269],[12.8397,43.13],[12.8387,43.1328],[12.8372,43.1351],[12.8352,43.1372],[12.8331,43.139],[12.8315,43.1404],[12.8297,43.1453],[12.8313,43.1469],[12.8337,43.1477],[12.8375,43.1486],[12.8405,43.1495],[12.8438,43.1505],[12.8476,43.1519],[12.8508,43.1532],[12.8526,43.1545],[12.8623,43.1657],[12.8641,43.1739],[12.8672,43.1873],[12.8682,43.1952],[12.8654,43.2061],[12.8634,43.21],[12.8506,43.2099],[12.8366,43.2175],[12.8385,43.2197],[12.8372,43.2252],[12.8347,43.229],[12.8335,43.2304],[12.8311,43.2325],[12.829,43.2343],[12.8256,43.249],[12.8263,43.2522],[12.8283,43.2557],[12.8283,43.2606],[12.8248,43.2666],[12.8078,43.2709],[12.7953,43.2783],[12.7912,43.2813],[12.7892,43.2829],[12.7917,43.287],[12.7936,43.2883],[12.7958,43.2891],[12.7982,43.2899],[12.7997,43.2912],[12.801,43.2948],[12.8021,43.3015],[12.8024,43.3047],[12.8022,43.3076],[12.7988,43.3248],[12.7941,43.334],[12.793,43.3356],[12.7914,43.3371],[12.7825,43.3412],[12.781,43.3455],[12.7788,43.3462],[12.7757,43.3482],[12.7731,43.3503],[12.7716,43.3551],[12.771,43.3577],[12.7701,43.36],[12.7679,43.3615],[12.7653,43.3629],[12.7626,43.3638],[12.7602,43.364],[12.7586,43.3656],[12.7595,43.3675],[12.7584,43.3723],[12.7565,43.3746],[12.7497,43.3781],[12.7475,43.3886],[12.7468,43.3905],[12.7543,43.3954],[12.7575,43.3957],[12.7614,43.3966],[12.7716,43.4008],[12.7744,43.402],[12.7797,43.4142],[12.7781,43.4167],[12.7748,43.4203],[12.7713,43.423],[12.7686,43.4237],[12.7664,43.4255],[12.7655,43.4274],[12.7648,43.433],[12.7663,43.4454],[12.7683,43.4467],[12.7718,43.4484],[12.7742,43.4494],[12.7764,43.4505],[12.7731,43.4554],[12.7712,43.4573],[12.7674,43.4598],[12.7584,43.4587],[12.7555,43.4591],[12.7474,43.4619],[12.7465,43.464],[12.7358,43.4638],[12.732,43.4618],[12.7277,43.4572],[12.7225,43.4529],[12.7153,43.4461],[12.7144,43.4425],[12.7094,43.4251],[12.7053,43.4253],[12.6986,43.4266],[12.6897,43.4284],[12.6823,43.4312],[12.6799,43.4331],[12.6782,43.4341],[12.6656,43.4364],[12.6632,43.4368],[12.6437,43.4337],[12.6373,43.4315],[12.6252,43.4207],[12.6194,43.4166],[12.6224,43.4202],[12.6229,43.4224],[12.6223,43.4244],[12.6199,43.4267],[12.6163,43.4297],[12.6087,43.4352],[12.605,43.4379],[12.6033,43.4388],[12.5972,43.4418],[12.5925,43.4437],[12.5885,43.4437],[12.5847,43.4451],[12.5795,43.4483],[12.5776,43.4496],[12.5676,43.4572],[12.5643,43.4598],[12.5547,43.4685],[12.5514,43.4721],[12.5491,43.4747],[12.5429,43.4797],[12.5333,43.4879],[12.5242,43.4962],[12.5225,43.4987],[12.5222,43.5019],[12.5212,43.5039],[12.5171,43.5089],[12.5109,43.5136],[12.5058,43.5171],[12.5042,43.5181],[12.5008,43.5196]],[[12.4078,43.6021],[12.418,43.5984],[12.4203,43.5971],[12.423,43.594],[12.4247,43.5919],[12.4288,43.5914],[12.432,43.5915],[12.4334,43.5927],[12.4347,43.599],[12.4333,43.601],[12.4318,43.6022],[12.4306,43.6064],[12.4253,43.6091],[12.4211,43.6093],[12.4172,43.6086],[12.4143,43.6062],[12.4118,43.6035],[12.4078,43.6021]]]},"properties":{"name":"Marche"}},{"type":"Feature","geometry":{"type":"MultiPolygon","coordinates":[[[[11.8109,42.8069],[11.8127,42.8098],[11.8149,42.8154],[11.8141,42.818],[11.8132,42.8199],[11.8137,42.8227],[11.8154,42.8238],[11.8229,42.8263],[11.8256,42.8263],[11.8277,42.8259],[11.8307,42.8265],[11.8438,42.8334],[11.8506,42.8387],[11.8568,42.837],[11.8631,42.8357],[11.8668,42.8353],[11.8729,42.8357],[11.8824,42.8357],[11.8851,42.8356],[11.8874,42.8349],[11.8896,42.8342],[11.8932,42.834],[11.9018,42.8316],[11.9049,42.8279],[11.9064,42.8232],[11.9079,42.8168],[11.9101,42.8136],[11.913,42.8105],[11.9158,42.8083],[11.9192,42.8011],[11.9195,42.7981],[11.9204,42.7945],[11.9247,42.7846],[11.9274,42.7809],[11.9298,42.7791],[11.9422,42.776],[11.9506,42.7749],[11.9584,42.7731],[11.9602,42.772],[11.9625,42.7689],[11.9654,42.7671],[11.977,42.7649],[11.9795,42.7646],[11.9806,42.759],[11.9819,42.7552],[11.9815,42.7528],[11.9793,42.7518],[11.9767,42.7508],[11.9745,42.7499],[11.9725,42.7439],[11.9699,42.7387],[11.9687,42.7346],[11.9594,42.7295],[11.9491,42.7274],[11.9474,42.7262],[11.9456,42.7246],[11.9438,42.7198],[11.9394,42.718],[11.9335,42.7157],[11.9312,42.7144],[11.9301,42.7129],[11.9266,42.7052],[11.9325,42.7004],[11.9359,42.6994],[11.9385,42.6992],[11.943,42.698],[11.9488,42.696],[11.9478,42.6935],[11.9456,42.6915],[11.9415,42.6852],[11.9439,42.6826],[11.9511,42.6808],[11.9599,42.6792],[11.9726,42.6768],[11.978,42.6755],[11.9887,42.6707],[11.9956,42.6676],[12.0024,42.6644],[12.0071,42.6625],[12.0138,42.6584],[12.0247,42.6515],[12.0292,42.6504],[12.03,42.6432],[12.0323,42.6441],[12.035,42.6459],[12.0368,42.6475],[12.0385,42.6485],[12.041,42.6491],[12.0481,42.6494],[12.0653,42.6522],[12.0697,42.6541],[12.0737,42.6567],[12.0788,42.6556],[12.0923,42.6555],[12.0966,42.6573],[12.0979,42.6592],[12.1015,42.6621],[12.1067,42.6646],[12.1081,42.6608],[12.11,42.6587],[12.113,42.6581],[12.1141,42.6554],[12.115,42.6536],[12.1172,42.651],[12.1195,42.6498],[12.1241,42.6493],[12.1257,42.6504],[12.1262,42.6548],[12.129,42.6587],[12.1304,42.6604],[12.1323,42.6617],[12.1385,42.6578],[12.1408,42.6563],[12.147,42.6593],[12.1487,42.661],[12.1495,42.6634],[12.1545,42.6713],[12.161,42.6769],[12.165,42.6768],[12.1733,42.6738],[12.1762,42.6727],[12.1808,42.6698],[12.1847,42.6672],[12.1883,42.6635],[12.1925,42.6629],[12.1973,42.6638],[12.2043,42.6605],[12.2089,42.6562],[12.2221,42.6466],[12.2269,42.6435],[12.228,42.6381],[12.2268,42.6365],[12.2303,42.6344],[12.2388,42.6316],[12.2429,42.6291],[12.2396,42.6231],[12.2373,42.6223],[12.2305,42.6138],[12.2291,42.6111],[12.2313,42.6091],[12.2333,42.6082],[12.2368,42.6073],[12.2391,42.607],[12.2459,42.5999],[12.2476,42.5967],[12.2435,42.5979],[12.2408,42.5973],[12.2399,42.595],[12.2424,42.5928],[12.2407,42.5891],[12.2359,42.5833],[12.2379,42.5794],[12.2387,42.573],[12.2396,42.571],[12.2422,42.5695],[12.2618,42.56],[12.2664,42.5594],[12.2699,42.5601],[12.2726,42.5604],[12.275,42.5599],[12.2759,42.5582],[12.2781,42.5532],[12.2788,42.5509],[12.2779,42.5463],[12.2786,42.5416],[12.2732,42.5401],[12.2737,42.5366],[12.2666,42.5365],[12.2668,42.5335],[12.269,42.5295],[12.2705,42.5273],[12.2745,42.5239],[12.2766,42.5234],[12.287,42.5221],[12.2903,42.519],[12.2872,42.5182],[12.2835,42.5175],[12.2755,42.516],[12.2744,42.5122],[12.2746,42.5098],[12.278,42.5069],[12.2829,42.5076],[12.2848,42.5085],[12.2882,42.5102],[12.2909,42.5102],[12.298,42.5045],[12.3005,42.5036],[12.3034,42.4995],[12.3054,42.4987],[12.3074,42.4973],[12.303,42.4913],[12.2988,42.4948],[12.2922,42.4948],[12.2895,42.4947],[12.2902,42.492],[12.2915,42.4907],[12.2931,42.4897],[12.2959,42.4884],[12.2996,42.4875],[12.3053,42.4879],[12.3128,42.4879],[12.3158,42.4882],[12.3205,42.4913],[12.3224,42.4931],[12.3239,42.4948],[12.3295,42.493],[12.3352,42.4901],[12.3382,42.4882],[12.3448,42.4849],[12.3458,42.4833],[12.3463,42.4807],[12.3472,42.4786],[12.349,42.4761],[12.3512,42.4737],[12.3607,42.4761],[12.3742,42.4811],[12.3749,42.4829],[12.375,42.4855],[12.3776,42.4871],[12.3841,42.4891],[12.3863,42.495],[12.3902,42.4982],[12.3944,42.4993],[12.4035,42.5],[12.4049,42.4978],[12.4103,42.4982],[12.4214,42.4925],[12.4278,42.4869],[12.4263,42.4854],[12.4245,42.4839],[12.4217,42.4825],[12.4195,42.4819],[12.4129,42.4788],[12.4124,42.4685],[12.4136,42.467],[12.4167,42.4668],[12.4225,42.4663],[12.4275,42.4654],[12.4302,42.4586],[12.4283,42.457],[12.4257,42.4568],[12.4229,42.4572],[12.4198,42.458],[12.4174,42.4582],[12.4154,42.4568],[12.4137,42.4552],[12.4129,42.4534],[12.4114,42.446],[12.4119,42.4439],[12.4135,42.4424],[12.4165,42.4416],[12.4184,42.4398],[12.4193,42.4379],[12.4194,42.4355],[12.4177,42.4316],[12.4159,42.4298],[12.4137,42.4282],[12.4137,42.4256],[12.417,42.4224],[12.419,42.4218],[12.4223,42.4216],[12.4312,42.4239],[12.4343,42.425],[12.4382,42.4263],[12.4414,42.4263],[12.4446,42.4257],[12.4489,42.4237],[12.4543,42.4269],[12.456,42.428],[12.4592,42.429],[12.4616,42.4294],[12.4643,42.4284],[12.4672,42.4238],[12.4673,42.4204],[12.461,42.4131],[12.4585,42.4046],[12.4562,42.4024],[12.4537,42.4015],[12.4447,42.3988],[12.4475,42.3975],[12.4514,42.3962],[12.4565,42.397],[12.4596,42.3978],[12.4645,42.3961],[12.4663,42.3949],[12.469,42.3986],[12.4704,42.3999],[12.4736,42.402],[12.4756,42.4028],[12.4784,42.4036],[12.4814,42.4042],[12.4865,42.3994],[12.489,42.398],[12.4916,42.3974],[12.4947,42.3982],[12.4977,42.4001],[12.5019,42.4023],[12.5054,42.403],[12.5111,42.4036],[12.5166,42.3992],[12.518,42.3977],[12.5169,42.3953],[12.5145,42.395],[12.5132,42.3937],[12.5131,42.3845],[12.5133,42.3786],[12.5176,42.3693],[12.5189,42.3675],[12.522,42.3662],[12.5244,42.3654],[12.5261,42.3642],[12.5312,42.3651],[12.5321,42.368],[12.5338,42.3703],[12.538,42.3744],[12.5409,42.3766],[12.5462,42.3807],[12.5489,42.3823],[12.5513,42.3822],[12.5597,42.3818],[12.5693,42.3828],[12.5758,42.3868],[12.5771,42.3888],[12.5978,42.4008],[12.5997,42.4016],[12.6061,42.4035],[12.6053,42.4071],[12.6106,42.4115],[12.6133,42.4132],[12.6149,42.4145],[12.615,42.4174],[12.6146,42.4217],[12.6142,42.4244],[12.6132,42.4263],[12.611,42.428],[12.6114,42.4314],[12.612,42.4362],[12.6163,42.4458],[12.6191,42.4506],[12.6192,42.4574],[12.619,42.4611],[12.6163,42.4625],[12.6144,42.4639],[12.621,42.4685],[12.625,42.4691],[12.6312,42.4691],[12.6358,42.469],[12.639,42.4684],[12.6411,42.4678],[12.6427,42.4645],[12.6407,42.461],[12.6394,42.4594],[12.6405,42.4565],[12.6418,42.454],[12.6442,42.4527],[12.6465,42.4511],[12.6503,42.4473],[12.6495,42.4435],[12.6558,42.4418],[12.6606,42.4414],[12.6639,42.4411],[12.6686,42.4414],[12.6737,42.4421],[12.6906,42.4494],[12.6941,42.4515],[12.6992,42.4558],[12.7028,42.4609],[12.7106,42.4635],[12.7143,42.4603],[12.7247,42.4604],[12.7265,42.463],[12.7333,42.4679],[12.7371,42.4685],[12.7393,42.4692],[12.7416,42.4705],[12.7391,42.4731],[12.7334,42.4777],[12.7314,42.4788],[12.7274,42.4809],[12.7247,42.4824],[12.7204,42.4855],[12.7168,42.49],[12.7155,42.4921],[12.7148,42.4941],[12.7111,42.5008],[12.7208,42.5042],[12.7315,42.5089],[12.7351,42.5088],[12.7387,42.5088],[12.7454,42.5091],[12.7514,42.5114],[12.7578,42.5124],[12.7652,42.5118],[12.7706,42.5123],[12.7732,42.513],[12.7741,42.5162],[12.7736,42.5198],[12.7724,42.5212],[12.773,42.5309],[12.7764,42.5317],[12.7794,42.532],[12.7837,42.5327],[12.7865,42.533],[12.7957,42.5339],[12.7981,42.5342],[12.8003,42.5346],[12.8034,42.5354],[12.8059,42.5358],[12.8086,42.5359],[12.818,42.5329],[12.823,42.5375],[12.8344,42.5432],[12.8378,42.545],[12.843,42.548],[12.8455,42.5511],[12.8478,42.5528],[12.8636,42.5583],[12.8717,42.5611],[12.8818,42.5627],[12.8887,42.5638],[12.8918,42.5637],[12.8933,42.5659],[12.8938,42.57],[12.8941,42.5725],[12.8942,42.5776],[12.8934,42.5794],[12.8898,42.5841],[12.8871,42.5875],[12.886,42.5893],[12.8816,42.5983],[12.8801,42.6024],[12.8806,42.6077],[12.8896,42.6135],[12.8963,42.6164],[12.8991,42.6146],[12.9031,42.6122],[12.9057,42.6122],[12.9086,42.6116],[12.9164,42.6095],[12.9183,42.6072],[12.9226,42.604],[12.9301,42.6029],[12.9338,42.6073],[12.9375,42.6154],[12.9488,42.6181],[12.9521,42.6189],[12.961,42.6189],[12.9642,42.6186],[12.9673,42.6181],[12.9727,42.617],[12.9852,42.6157],[12.9987,42.6151],[13.0043,42.6152],[13.0092,42.6165],[13.0112,42.6171],[13.0143,42.62],[13.0142,42.6234],[13.0125,42.625],[13.0143,42.6304],[13.0192,42.6349],[13.0227,42.6382],[13.0256,42.6391],[13.031,42.6374],[13.0324,42.6342],[13.0328,42.6308],[13.0349,42.6284],[13.0511,42.6243],[13.0573,42.623],[13.0605,42.623],[13.0633,42.6233],[13.0713,42.6266],[13.0746,42.6287],[13.076,42.6298],[13.0786,42.6312],[13.0861,42.634],[13.0896,42.6349],[13.0936,42.6355],[13.0966,42.636],[13.0988,42.6367],[13.102,42.638],[13.1051,42.6397],[13.109,42.6419],[13.1176,42.6501],[13.1171,42.6525],[13.1161,42.656],[13.1182,42.6577],[13.1291,42.6596],[13.1309,42.6585],[13.1329,42.6548],[13.1355,42.6548],[13.1388,42.6515],[13.1442,42.6463],[13.1541,42.6507],[13.157,42.6529],[13.1585,42.6543],[13.1603,42.6562],[13.1647,42.659],[13.1703,42.6629],[13.1736,42.6654],[13.1798,42.6776],[13.1795,42.6834],[13.1767,42.6831],[13.175,42.684],[13.1739,42.6854],[13.1737,42.688],[13.1745,42.6898],[13.1754,42.6915],[13.1766,42.6936],[13.1832,42.7022],[13.1864,42.7062],[13.188,42.7074],[13.1896,42.7085],[13.1907,42.7104],[13.1904,42.7139],[13.1888,42.7183],[13.1877,42.7203],[13.187,42.7234],[13.1872,42.7257],[13.1892,42.7336],[13.1968,42.7347],[13.1999,42.7351],[13.2021,42.7341],[13.2071,42.7309],[13.2302,42.727],[13.2381,42.7258],[13.2506,42.7233],[13.2542,42.7215],[13.2566,42.7233],[13.2602,42.7281],[13.2605,42.7323],[13.2634,42.7383],[13.2644,42.74],[13.2797,42.741],[13.2859,42.7405],[13.2875,42.7395],[13.2901,42.7348],[13.2927,42.7317],[13.2946,42.7306],[13.2967,42.7297],[13.2994,42.7296],[13.3021,42.7294],[13.3072,42.7285],[13.3094,42.7279],[13.3133,42.726],[13.3189,42.7227],[13.3239,42.7184],[13.3261,42.7161],[13.3281,42.7122],[13.3365,42.7049],[13.3407,42.702],[13.3472,42.6995],[13.356,42.695],[13.3578,42.6941],[13.3509,42.6824],[13.3486,42.6734],[13.3497,42.6687],[13.3551,42.6657],[13.3572,42.664],[13.3646,42.6554],[13.3693,42.6497],[13.3711,42.6488],[13.3768,42.6499],[13.3795,42.6502],[13.3818,42.6498],[13.3934,42.646],[13.4039,42.6438],[13.4083,42.6429],[13.4096,42.6397],[13.4094,42.6368],[13.4073,42.6306],[13.4064,42.6288],[13.3976,42.6229],[13.3947,42.6217],[13.3966,42.6164],[13.3959,42.613],[13.394,42.6113],[13.3919,42.6102],[13.3904,42.6085],[13.3898,42.6061],[13.389,42.6016],[13.391,42.5933],[13.394,42.5913],[13.3836,42.5857],[13.3848,42.5841],[13.3818,42.581],[13.3608,42.5786],[13.3545,42.5765],[13.3428,42.5749],[13.3395,42.5753],[13.3372,42.577],[13.3353,42.5784],[13.3276,42.5799],[13.3231,42.5798],[13.3217,42.5786],[13.32,42.5771],[13.3152,42.5751],[13.3119,42.574],[13.305,42.5723],[13.2973,42.5711],[13.2954,42.5702],[13.2933,42.5695],[13.2913,42.5705],[13.2875,42.5763],[13.2843,42.5823],[13.2794,42.5833],[13.2615,42.5831],[13.2586,42.5828],[13.2538,42.582],[13.2535,42.5797],[13.248,42.5744],[13.2459,42.5727],[13.2397,42.574],[13.2357,42.5749],[13.2328,42.5766],[13.2306,42.5786],[13.2293,42.5808],[13.2276,42.5826],[13.2189,42.5828],[13.2125,42.5825],[13.2087,42.5844],[13.2043,42.5856],[13.2021,42.586],[13.1993,42.586],[13.1914,42.5875],[13.1923,42.584],[13.1924,42.5802],[13.191,42.577],[13.1893,42.5759],[13.1821,42.5715],[13.1762,42.5685],[13.1743,42.5675],[13.1744,42.5637],[13.175,42.5598],[13.1761,42.5526],[13.167,42.5415],[13.1622,42.5388],[13.1558,42.5401],[13.1573,42.535],[13.1574,42.5277],[13.16,42.5227],[13.1671,42.5162],[13.1742,42.5146],[13.1774,42.513],[13.1778,42.5098],[13.1749,42.4994],[13.1715,42.4861],[13.1717,42.4832],[13.1752,42.4809],[13.1784,42.4793],[13.1756,42.4773],[13.1712,42.4742],[13.1563,42.4639],[13.1541,42.4623],[13.1463,42.462],[13.1363,42.4599],[13.1334,42.4584],[13.1262,42.4524],[13.1162,42.4439],[13.1244,42.4412],[13.1314,42.4365],[13.1411,42.4297],[13.1531,42.4174],[13.1552,42.4142],[13.1588,42.4122],[13.1618,42.4107],[13.1696,42.4071],[13.1763,42.4062],[13.1892,42.4002],[13.1886,42.3982],[13.1932,42.3907],[13.1942,42.3892],[13.1894,42.3811],[13.1872,42.3799],[13.1695,42.3701],[13.1656,42.3671],[13.1591,42.3616],[13.1533,42.357],[13.1572,42.3543],[13.1639,42.3519],[13.1698,42.3496],[13.1716,42.3487],[13.1831,42.3405],[13.184,42.3387],[13.1848,42.3367],[13.1867,42.3352],[13.1902,42.333],[13.1925,42.3319],[13.1949,42.3311],[13.1979,42.3313],[13.2001,42.3316],[13.2021,42.3311],[13.2051,42.3293],[13.2072,42.3276],[13.2105,42.3253],[13.2149,42.3226],[13.219,42.3203],[13.2208,42.3193],[13.2254,42.3192],[13.2274,42.3132],[13.2275,42.3102],[13.2276,42.3028],[13.228,42.2926],[13.2286,42.2884],[13.2294,42.2863],[13.2312,42.2844],[13.2327,42.2822],[13.234,42.2796],[13.2386,42.2728],[13.2426,42.2689],[13.2558,42.2652],[13.2706,42.2547],[13.2724,42.2528],[13.2755,42.2483],[13.2747,42.2453],[13.2756,42.2425],[13.2814,42.2378],[13.2912,42.2328],[13.2972,42.2311],[13.2998,42.2306],[13.3058,42.2306],[13.3109,42.2305],[13.318,42.2299],[13.3214,42.2292],[13.3233,42.2279],[13.3263,42.2252],[13.3331,42.2228],[13.3356,42.2224],[13.341,42.2173],[13.3331,42.211],[13.3319,42.2082],[13.3399,42.1999],[13.3415,42.1984],[13.3522,42.1913],[13.3622,42.1899],[13.3717,42.1885],[13.3738,42.1874],[13.3761,42.1855],[13.3778,42.1845],[13.3797,42.1835],[13.3801,42.1811],[13.3755,42.1804],[13.37,42.1803],[13.3676,42.1801],[13.3653,42.1796],[13.3633,42.1789],[13.3612,42.1782],[13.3591,42.177],[13.356,42.1756],[13.354,42.1749],[13.3505,42.1751],[13.3478,42.1759],[13.3436,42.1768],[13.3546,42.1674],[13.3526,42.1662],[13.3486,42.1653],[13.3448,42.1648],[13.3403,42.1655],[13.337,42.1663],[13.3336,42.1668],[13.3273,42.1639],[13.3232,42.1614],[13.3248,42.1593],[13.3288,42.1549],[13.3271,42.1538],[13.323,42.1523],[13.321,42.1532],[13.3191,42.154],[13.3117,42.1492],[13.3103,42.1477],[13.3077,42.1434],[13.3067,42.1413],[13.3053,42.1383],[13.2849,42.1343],[13.2793,42.1347],[13.2751,42.1377],[13.2695,42.1375],[13.265,42.1368],[13.2565,42.1311],[13.2488,42.1274],[13.2372,42.1291],[13.2364,42.131],[13.2304,42.1375],[13.2233,42.1433],[13.221,42.1439],[13.2164,42.1447],[13.2136,42.145],[13.2057,42.1484],[13.2021,42.151],[13.2006,42.1521],[13.1927,42.1583],[13.1833,42.1589],[13.1781,42.1534],[13.1764,42.1525],[13.1738,42.1517],[13.1697,42.1507],[13.1679,42.1541],[13.1621,42.1562],[13.1583,42.1575],[13.1555,42.1587],[13.1489,42.1621],[13.1368,42.1686],[13.1281,42.1742],[13.1245,42.1765],[13.1223,42.1771],[13.1197,42.1767],[13.1175,42.1758],[13.1148,42.1751],[13.1028,42.1762],[13.0871,42.1779],[13.0867,42.1754],[13.0876,42.1723],[13.0935,42.1665],[13.0938,42.16],[13.0862,42.1443],[13.0848,42.1422],[13.0831,42.1411],[13.0768,42.139],[13.075,42.135],[13.0737,42.1328],[13.0608,42.1235],[13.037,42.119],[13.0308,42.1221],[13.0306,42.1154],[13.0329,42.1142],[13.0328,42.1072],[13.0284,42.1005],[13.0253,42.0955],[13.0241,42.0922],[13.0193,42.0791],[13.0194,42.0763],[13.0222,42.0657],[13.0236,42.064],[13.0271,42.0549],[13.0266,42.05],[13.0317,42.0465],[13.0374,42.0424],[13.0438,42.0374],[13.0465,42.0353],[13.0482,42.0296],[13.0492,42.0235],[13.0581,42.0156],[13.0648,42.0124],[13.0722,42.0106],[13.0788,42.0091],[13.0821,42.0089],[13.0899,42.009],[13.0916,42.008],[13.101,42.008],[13.101,42.011],[13.0997,42.0127],[13.0963,42.0195],[13.0966,42.0219],[13.0973,42.0248],[13.0985,42.0262],[13.1016,42.0267],[13.1039,42.0263],[13.1077,42.0251],[13.1096,42.0244],[13.1114,42.0236],[13.114,42.0226],[13.1233,42.0182],[13.1289,42.0176],[13.1337,42.017],[13.1399,42.0153],[13.1479,42.0117],[13.1587,42.0047],[13.1612,42.0029],[13.1652,42.0001],[13.1679,41.9986],[13.1741,41.9961],[13.1767,41.996],[13.1826,41.9947],[13.1943,41.9891],[13.1991,41.9865],[13.2054,41.9869],[13.2093,41.987],[13.2162,41.9867],[13.2306,41.9821],[13.232,41.9808],[13.2343,41.977],[13.2428,41.9715],[13.2471,41.9704],[13.2605,41.9688],[13.2631,41.9679],[13.266,41.9666],[13.2677,41.9639],[13.2699,41.9615],[13.2721,41.96],[13.2841,41.9517],[13.286,41.9504],[13.2885,41.9496],[13.2942,41.9485],[13.2983,41.9543],[13.3026,41.9544],[13.3103,41.9516],[13.3226,41.9452],[13.3254,41.942],[13.3274,41.9404],[13.3301,41.9379],[13.334,41.9339],[13.335,41.9319],[13.3361,41.9288],[13.3368,41.9266],[13.3455,41.9222],[13.35,41.921],[13.3524,41.9218],[13.3548,41.923],[13.3566,41.9257],[13.3599,41.9255],[13.3644,41.9248],[13.3658,41.9234],[13.3663,41.9206],[13.3691,41.9182],[13.3784,41.9118],[13.3828,41.906],[13.384,41.9042],[13.3836,41.9019],[13.3799,41.8946],[13.3778,41.8912],[13.3737,41.8851],[13.369,41.8818],[13.3675,41.8807],[13.3659,41.8793],[13.3618,41.8733],[13.3598,41.8694],[13.3666,41.8643],[13.3675,41.8619],[13.3659,41.8577],[13.3647,41.8554],[13.367,41.8439],[13.3685,41.8407],[13.3668,41.8331],[13.3719,41.8272],[13.3742,41.8255],[13.3756,41.8237],[13.3761,41.8217],[13.3787,41.8182],[13.3805,41.8171],[13.3835,41.817],[13.3873,41.8173],[13.391,41.8193],[13.3938,41.8268],[13.3959,41.8328],[13.3978,41.8347],[13.4045,41.8371],[13.4075,41.8375],[13.4169,41.8347],[13.4197,41.8335],[13.4224,41.832],[13.4252,41.8303],[13.431,41.8284],[13.4485,41.8234],[13.4516,41.8228],[13.4579,41.8162],[13.4615,41.8137],[13.4626,41.811],[13.4638,41.8095],[13.4697,41.8066],[13.4837,41.8031],[13.4876,41.8033],[13.4934,41.8026],[13.5044,41.8015],[13.5064,41.8006],[13.5087,41.7973],[13.5108,41.792],[13.5112,41.7886],[13.5129,41.7869],[13.5171,41.7831],[13.5195,41.7811],[13.5216,41.7798],[13.5204,41.773],[13.5309,41.7697],[13.54,41.7652],[13.5453,41.7624],[13.5479,41.7612],[13.551,41.7616],[13.5537,41.7625],[13.5616,41.7615],[13.5642,41.7596],[13.5664,41.7573],[13.568,41.7562],[13.5707,41.7547],[13.5738,41.7543],[13.5762,41.755],[13.578,41.7581],[13.5801,41.7605],[13.583,41.7635],[13.5861,41.7664],[13.5893,41.7673],[13.5919,41.7679],[13.5966,41.7684],[13.6006,41.769],[13.6052,41.7712],[13.6092,41.7738],[13.6134,41.778],[13.6207,41.7791],[13.6235,41.7795],[13.6268,41.7805],[13.6288,41.7813],[13.6313,41.7826],[13.6329,41.7839],[13.6359,41.7863],[13.6421,41.7914],[13.6407,41.8001],[13.6394,41.8014],[13.6373,41.8025],[13.6385,41.8043],[13.6449,41.809],[13.6477,41.811],[13.6525,41.8112],[13.6609,41.8113],[13.6635,41.8107],[13.6651,41.8095],[13.6717,41.8075],[13.6766,41.8057],[13.68,41.8044],[13.6839,41.8007],[13.6848,41.7989],[13.6906,41.7932],[13.6927,41.7915],[13.7011,41.7886],[13.7056,41.7875],[13.7108,41.7918],[13.7129,41.7943],[13.7165,41.7974],[13.7193,41.798],[13.7214,41.7974],[13.7246,41.7969],[13.7296,41.7989],[13.729,41.797],[13.7292,41.7917],[13.7298,41.7897],[13.7307,41.7878],[13.7328,41.7858],[13.7355,41.7848],[13.7398,41.7824],[13.7417,41.7812],[13.7436,41.7796],[13.7486,41.7736],[13.7495,41.7713],[13.7493,41.7626],[13.7502,41.7601],[13.7568,41.7575],[13.7617,41.7513],[13.7659,41.7487],[13.7716,41.7491],[13.7751,41.7487],[13.7794,41.7469],[13.7862,41.7441],[13.788,41.7434],[13.7949,41.7464],[13.799,41.7489],[13.8101,41.7539],[13.8125,41.7541],[13.815,41.7528],[13.8162,41.7514],[13.8184,41.7484],[13.8214,41.7433],[13.8231,41.7413],[13.8271,41.7394],[13.8395,41.7377],[13.8517,41.7347],[13.8564,41.7312],[13.859,41.7308],[13.8806,41.7283],[13.8882,41.7321],[13.8917,41.7352],[13.8976,41.7321],[13.8993,41.7278],[13.9045,41.7182],[13.909,41.7189],[13.9124,41.7191],[13.9167,41.7189],[13.9193,41.7179],[13.9218,41.7131],[13.9228,41.7107],[13.9233,41.7083],[13.9245,41.7055],[13.9272,41.7035],[13.9286,41.7],[13.9315,41.6944],[13.9374,41.6897],[13.939,41.6888],[13.941,41.688],[13.9422,41.6863],[13.9444,41.684],[13.9493,41.6811],[13.9511,41.6801],[13.9536,41.6799],[13.9578,41.6791],[13.9674,41.674],[13.9732,41.6679],[13.9757,41.6648],[13.979,41.6623],[13.9883,41.6538],[13.9875,41.6507],[13.9874,41.6483],[13.9888,41.6445],[13.9939,41.639],[13.9967,41.6241],[14.0035,41.617],[14.011,41.6075],[14.0102,41.5926],[14.0029,41.584],[13.9984,41.58],[13.9988,41.5749],[14.0006,41.5734],[14.0024,41.5727],[14.0041,41.5718],[14.0017,41.5697],[14.003,41.5677],[14.0045,41.5664],[14.0075,41.5661],[14.0101,41.5658],[14.0167,41.564],[14.0237,41.561],[14.0251,41.5581],[14.0259,41.556],[14.0228,41.5469],[14.0207,41.5424],[14.0059,41.5394],[14.0072,41.5358],[14.0085,41.5346],[14.0137,41.5314],[14.0179,41.5291],[14.0222,41.527],[14.0245,41.5265],[14.0275,41.5243],[14.0265,41.5227],[14.0217,41.5216],[14.0193,41.5219],[14.0153,41.517],[14.0137,41.5157],[14.0116,41.515],[14.0048,41.5142],[14.0007,41.514],[13.998,41.5139],[13.9958,41.5134],[13.994,41.5123],[13.9925,41.5099],[13.9913,41.5077],[13.9901,41.5063],[13.9824,41.5025],[13.9787,41.501],[13.9756,41.497],[13.9732,41.4943],[13.9737,41.4923],[13.9773,41.4922],[13.9792,41.4911],[13.9905,41.484],[13.9928,41.4821],[13.9888,41.4791],[13.9843,41.4736],[13.9816,41.47],[13.9779,41.4625],[13.9671,41.4638],[13.9642,41.4641],[13.9612,41.4639],[13.9527,41.4553],[13.9452,41.4509],[13.9338,41.4427],[13.9312,41.4402],[13.9247,41.4371],[13.9136,41.4332],[13.9112,41.4303],[13.9083,41.4286],[13.9048,41.4264],[13.9007,41.4258],[13.8917,41.4246],[13.8892,41.4257],[13.8873,41.4267],[13.8853,41.4273],[13.8751,41.4264],[13.8618,41.4181],[13.863,41.4099],[13.8693,41.405],[13.8713,41.4038],[13.8764,41.3968],[13.8758,41.3948],[13.8802,41.3897],[13.8842,41.3869],[13.8858,41.3855],[13.8841,41.3832],[13.8777,41.3801],[13.8763,41.3786],[13.8745,41.3762],[13.8708,41.3571],[13.8733,41.3485],[13.8756,41.3457],[13.8772,41.3445],[13.8779,41.3413],[13.8774,41.3391],[13.8737,41.3383],[13.8737,41.3356],[13.8785,41.3288],[13.8807,41.3267],[13.8827,41.3251],[13.8851,41.3235],[13.8868,41.3213],[13.8878,41.3196],[13.892,41.3157],[13.8948,41.3116],[13.8897,41.2975],[13.8867,41.2936],[13.884,41.2917],[13.8791,41.2908],[13.8757,41.2911],[13.8665,41.2922],[13.8562,41.2908],[13.8511,41.2896],[13.8325,41.282],[13.8284,41.281],[13.8272,41.2786],[13.834,41.2669],[13.8398,41.2634],[13.8383,41.2593],[13.8335,41.2522],[13.8312,41.2505],[13.8168,41.2437],[13.8081,41.2449],[13.8017,41.246],[13.7914,41.2449],[13.7896,41.2439],[13.7805,41.2425],[13.7737,41.2427],[13.7716,41.2418],[13.7704,41.2376],[13.7694,41.2341],[13.7658,41.2279],[13.7648,41.2262],[13.7636,41.2246],[13.7621,41.2226],[13.7524,41.2292],[13.7506,41.2304],[13.7471,41.2328],[13.7429,41.2356],[13.7394,41.2376],[13.7309,41.2426],[13.7231,41.2469],[13.7189,41.249],[13.7157,41.2505],[13.7137,41.2513],[13.7113,41.2523],[13.7069,41.2539],[13.7043,41.2539],[13.7018,41.2534],[13.6934,41.2496],[13.689,41.2465],[13.6834,41.2443],[13.681,41.2442],[13.6699,41.2477],[13.6673,41.2494],[13.6656,41.2524],[13.6534,41.2572],[13.6491,41.2583],[13.646,41.2589],[13.6414,41.2598],[13.6385,41.2603],[13.6322,41.2608],[13.6297,41.261],[13.6227,41.2608],[13.6169,41.2594],[13.6131,41.2579],[13.6079,41.2552],[13.589,41.2489],[13.587,41.2482],[13.5847,41.2472],[13.5827,41.2462],[13.5802,41.2449],[13.578,41.2436],[13.5766,41.2425],[13.574,41.2404],[13.5723,41.2376],[13.5684,41.2309],[13.5685,41.2271],[13.5715,41.2164],[13.5739,41.2144],[13.5841,41.2103],[13.5876,41.2095],[13.5888,41.2108],[13.5906,41.21],[13.5898,41.2074],[13.5868,41.2066],[13.5756,41.2039],[13.57,41.2041],[13.5703,41.2067],[13.5689,41.2084],[13.5657,41.2093],[13.5634,41.21],[13.5602,41.2109],[13.5578,41.2113],[13.555,41.211],[13.5534,41.2089],[13.55,41.2066],[13.5476,41.2075],[13.5366,41.2137],[13.5343,41.2171],[13.5299,41.2198],[13.528,41.2208],[13.524,41.2228],[13.5222,41.2236],[13.5192,41.2248],[13.515,41.2252],[13.5126,41.225],[13.5012,41.2277],[13.4977,41.2302],[13.4954,41.2317],[13.4849,41.2381],[13.4752,41.2398],[13.4737,41.2385],[13.4702,41.2375],[13.4633,41.2406],[13.4603,41.2442],[13.4569,41.2465],[13.4465,41.2522],[13.4444,41.2532],[13.4094,41.2687],[13.3993,41.2724],[13.3961,41.2736],[13.3931,41.2749],[13.3839,41.2782],[13.3816,41.279],[13.3793,41.2797],[13.3745,41.2813],[13.37,41.2827],[13.3653,41.284],[13.3625,41.2848],[13.3601,41.2855],[13.3573,41.2863],[13.3534,41.2873],[13.3502,41.2881],[13.346,41.2891],[13.3421,41.2899],[13.3319,41.292],[13.3291,41.2926],[13.323,41.2937],[13.3136,41.2952],[13.3104,41.2956],[13.301,41.2967],[13.2987,41.297],[13.296,41.2972],[13.2936,41.2974],[13.2894,41.2976],[13.2839,41.2976],[13.2813,41.2973],[13.2788,41.2974],[13.2747,41.2969],[13.2705,41.2962],[13.2664,41.2949],[13.2652,41.2929],[13.2644,41.2898],[13.2627,41.2884],[13.2571,41.285],[13.2513,41.2832],[13.2487,41.2836],[13.2437,41.284],[13.2404,41.2842],[13.2367,41.2843],[13.2306,41.2845],[13.2252,41.2844],[13.2211,41.2843],[13.2176,41.2842],[13.21,41.2836],[13.2075,41.2833],[13.1871,41.2793],[13.1822,41.2782],[13.1792,41.2774],[13.1753,41.2763],[13.1638,41.2725],[13.1605,41.2712],[13.1543,41.2686],[13.1499,41.2666],[13.143,41.2633],[13.1364,41.2594],[13.1342,41.2578],[13.1322,41.2568],[13.1178,41.2491],[13.1054,41.2412],[13.0961,41.2302],[13.0949,41.2272],[13.0941,41.2253],[13.0683,41.2217],[13.0658,41.2222],[13.0551,41.2245],[13.0488,41.226],[13.0455,41.2268],[13.0435,41.228],[13.0401,41.231],[13.0336,41.241],[13.0331,41.2442],[13.0343,41.2473],[13.036,41.2483],[13.0355,41.2506],[13.031,41.2606],[13.0295,41.2638],[13.0281,41.2668],[13.0257,41.2713],[13.0228,41.2766],[13.0175,41.2858],[13.0122,41.2942],[13.0107,41.2966],[13.0046,41.3054],[12.9939,41.3201],[12.99,41.3248],[12.9884,41.3266],[12.9802,41.3357],[12.978,41.338],[12.9717,41.3442],[12.9629,41.3524],[12.9612,41.3538],[12.9582,41.3562],[12.9501,41.3623],[12.9367,41.3713],[12.9302,41.3754],[12.9251,41.3785],[12.9201,41.3816],[12.9179,41.3827],[12.9156,41.3836],[12.9087,41.3878],[12.9033,41.3908],[12.8854,41.3995],[12.8817,41.4013],[12.8767,41.4036],[12.8622,41.409],[12.8589,41.4101],[12.8545,41.4115],[12.8514,41.4123],[12.8481,41.413],[12.8451,41.4136],[12.8408,41.4143],[12.8332,41.4153],[12.8292,41.4156],[12.8268,41.4157],[12.8196,41.4152],[12.817,41.4149],[12.8148,41.4145],[12.8113,41.4141],[12.8079,41.4139],[12.8016,41.4154],[12.7982,41.4163],[12.7944,41.4173],[12.7917,41.4177],[12.7891,41.4179],[12.783,41.4179],[12.7794,41.4176],[12.7768,41.4172],[12.7742,41.4166],[12.7722,41.4161],[12.7694,41.4143],[12.7677,41.4131],[12.7655,41.4101],[12.7613,41.4121],[12.749,41.4187],[12.7443,41.4217],[12.7415,41.4234],[12.7387,41.4256],[12.7367,41.4271],[12.732,41.4303],[12.7276,41.4331],[12.7159,41.4396],[12.7132,41.441],[12.7052,41.4451],[12.7016,41.4468],[12.6971,41.4488],[12.695,41.4497],[12.6887,41.4518],[12.685,41.4528],[12.674,41.4554],[12.6712,41.456],[12.6691,41.4565],[12.664,41.4565],[12.6614,41.4563],[12.655,41.4557],[12.6524,41.4553],[12.6501,41.455],[12.6478,41.4546],[12.6423,41.4533],[12.6402,41.4527],[12.6384,41.452],[12.6367,41.4511],[12.6328,41.4488],[12.63,41.447],[12.6312,41.4442],[12.6224,41.4447],[12.6187,41.4474],[12.6184,41.4516],[12.6161,41.4554],[12.6087,41.4659],[12.6066,41.469],[12.5993,41.478],[12.583,41.4982],[12.5753,41.5082],[12.5733,41.5106],[12.5706,41.5137],[12.5654,41.5198],[12.5581,41.5279],[12.5528,41.534],[12.5433,41.5437],[12.5415,41.5455],[12.5393,41.5478],[12.5335,41.5534],[12.529,41.5577],[12.5177,41.5678],[12.5059,41.5787],[12.5004,41.5839],[12.4973,41.5869],[12.4929,41.5912],[12.4876,41.5958],[12.4864,41.5977],[12.4847,41.5993],[12.4712,41.6117],[12.4675,41.615],[12.4371,41.6408],[12.4295,41.6462],[12.4204,41.6525],[12.4169,41.6549],[12.4079,41.6611],[12.3995,41.6673],[12.3972,41.6691],[12.3947,41.671],[12.3892,41.675],[12.3738,41.6845],[12.3635,41.6905],[12.358,41.6936],[12.356,41.6948],[12.3522,41.6968],[12.3338,41.7054],[12.3186,41.7123],[12.3105,41.7159],[12.3071,41.7173],[12.284,41.7263],[12.2616,41.7342],[12.2565,41.7359],[12.2537,41.7368],[12.249,41.7375],[12.2436,41.7379],[12.2419,41.7397],[12.2398,41.7391],[12.2379,41.7384],[12.2357,41.7388],[12.2342,41.7406],[12.2414,41.7431],[12.2442,41.7438],[12.2466,41.7441],[12.2494,41.7445],[12.2519,41.7448],[12.2549,41.7455],[12.2517,41.7453],[12.2469,41.7448],[12.2442,41.7445],[12.2419,41.7441],[12.2363,41.7421],[12.2252,41.7448],[12.2276,41.7458],[12.2293,41.7478],[12.23,41.7514],[12.2287,41.7546],[12.2265,41.7588],[12.2229,41.7651],[12.2198,41.7705],[12.2219,41.7722],[12.2242,41.7814],[12.2226,41.7869],[12.2144,41.806],[12.2092,41.8177],[12.2071,41.822],[12.2035,41.8297],[12.2013,41.8342],[12.1998,41.8372],[12.198,41.8405],[12.1924,41.8506],[12.1899,41.8548],[12.1861,41.8608],[12.1844,41.8635],[12.1804,41.8694],[12.1777,41.8735],[12.1737,41.8789],[12.1721,41.8811],[12.167,41.8877],[12.1635,41.8921],[12.1623,41.8935],[12.1587,41.8975],[12.1508,41.9063],[12.149,41.9083],[12.1467,41.9107],[12.141,41.9161],[12.1308,41.9227],[12.1278,41.9246],[12.1246,41.9264],[12.1218,41.9278],[12.1187,41.9294],[12.1168,41.9301],[12.1088,41.9327],[12.1065,41.933],[12.1027,41.9327],[12.0971,41.9341],[12.092,41.9358],[12.0883,41.9388],[12.087,41.9401],[12.0854,41.9413],[12.0819,41.9437],[12.0789,41.9457],[12.0758,41.9474],[12.0723,41.9491],[12.0641,41.9522],[12.0612,41.9532],[12.055,41.9551],[12.0505,41.9562],[12.0474,41.9593],[12.0459,41.9609],[12.0442,41.9622],[12.0401,41.9666],[12.0376,41.9703],[12.0366,41.9719],[12.0347,41.9743],[12.0314,41.9776],[12.0274,41.9813],[12.0256,41.9827],[12.024,41.9838],[12.0148,41.9886],[12.0074,41.9919],[11.996,41.9941],[11.98,41.9964],[11.9768,41.998],[11.9745,41.9999],[11.9732,42.0011],[11.9713,42.005],[11.9693,42.008],[11.968,42.0099],[11.9659,42.0122],[11.9639,42.0143],[11.961,42.0158],[11.9519,42.0197],[11.944,42.0235],[11.9335,42.0299],[11.9199,42.0373],[11.9157,42.0394],[11.9073,42.0411],[11.8943,42.0401],[11.8794,42.0381],[11.8715,42.0363],[11.8512,42.0315],[11.845,42.0302],[11.8388,42.0293],[11.8352,42.0295],[11.833,42.0309],[11.8321,42.0326],[11.8329,42.0346],[11.8327,42.0371],[11.8275,42.0418],[11.8201,42.0495],[11.8202,42.0521],[11.8195,42.0554],[11.8183,42.0571],[11.8127,42.0598],[11.8104,42.0618],[11.8093,42.0638],[11.8095,42.0664],[11.8098,42.0639],[11.8109,42.0619],[11.8124,42.0605],[11.8073,42.0795],[11.8001,42.086],[11.7943,42.0888],[11.7897,42.0889],[11.7873,42.0887],[11.7802,42.0931],[11.7775,42.0951],[11.7738,42.0984],[11.7723,42.0999],[11.7754,42.0976],[11.7777,42.0952],[11.7872,42.0894],[11.7905,42.0915],[11.7892,42.0946],[11.7782,42.1031],[11.7751,42.1015],[11.7698,42.1072],[11.7729,42.1089],[11.7682,42.1199],[11.762,42.1231],[11.7596,42.1242],[11.755,42.1272],[11.7464,42.1379],[11.7433,42.1429],[11.744,42.1473],[11.7429,42.1496],[11.7409,42.1516],[11.7371,42.1543],[11.7338,42.1581],[11.7355,42.1627],[11.7372,42.166],[11.7399,42.1684],[11.7396,42.1709],[11.7382,42.1726],[11.731,42.1794],[11.7207,42.1904],[11.713,42.2031],[11.7074,42.2141],[11.7082,42.2159],[11.7074,42.2178],[11.7016,42.2266],[11.7001,42.2287],[11.6976,42.2324],[11.6958,42.2349],[11.693,42.2374],[11.6915,42.2386],[11.6898,42.2398],[11.6876,42.2413],[11.685,42.2427],[11.6834,42.2436],[11.6813,42.2452],[11.67,42.2603],[11.6671,42.2649],[11.6654,42.2676],[11.6637,42.2692],[11.6612,42.2714],[11.6546,42.2774],[11.6531,42.2788],[11.6499,42.2815],[11.6463,42.2846],[11.6396,42.2899],[11.6325,42.2955],[11.6253,42.2996],[11.6217,42.3016],[11.6196,42.3027],[11.6164,42.3043],[11.6101,42.3073],[11.6073,42.3085],[11.5981,42.3132],[11.5909,42.3176],[11.5865,42.3205],[11.5836,42.3225],[11.5784,42.326],[11.5668,42.3329],[11.5626,42.3352],[11.5593,42.3369],[11.5564,42.3384],[11.5503,42.3413],[11.5457,42.3432],[11.5438,42.344],[11.5402,42.3454],[11.5151,42.3555],[11.5124,42.3566],[11.5025,42.3602],[11.4992,42.3614],[11.4865,42.3657],[11.4829,42.3669],[11.4762,42.3692],[11.458,42.3751],[11.4511,42.3772],[11.4521,42.3823],[11.4541,42.3859],[11.4549,42.3878],[11.4531,42.3895],[11.4511,42.3903],[11.4495,42.3922],[11.4503,42.3946],[11.4566,42.4008],[11.4622,42.4047],[11.4736,42.4115],[11.4756,42.4126],[11.4819,42.4198],[11.4815,42.4223],[11.4809,42.428],[11.481,42.4336],[11.4867,42.438],[11.4884,42.4391],[11.4989,42.4392],[11.5035,42.4375],[11.5075,42.4358],[11.512,42.4345],[11.5166,42.4336],[11.5207,42.4339],[11.5226,42.435],[11.5284,42.4371],[11.5435,42.4421],[11.5462,42.4416],[11.5565,42.4389],[11.5798,42.4371],[11.5858,42.4368],[11.6011,42.436],[11.6042,42.4362],[11.6068,42.4366],[11.6113,42.437],[11.6177,42.436],[11.6191,42.4395],[11.6183,42.4434],[11.6163,42.455],[11.6175,42.468],[11.6198,42.4729],[11.6199,42.4758],[11.6176,42.4815],[11.6164,42.4834],[11.6159,42.4856],[11.6168,42.4875],[11.61,42.4923],[11.6066,42.4934],[11.5974,42.4953],[11.5952,42.4956],[11.5868,42.5028],[11.5862,42.5054],[11.5838,42.5071],[11.5805,42.5088],[11.5785,42.5096],[11.5741,42.511],[11.5718,42.5107],[11.5695,42.5098],[11.5625,42.5149],[11.5612,42.5173],[11.5635,42.5247],[11.5653,42.528],[11.5685,42.5335],[11.5776,42.5394],[11.5844,42.5428],[11.5825,42.5462],[11.5804,42.5596],[11.5786,42.5662],[11.5807,42.5679],[11.5886,42.5711],[11.6009,42.5698],[11.6052,42.5679],[11.6078,42.5666],[11.6087,42.5645],[11.6162,42.5599],[11.62,42.5643],[11.6241,42.5684],[11.6258,42.5693],[11.628,42.5697],[11.6308,42.5692],[11.6324,42.5683],[11.6333,42.5666],[11.6361,42.5649],[11.643,42.5662],[11.654,42.5723],[11.6555,42.574],[11.6572,42.5772],[11.666,42.5762],[11.669,42.5769],[11.6748,42.5784],[11.6767,42.5791],[11.68,42.5806],[11.6859,42.5848],[11.6846,42.5879],[11.6832,42.5903],[11.6815,42.592],[11.6798,42.5939],[11.6837,42.5969],[11.6857,42.5978],[11.6923,42.5998],[11.695,42.6003],[11.6976,42.6002],[11.6998,42.6008],[11.703,42.6034],[11.7058,42.6059],[11.7106,42.6106],[11.7222,42.6111],[11.7271,42.6065],[11.7293,42.606],[11.7331,42.6061],[11.736,42.6067],[11.736,42.6098],[11.7385,42.6133],[11.7437,42.6174],[11.7489,42.6214],[11.7504,42.623],[11.7518,42.6256],[11.7511,42.6318],[11.7506,42.6347],[11.7498,42.6375],[11.7514,42.6389],[11.7543,42.639],[11.7574,42.6388],[11.7665,42.6375],[11.777,42.6351],[11.7809,42.6347],[11.7841,42.6377],[11.7866,42.6393],[11.7895,42.6398],[11.7918,42.6402],[11.7938,42.6412],[11.7953,42.6424],[11.8044,42.6442],[11.8079,42.65],[11.8093,42.653],[11.8095,42.6554],[11.809,42.6583],[11.8063,42.6627],[11.801,42.6683],[11.7902,42.6703],[11.7859,42.6706],[11.7839,42.6811],[11.7851,42.6866],[11.7863,42.6882],[11.784,42.6942],[11.7811,42.7053],[11.7814,42.7075],[11.7842,42.7071],[11.7958,42.7065],[11.7986,42.7067],[11.8016,42.7072],[11.8008,42.709],[11.802,42.7116],[11.8048,42.7166],[11.808,42.7267],[11.8085,42.7301],[11.8094,42.7339],[11.8159,42.7413],[11.8187,42.7458],[11.8162,42.7455],[11.8137,42.7458],[11.8134,42.7482],[11.8125,42.75],[11.8099,42.752],[11.8067,42.7537],[11.7983,42.7555],[11.7939,42.7558],[11.7905,42.7556],[11.7794,42.758],[11.7739,42.7688],[11.7642,42.7771],[11.762,42.7796],[11.7608,42.7813],[11.7587,42.7822],[11.7545,42.7818],[11.7516,42.7827],[11.746,42.7858],[11.7487,42.7882],[11.7497,42.7899],[11.7514,42.7962],[11.752,42.7983],[11.7529,42.8014],[11.7585,42.8083],[11.7611,42.81],[11.7631,42.8109],[11.7686,42.8154],[11.7685,42.82],[11.7759,42.8207],[11.78,42.818],[11.7826,42.8177],[11.7859,42.8165],[11.7933,42.8112],[11.803,42.801],[11.8026,42.7984],[11.8048,42.7957],[11.8069,42.7949],[11.8097,42.797],[11.8114,42.7991],[11.8116,42.8017],[11.8115,42.8052],[11.8109,42.8069]],[[12.6557,41.734],[12.6604,41.7353],[12.654,41.7412],[12.6512,41.7442],[12.6501,41.7464],[12.6493,41.7489],[12.6484,41.7468],[12.6519,41.7399],[12.6549,41.7347],[12.6557,41.734]],[[12.4577,41.9059],[12.4555,41.9076],[12.4504,41.9065],[12.4489,41.9051],[12.4468,41.9022],[12.4488,41.901],[12.4544,41.9003],[12.4579,41.9013],[12.4577,41.9058],[12.4577,41.9059]]],[[[12.2519,41.7369],[12.2517,41.7364],[12.2516,41.7364],[12.2519,41.7369]]],[[[12.249,41.7375],[12.2487,41.7366],[12.2486,41.7366],[12.249,41.7375]]],[[[12.2436,41.7379],[12.2438,41.7378],[12.2434,41.7379],[12.2436,41.7379]]],[[[13.1043,40.8387],[13.1041,40.8387],[13.104,40.8387],[13.1037,40.8389],[13.1035,40.8391],[13.1035,40.8393],[13.1035,40.8394],[13.1037,40.8393],[13.1038,40.8392],[13.1041,40.8392],[13.1041,40.8391],[13.1042,40.8391],[13.1043,40.8388],[13.1043,40.8387]]],[[[12.9656,40.884],[12.9653,40.8839],[12.9645,40.8844],[12.9647,40.8852],[12.9649,40.8854],[12.965,40.8854],[12.9653,40.8852],[12.9655,40.885],[12.9655,40.8848],[12.9656,40.8846],[12.9659,40.8843],[12.9656,40.884]]],[[[12.8511,40.9204],[12.851,40.9203],[12.8508,40.9205],[12.8505,40.921],[12.8505,40.9211],[12.8505,40.9213],[12.8506,40.9213],[12.8508,40.9213],[12.851,40.9212],[12.8511,40.9212],[12.8512,40.9211],[12.8511,40.9209],[12.8512,40.9207],[12.8512,40.9205],[12.8511,40.9204]]],[[[12.8467,40.9212],[12.8465,40.9212],[12.8463,40.9216],[12.8466,40.922],[12.8475,40.9221],[12.8476,40.9221],[12.8477,40.9219],[12.8477,40.9218],[12.8476,40.9217],[12.847,40.9212],[12.8468,40.9212],[12.8467,40.9212]]],[[[12.8487,40.9199],[12.8477,40.9217],[12.8495,40.9209],[12.8487,40.9199]]],[[[12.848,40.9241],[12.848,40.9239],[12.8482,40.9246],[12.8484,40.9247],[12.8497,40.9245],[12.8496,40.9242],[12.8495,40.9232],[12.8494,40.9231],[12.8478,40.9226],[12.8474,40.9226],[12.8471,40.9227],[12.8467,40.9231],[12.8467,40.9232],[12.8473,40.9249],[12.8473,40.925],[12.8475,40.9251],[12.8476,40.9252],[12.8478,40.9252],[12.848,40.9252],[12.8481,40.9251],[12.8481,40.9249],[12.8481,40.9245],[12.848,40.9241]]],[[[12.9674,40.9213],[12.9651,40.9167],[12.9644,40.9147],[12.965,40.912],[12.9591,40.897],[12.9605,40.8944],[12.9651,40.8943],[12.9673,40.8935],[12.9631,40.8853],[12.9604,40.8822],[12.9583,40.881],[12.9558,40.8802],[12.9534,40.8801],[12.9494,40.8851],[12.9479,40.887],[12.95,40.8877],[12.9545,40.8925],[12.9541,40.8949],[12.9528,40.8962],[12.9503,40.8965],[12.9423,40.9008],[12.9478,40.9114],[12.9491,40.9175],[12.9587,40.9201],[12.9611,40.9197],[12.9665,40.9234],[12.9692,40.9255],[12.9678,40.9274],[12.9706,40.9302],[12.9774,40.9336],[12.9821,40.9358],[12.985,40.9354],[12.9937,40.9347],[12.9952,40.9333],[12.9925,40.93],[12.9905,40.9294],[12.9857,40.9291],[12.9792,40.9272],[12.9771,40.9265],[12.9678,40.9217],[12.9674,40.9213]]],[[[13.0003,40.9327],[12.9973,40.9334],[12.9977,40.9357],[13.0022,40.9374],[13.0037,40.9359],[13.0023,40.9338],[13.0003,40.9327]]],[[[12.8527,40.9424],[12.8522,40.9421],[12.852,40.9422],[12.8519,40.9425],[12.8519,40.9426],[12.8526,40.9435],[12.8526,40.9436],[12.8527,40.9436],[12.8528,40.9436],[12.853,40.9436],[12.8531,40.9435],[12.8532,40.9434],[12.8533,40.9434],[12.8534,40.9433],[12.8534,40.9432],[12.8534,40.9431],[12.8534,40.943],[12.8529,40.9426],[12.8529,40.9426],[12.8527,40.9424]]],[[[12.8505,40.9425],[12.8503,40.9425],[12.8501,40.9425],[12.8499,40.9426],[12.8499,40.9426],[12.8498,40.9426],[12.8498,40.9427],[12.8497,40.9436],[12.8498,40.9437],[12.8501,40.9438],[12.8502,40.9439],[12.8506,40.9439],[12.8507,40.9439],[12.8507,40.9438],[12.8508,40.9437],[12.8508,40.9437],[12.8508,40.9436],[12.8507,40.9428],[12.8507,40.9427],[12.8506,40.9427],[12.8505,40.9425]]],[[[12.8603,40.9297],[12.8519,40.9254],[12.8498,40.9291],[12.852,40.9297],[12.8536,40.931],[12.8546,40.9327],[12.8565,40.941],[12.8557,40.9429],[12.8538,40.9477],[12.8593,40.9488],[12.8602,40.9458],[12.8606,40.9383],[12.8603,40.9297]]],[[[13.0587,40.9652],[13.0523,40.9651],[13.0484,40.967],[13.0476,40.9691],[13.0557,40.9744],[13.0598,40.9742],[13.0616,40.9735],[13.0649,40.9705],[13.0653,40.9679],[13.0629,40.9655],[13.0587,40.9652]]],[[[13.4553,40.7872],[13.4518,40.7875],[13.4504,40.7893],[13.4512,40.7917],[13.4535,40.7925],[13.457,40.7916],[13.4586,40.7904],[13.4578,40.7883],[13.456,40.7874],[13.4553,40.7872]]],[[[13.4275,40.7898],[13.4177,40.7861],[13.4147,40.785],[13.4117,40.7847],[13.4089,40.7848],[13.4101,40.7875],[13.4127,40.7878],[13.4148,40.7883],[13.4166,40.789],[13.4271,40.7976],[13.431,40.8039],[13.4351,40.7971],[13.4313,40.7926],[13.4293,40.7909],[13.4275,40.7898]]]]},"properties":{"name":"Lazio"}},{"type":"Feature","geometry":{"type":"MultiPolygon","coordinates":[[[[13.941,41.688],[13.939,41.6888],[13.9374,41.6897],[13.9325,41.6933],[13.9286,41.7],[13.9277,41.7017],[13.9257,41.7044],[13.9239,41.7064],[13.9232,41.7089],[13.9222,41.7123],[13.9197,41.7172],[13.9184,41.7185],[13.9124,41.7191],[13.909,41.7189],[13.9045,41.7182],[13.8993,41.7278],[13.8976,41.7321],[13.8917,41.7352],[13.8892,41.7327],[13.8818,41.7286],[13.859,41.7308],[13.8564,41.7312],[13.8517,41.7347],[13.8409,41.7378],[13.829,41.7389],[13.8243,41.7405],[13.8214,41.7433],[13.8184,41.7484],[13.8162,41.7514],[13.815,41.7528],[13.8133,41.7539],[13.8109,41.7541],[13.799,41.7489],[13.7949,41.7464],[13.7901,41.743],[13.7862,41.7441],[13.7794,41.7469],[13.7751,41.7487],[13.7716,41.7491],[13.7671,41.7489],[13.7617,41.7513],[13.7568,41.7575],[13.7502,41.7601],[13.7493,41.7626],[13.7487,41.7696],[13.7493,41.7721],[13.7436,41.7796],[13.7417,41.7812],[13.7398,41.7824],[13.7355,41.7848],[13.7328,41.7858],[13.7312,41.7871],[13.73,41.7889],[13.7293,41.7909],[13.729,41.797],[13.7296,41.7989],[13.7267,41.797],[13.7226,41.7972],[13.7193,41.798],[13.7171,41.7977],[13.714,41.7953],[13.7114,41.7925],[13.7074,41.7876],[13.7011,41.7886],[13.6938,41.7911],[13.6906,41.7932],[13.6854,41.7982],[13.6843,41.7998],[13.68,41.8044],[13.6766,41.8057],[13.6717,41.8075],[13.6658,41.809],[13.6643,41.81],[13.6629,41.8113],[13.6525,41.8112],[13.6477,41.811],[13.6449,41.809],[13.6385,41.8043],[13.6373,41.8025],[13.6394,41.8014],[13.6407,41.8001],[13.6429,41.7929],[13.6359,41.7863],[13.6329,41.7839],[13.6313,41.7826],[13.6288,41.7813],[13.6268,41.7805],[13.6245,41.7797],[13.6207,41.7791],[13.6134,41.778],[13.6098,41.7743],[13.6067,41.772],[13.6018,41.7694],[13.5966,41.7684],[13.593,41.768],[13.5905,41.7676],[13.5861,41.7664],[13.583,41.7635],[13.5801,41.7605],[13.578,41.7581],[13.5771,41.7561],[13.5751,41.7546],[13.5718,41.7543],[13.568,41.7562],[13.5664,41.7573],[13.5642,41.7596],[13.5625,41.7612],[13.5554,41.7627],[13.5522,41.762],[13.5492,41.7611],[13.5466,41.7616],[13.54,41.7652],[13.5326,41.769],[13.5224,41.7726],[13.5216,41.7798],[13.5195,41.7811],[13.5171,41.7831],[13.5129,41.7869],[13.5112,41.7886],[13.5108,41.792],[13.5087,41.7973],[13.5069,41.8],[13.5057,41.8013],[13.4934,41.8026],[13.4883,41.8032],[13.4857,41.8031],[13.4704,41.8064],[13.4638,41.8095],[13.4626,41.811],[13.4615,41.8137],[13.4579,41.8162],[13.4516,41.8228],[13.4485,41.8234],[13.431,41.8284],[13.4259,41.83],[13.4224,41.832],[13.4208,41.8329],[13.4178,41.8343],[13.4088,41.8371],[13.4066,41.8375],[13.3978,41.8347],[13.3959,41.8328],[13.3938,41.8268],[13.3915,41.8198],[13.3884,41.8178],[13.3835,41.817],[13.3805,41.8171],[13.3787,41.8182],[13.3763,41.821],[13.3756,41.8237],[13.3742,41.8255],[13.3719,41.8272],[13.3668,41.8331],[13.3685,41.8407],[13.367,41.8439],[13.3645,41.8542],[13.3653,41.8564],[13.3671,41.8604],[13.3673,41.863],[13.3606,41.8689],[13.3618,41.8733],[13.3654,41.8785],[13.3668,41.8801],[13.3684,41.8814],[13.3737,41.8851],[13.3778,41.8912],[13.3799,41.8946],[13.3836,41.9019],[13.384,41.9042],[13.3828,41.906],[13.3784,41.9118],[13.3702,41.9174],[13.3668,41.9199],[13.3659,41.9215],[13.3652,41.9241],[13.3599,41.9255],[13.3566,41.9257],[13.3548,41.923],[13.3524,41.9218],[13.35,41.921],[13.3455,41.9222],[13.3375,41.926],[13.3361,41.9288],[13.3354,41.931],[13.334,41.9339],[13.3301,41.9379],[13.3274,41.9404],[13.3254,41.942],[13.3226,41.9452],[13.3103,41.9516],[13.3026,41.9544],[13.2983,41.9543],[13.2963,41.9486],[13.2885,41.9496],[13.286,41.9504],[13.2841,41.9517],[13.2721,41.96],[13.2699,41.9615],[13.2677,41.9639],[13.2668,41.9657],[13.2631,41.9679],[13.2605,41.9688],[13.2471,41.9704],[13.2428,41.9715],[13.2343,41.977],[13.232,41.9808],[13.2306,41.9821],[13.2162,41.9867],[13.2093,41.987],[13.2054,41.9869],[13.1991,41.9865],[13.1943,41.9891],[13.1826,41.9947],[13.1783,41.9957],[13.1753,41.9959],[13.1695,41.9979],[13.1657,41.9998],[13.1612,42.0029],[13.1587,42.0047],[13.1488,42.0113],[13.1399,42.0153],[13.1337,42.017],[13.1289,42.0176],[13.1233,42.0182],[13.114,42.0226],[13.1114,42.0236],[13.1096,42.0244],[13.1077,42.0251],[13.105,42.026],[13.1016,42.0267],[13.0985,42.0262],[13.0973,42.0248],[13.0966,42.0219],[13.0962,42.0198],[13.0992,42.0137],[13.1003,42.0121],[13.1012,42.0103],[13.0938,42.0078],[13.0911,42.0082],[13.0821,42.0089],[13.0797,42.009],[13.0722,42.0106],[13.0658,42.0121],[13.0581,42.0156],[13.0492,42.0235],[13.0482,42.0296],[13.047,42.0343],[13.0438,42.0374],[13.0374,42.0424],[13.0317,42.0465],[13.0266,42.05],[13.0271,42.0549],[13.0249,42.0635],[13.0227,42.0649],[13.0185,42.0749],[13.0193,42.0791],[13.0241,42.0922],[13.0253,42.0955],[13.0284,42.1005],[13.0325,42.1065],[13.033,42.1137],[13.0306,42.1154],[13.0308,42.1221],[13.037,42.119],[13.0598,42.123],[13.0731,42.1319],[13.075,42.135],[13.0768,42.139],[13.0818,42.1406],[13.0843,42.1417],[13.0859,42.1439],[13.0937,42.1593],[13.0935,42.1665],[13.0876,42.1723],[13.0867,42.1743],[13.0869,42.1775],[13.1016,42.1766],[13.1126,42.1751],[13.1175,42.1758],[13.1197,42.1767],[13.1223,42.1771],[13.1245,42.1765],[13.1281,42.1742],[13.1368,42.1686],[13.1489,42.1621],[13.1555,42.1587],[13.1583,42.1575],[13.1621,42.1562],[13.1674,42.1543],[13.1697,42.1507],[13.1738,42.1517],[13.1764,42.1525],[13.1781,42.1534],[13.1826,42.1572],[13.1927,42.1583],[13.2006,42.1521],[13.2021,42.151],[13.2057,42.1484],[13.2136,42.145],[13.2164,42.1447],[13.2193,42.1442],[13.2224,42.1437],[13.2304,42.1375],[13.2357,42.1323],[13.2368,42.1303],[13.2468,42.1276],[13.255,42.1303],[13.2643,42.1357],[13.2695,42.1375],[13.2751,42.1377],[13.2793,42.1347],[13.2849,42.1343],[13.3053,42.1383],[13.3067,42.1413],[13.3077,42.1434],[13.3097,42.1469],[13.3109,42.1484],[13.3175,42.1537],[13.321,42.1532],[13.3227,42.1522],[13.3271,42.1538],[13.3288,42.1549],[13.3261,42.1587],[13.3232,42.1604],[13.3273,42.1639],[13.3336,42.1668],[13.337,42.1663],[13.3403,42.1655],[13.3448,42.1648],[13.3471,42.1651],[13.3508,42.1657],[13.354,42.1667],[13.3424,42.1768],[13.3478,42.1759],[13.3505,42.1751],[13.354,42.1749],[13.356,42.1756],[13.3591,42.177],[13.3612,42.1782],[13.3633,42.1789],[13.3653,42.1796],[13.3676,42.1801],[13.37,42.1803],[13.3755,42.1804],[13.3799,42.1804],[13.38,42.1828],[13.379,42.1843],[13.3761,42.1855],[13.3743,42.187],[13.3728,42.1881],[13.3622,42.1899],[13.3522,42.1913],[13.3415,42.1984],[13.3399,42.1999],[13.3319,42.2082],[13.3331,42.211],[13.341,42.2173],[13.3356,42.2224],[13.3331,42.2228],[13.3271,42.2238],[13.3233,42.2279],[13.3214,42.2292],[13.318,42.2299],[13.3109,42.2305],[13.3058,42.2306],[13.2998,42.2306],[13.2972,42.2311],[13.292,42.2324],[13.2821,42.2372],[13.2756,42.2425],[13.2743,42.2443],[13.2752,42.2464],[13.2729,42.2521],[13.2718,42.2536],[13.2567,42.2648],[13.2432,42.2697],[13.2386,42.2728],[13.2346,42.2779],[13.2327,42.2822],[13.2312,42.2844],[13.2294,42.2863],[13.2286,42.2884],[13.2281,42.2912],[13.2276,42.3028],[13.2274,42.3089],[13.2274,42.3132],[13.2265,42.3193],[13.2229,42.3192],[13.2203,42.3195],[13.2149,42.3226],[13.2105,42.3253],[13.2072,42.3276],[13.2051,42.3293],[13.2021,42.3311],[13.2001,42.3316],[13.1979,42.3313],[13.1949,42.3311],[13.1925,42.3319],[13.1902,42.333],[13.1867,42.3352],[13.1851,42.3363],[13.184,42.3387],[13.1831,42.3405],[13.1716,42.3487],[13.1698,42.3496],[13.1639,42.3519],[13.1572,42.3543],[13.1533,42.357],[13.1591,42.3616],[13.1656,42.3671],[13.1695,42.3701],[13.1857,42.3791],[13.1894,42.3811],[13.1942,42.3892],[13.1932,42.3907],[13.1886,42.3982],[13.1892,42.4002],[13.1763,42.4062],[13.1696,42.4071],[13.1618,42.4107],[13.1588,42.4122],[13.1552,42.4142],[13.1531,42.4174],[13.142,42.429],[13.1314,42.4365],[13.1244,42.4412],[13.1162,42.4439],[13.1262,42.4524],[13.1334,42.4584],[13.1363,42.4599],[13.1454,42.462],[13.1541,42.4623],[13.1563,42.4639],[13.1712,42.4742],[13.1756,42.4773],[13.1784,42.4793],[13.1752,42.4809],[13.1722,42.4828],[13.1714,42.4851],[13.1749,42.4994],[13.1774,42.5078],[13.1778,42.5126],[13.1748,42.5146],[13.1671,42.5162],[13.1605,42.522],[13.1581,42.5261],[13.1573,42.535],[13.1558,42.5401],[13.1622,42.5388],[13.167,42.5415],[13.1761,42.5526],[13.175,42.5598],[13.1746,42.5624],[13.1742,42.5652],[13.1749,42.5679],[13.1821,42.5715],[13.1893,42.5759],[13.191,42.577],[13.1924,42.5802],[13.1923,42.584],[13.1914,42.5875],[13.1993,42.586],[13.2021,42.586],[13.2043,42.5856],[13.2087,42.5844],[13.2125,42.5825],[13.2189,42.5828],[13.2268,42.5828],[13.2285,42.5817],[13.2299,42.5797],[13.2316,42.5776],[13.234,42.5757],[13.2397,42.574],[13.2443,42.5731],[13.248,42.5744],[13.2535,42.5797],[13.2538,42.582],[13.2566,42.5825],[13.2602,42.583],[13.2782,42.5834],[13.2836,42.5825],[13.2875,42.5763],[13.2913,42.5705],[13.293,42.5697],[13.2954,42.5702],[13.2973,42.5711],[13.305,42.5723],[13.3119,42.574],[13.3152,42.5751],[13.32,42.5771],[13.3217,42.5786],[13.3231,42.5798],[13.3271,42.5799],[13.3339,42.5787],[13.3364,42.5778],[13.3381,42.5762],[13.3411,42.5751],[13.3545,42.5765],[13.3608,42.5786],[13.3813,42.5809],[13.3843,42.5832],[13.3834,42.5849],[13.393,42.5909],[13.391,42.5933],[13.389,42.6016],[13.3898,42.6061],[13.3904,42.6085],[13.3919,42.6102],[13.394,42.6113],[13.3954,42.6124],[13.3966,42.614],[13.3947,42.6217],[13.3969,42.6225],[13.4064,42.6288],[13.4073,42.6306],[13.4094,42.6368],[13.4097,42.639],[13.4083,42.6429],[13.4039,42.6438],[13.3934,42.646],[13.3818,42.6498],[13.3795,42.6502],[13.3768,42.6499],[13.3717,42.6488],[13.3696,42.6493],[13.3646,42.6554],[13.3577,42.6634],[13.3559,42.6651],[13.3503,42.6686],[13.3486,42.6734],[13.3504,42.6813],[13.3578,42.6941],[13.3589,42.6958],[13.3619,42.6941],[13.3641,42.6931],[13.368,42.6931],[13.3808,42.6907],[13.3888,42.6873],[13.3914,42.6873],[13.3978,42.689],[13.3994,42.6901],[13.4008,42.6914],[13.4095,42.6965],[13.4212,42.703],[13.4274,42.7064],[13.4324,42.7031],[13.4332,42.701],[13.4352,42.6996],[13.4376,42.6992],[13.4409,42.7025],[13.4403,42.7049],[13.4384,42.7058],[13.4372,42.715],[13.4411,42.7262],[13.4457,42.7306],[13.448,42.7322],[13.4518,42.7338],[13.4633,42.7348],[13.4653,42.7337],[13.4689,42.7329],[13.4748,42.7324],[13.4797,42.7323],[13.4888,42.7337],[13.4934,42.7366],[13.5042,42.7471],[13.504,42.7572],[13.5029,42.7586],[13.502,42.762],[13.5023,42.771],[13.5042,42.7747],[13.5068,42.7763],[13.5155,42.7861],[13.5291,42.7953],[13.5317,42.8011],[13.5322,42.8066],[13.5324,42.8113],[13.5345,42.8166],[13.5429,42.817],[13.5456,42.8159],[13.5465,42.8136],[13.5532,42.8056],[13.555,42.8044],[13.5715,42.8005],[13.5747,42.8008],[13.5811,42.8041],[13.5899,42.8065],[13.5933,42.8063],[13.5997,42.8063],[13.6132,42.8103],[13.6167,42.8121],[13.6186,42.8134],[13.6206,42.8155],[13.6232,42.8164],[13.6278,42.8153],[13.6269,42.8132],[13.628,42.8081],[13.6309,42.8051],[13.6349,42.8035],[13.6424,42.8036],[13.649,42.8048],[13.6512,42.8052],[13.6617,42.8069],[13.6653,42.8099],[13.6724,42.8133],[13.6765,42.8151],[13.6841,42.8179],[13.6867,42.8183],[13.6916,42.8196],[13.6943,42.8206],[13.6966,42.8215],[13.6991,42.8225],[13.7004,42.8244],[13.7076,42.8368],[13.7109,42.8434],[13.709,42.8449],[13.7066,42.8454],[13.7059,42.8474],[13.7066,42.8493],[13.7222,42.8546],[13.7249,42.8557],[13.7307,42.8558],[13.7339,42.8555],[13.7417,42.8558],[13.7473,42.8564],[13.751,42.8577],[13.7535,42.8586],[13.758,42.859],[13.7629,42.8587],[13.7695,42.8589],[13.7741,42.8595],[13.778,42.8604],[13.7993,42.8667],[13.804,42.8687],[13.8109,42.8721],[13.8124,42.8733],[13.8131,42.8753],[13.8149,42.8767],[13.8167,42.8778],[13.8193,42.8789],[13.8221,42.8797],[13.8311,42.8812],[13.8348,42.8817],[13.8427,42.8842],[13.8484,42.8839],[13.8538,42.884],[13.8749,42.8889],[13.877,42.8899],[13.8778,42.8922],[13.877,42.894],[13.8798,42.8951],[13.8811,42.8921],[13.8838,42.8919],[13.8894,42.8912],[13.8939,42.8916],[13.8962,42.8922],[13.8982,42.8931],[13.9,42.8938],[13.9031,42.8945],[13.9083,42.8948],[13.9167,42.8946],[13.9197,42.8924],[13.9205,42.8875],[13.9211,42.8841],[13.9272,42.858],[13.9294,42.8495],[13.9323,42.8399],[13.933,42.838],[13.9403,42.8143],[13.9436,42.8054],[13.9449,42.8022],[13.9494,42.7928],[13.9524,42.7869],[13.9552,42.7816],[13.9574,42.7771],[13.9593,42.7731],[13.961,42.7699],[13.962,42.7682],[13.9648,42.7638],[13.9716,42.7532],[13.9733,42.7509],[13.9745,42.7525],[13.9774,42.7536],[13.9748,42.7514],[13.9754,42.7489],[13.9763,42.7468],[13.977,42.745],[13.978,42.7432],[13.9802,42.7399],[13.9838,42.7314],[13.9848,42.7295],[13.9917,42.7159],[13.9958,42.7083],[14.0014,42.6999],[14.0038,42.6966],[14.0061,42.6942],[14.0078,42.6923],[14.0117,42.6871],[14.0204,42.6752],[14.0259,42.6678],[14.0273,42.666],[14.0287,42.6644],[14.0316,42.6614],[14.0336,42.6593],[14.0388,42.6548],[14.0402,42.6526],[14.0413,42.6504],[14.0429,42.6475],[14.0472,42.6403],[14.0501,42.6357],[14.0522,42.6324],[14.0563,42.6264],[14.0577,42.6244],[14.062,42.6186],[14.0637,42.6163],[14.0704,42.6077],[14.0721,42.6055],[14.0753,42.6016],[14.0776,42.5988],[14.0797,42.5965],[14.0811,42.5948],[14.0863,42.589],[14.0895,42.5858],[14.091,42.5846],[14.0938,42.5819],[14.0952,42.5799],[14.0983,42.5765],[14.1001,42.5736],[14.1029,42.5701],[14.1042,42.5686],[14.1102,42.5625],[14.1225,42.5506],[14.1433,42.5328],[14.1451,42.5314],[14.1515,42.5256],[14.1587,42.5209],[14.1767,42.5022],[14.1846,42.4951],[14.1862,42.494],[14.1883,42.4921],[14.1899,42.4911],[14.1917,42.4902],[14.1938,42.4888],[14.1967,42.4866],[14.199,42.4844],[14.201,42.4825],[14.206,42.4785],[14.21,42.476],[14.2185,42.4708],[14.2202,42.4699],[14.2259,42.4677],[14.2286,42.4696],[14.2339,42.4679],[14.2367,42.4655],[14.2351,42.4665],[14.2337,42.4677],[14.2303,42.4691],[14.2281,42.4681],[14.2305,42.4652],[14.2325,42.4645],[14.2345,42.4658],[14.233,42.4646],[14.2322,42.4628],[14.2339,42.4604],[14.2365,42.4578],[14.2379,42.4565],[14.2438,42.4525],[14.2523,42.4466],[14.2545,42.4449],[14.2559,42.4437],[14.2599,42.441],[14.2897,42.4225],[14.2919,42.4212],[14.2994,42.4168],[14.303,42.4147],[14.3139,42.4088],[14.3209,42.405],[14.327,42.402],[14.3292,42.4009],[14.3349,42.3979],[14.3428,42.3936],[14.3614,42.3841],[14.3724,42.3788],[14.3827,42.3759],[14.3907,42.3731],[14.3939,42.3702],[14.3947,42.3682],[14.3981,42.3643],[14.4024,42.3616],[14.4099,42.3581],[14.4104,42.3545],[14.4107,42.3516],[14.41,42.3493],[14.411,42.3466],[14.4135,42.3427],[14.4171,42.3396],[14.4244,42.3306],[14.4252,42.3271],[14.4267,42.3252],[14.4412,42.3123],[14.445,42.3101],[14.463,42.2981],[14.4728,42.2922],[14.4757,42.2903],[14.4799,42.288],[14.4829,42.2867],[14.4912,42.2793],[14.4929,42.2779],[14.4966,42.2753],[14.4984,42.2742],[14.5002,42.2734],[14.5018,42.2723],[14.5029,42.2702],[14.5025,42.2677],[14.5011,42.2645],[14.5009,42.2616],[14.5026,42.2584],[14.5083,42.2525],[14.5127,42.2497],[14.5161,42.2478],[14.5214,42.2451],[14.5236,42.2441],[14.5259,42.2431],[14.5328,42.2401],[14.5372,42.2386],[14.5393,42.2377],[14.5423,42.2365],[14.544,42.2355],[14.5486,42.2318],[14.5502,42.2307],[14.5554,42.2277],[14.5579,42.2264],[14.5631,42.2239],[14.5903,42.2115],[14.5978,42.2082],[14.6072,42.2046],[14.6208,42.1993],[14.6268,42.1972],[14.6304,42.196],[14.6433,42.1925],[14.6458,42.1922],[14.6531,42.1895],[14.6581,42.1877],[14.6989,42.1745],[14.7104,42.1723],[14.7137,42.1736],[14.7121,42.1764],[14.7153,42.174],[14.7167,42.1721],[14.72,42.157],[14.7201,42.1542],[14.7184,42.1521],[14.7171,42.1505],[14.7186,42.1347],[14.7193,42.1329],[14.7207,42.1316],[14.7222,42.1305],[14.7228,42.1257],[14.7222,42.1221],[14.7198,42.1129],[14.7185,42.1114],[14.7178,42.1077],[14.7184,42.1057],[14.7211,42.1022],[14.7243,42.0988],[14.727,42.0966],[14.7284,42.0955],[14.7341,42.0912],[14.7361,42.0898],[14.7394,42.0876],[14.7426,42.0856],[14.7443,42.0845],[14.7515,42.0806],[14.7563,42.079],[14.7653,42.0748],[14.7714,42.0728],[14.7795,42.0698],[14.7758,42.0666],[14.7729,42.0638],[14.7649,42.051],[14.7611,42.0431],[14.7628,42.0416],[14.7652,42.0415],[14.769,42.041],[14.7724,42.0401],[14.7822,42.0351],[14.7829,42.0332],[14.7816,42.0313],[14.7804,42.0299],[14.7785,42.028],[14.7766,42.0264],[14.7658,42.0181],[14.7638,42.017],[14.7611,42.0166],[14.7584,42.0163],[14.7561,42.0157],[14.7536,42.0145],[14.7521,42.0134],[14.7492,42.0108],[14.7472,42.009],[14.7452,42.0081],[14.7417,42.0074],[14.7393,42.0072],[14.7358,42.0068],[14.7331,42.0061],[14.7306,42.0051],[14.728,42.0037],[14.7241,42.0005],[14.7141,41.99],[14.7011,41.9768],[14.7011,41.9736],[14.6999,41.9722],[14.6973,41.9711],[14.6955,41.9704],[14.6931,41.9695],[14.6907,41.9677],[14.6856,41.9619],[14.6807,41.9565],[14.6792,41.955],[14.6749,41.9513],[14.6732,41.9501],[14.6702,41.9482],[14.6686,41.9466],[14.6664,41.9432],[14.6655,41.9411],[14.6654,41.9383],[14.6662,41.9364],[14.6671,41.9343],[14.6664,41.9289],[14.6649,41.921],[14.6638,41.9163],[14.6579,41.913],[14.6554,41.9113],[14.6531,41.9084],[14.6523,41.9065],[14.6473,41.903],[14.6413,41.8993],[14.6375,41.8982],[14.634,41.8973],[14.6306,41.8967],[14.6277,41.8959],[14.6228,41.8942],[14.6198,41.8927],[14.6182,41.8917],[14.6142,41.8892],[14.6123,41.8828],[14.6116,41.8807],[14.6092,41.8772],[14.6061,41.8729],[14.6045,41.8707],[14.6028,41.8687],[14.6016,41.8671],[14.6,41.8648],[14.599,41.863],[14.5984,41.8606],[14.5987,41.8566],[14.5986,41.8535],[14.5977,41.851],[14.5959,41.8496],[14.5934,41.8484],[14.5914,41.8477],[14.5898,41.8468],[14.5882,41.8455],[14.5856,41.843],[14.584,41.8413],[14.5796,41.8337],[14.5777,41.8291],[14.5731,41.824],[14.5706,41.8212],[14.568,41.8181],[14.5658,41.8187],[14.5638,41.8195],[14.561,41.8194],[14.5528,41.8172],[14.5508,41.8166],[14.5446,41.8103],[14.5425,41.8081],[14.5417,41.8062],[14.5404,41.8039],[14.5393,41.8023],[14.5351,41.7994],[14.531,41.8007],[14.5327,41.7984],[14.5335,41.7939],[14.5289,41.787],[14.5268,41.7863],[14.524,41.7857],[14.5197,41.784],[14.5071,41.7778],[14.5055,41.7768],[14.5019,41.7735],[14.4991,41.7728],[14.4973,41.7706],[14.4964,41.7689],[14.4959,41.7668],[14.4947,41.7653],[14.492,41.7629],[14.4898,41.7612],[14.487,41.76],[14.4843,41.7601],[14.48,41.7614],[14.4775,41.7619],[14.4709,41.763],[14.4677,41.7631],[14.4643,41.763],[14.4589,41.7623],[14.4563,41.7624],[14.4546,41.7637],[14.4578,41.7711],[14.4602,41.7741],[14.4633,41.7764],[14.4651,41.7772],[14.4609,41.7845],[14.4569,41.7911],[14.4547,41.7958],[14.4536,41.8026],[14.4509,41.8149],[14.4507,41.8193],[14.4468,41.8344],[14.4459,41.8372],[14.4442,41.8398],[14.4423,41.8413],[14.4362,41.8418],[14.4337,41.8415],[14.4295,41.8434],[14.4267,41.8475],[14.4262,41.8499],[14.407,41.8648],[14.3974,41.8697],[14.3946,41.8703],[14.3792,41.8658],[14.3776,41.8673],[14.3759,41.8738],[14.3759,41.8785],[14.3738,41.8795],[14.3706,41.8786],[14.3664,41.8774],[14.3643,41.8765],[14.3614,41.8746],[14.3626,41.8729],[14.3644,41.8711],[14.3643,41.8684],[14.3622,41.865],[14.3585,41.8604],[14.3556,41.8607],[14.3535,41.8616],[14.3494,41.8622],[14.3449,41.8626],[14.3435,41.869],[14.3381,41.8755],[14.3328,41.8808],[14.3276,41.8858],[14.3271,41.8882],[14.3249,41.8947],[14.3239,41.8963],[14.3215,41.8954],[14.3151,41.8934],[14.3126,41.8929],[14.306,41.893],[14.3034,41.8937],[14.3002,41.8989],[14.2954,41.9002],[14.2916,41.9019],[14.2872,41.9061],[14.2854,41.9079],[14.2849,41.9101],[14.2793,41.9095],[14.2775,41.9082],[14.2704,41.901],[14.2692,41.8994],[14.2664,41.8958],[14.2592,41.8919],[14.2566,41.8918],[14.2545,41.8923],[14.2528,41.8914],[14.2522,41.8885],[14.2464,41.8826],[14.2384,41.8788],[14.2318,41.8775],[14.2269,41.8748],[14.2256,41.8709],[14.2264,41.8684],[14.2169,41.8538],[14.2139,41.8537],[14.2113,41.8542],[14.2078,41.8531],[14.1958,41.8483],[14.1946,41.847],[14.1964,41.8428],[14.195,41.8415],[14.1895,41.8416],[14.1869,41.8445],[14.1817,41.8469],[14.178,41.8454],[14.1689,41.843],[14.1666,41.8425],[14.163,41.8394],[14.1556,41.8396],[14.1509,41.8307],[14.1472,41.8273],[14.1501,41.8243],[14.1603,41.815],[14.1643,41.8101],[14.1681,41.7968],[14.1689,41.7886],[14.1707,41.7797],[14.1732,41.7767],[14.1759,41.7741],[14.1799,41.7734],[14.183,41.7738],[14.1874,41.7745],[14.194,41.7735],[14.1965,41.7719],[14.2019,41.767],[14.2012,41.7638],[14.1967,41.7607],[14.1952,41.7591],[14.194,41.7561],[14.1935,41.7515],[14.1941,41.7493],[14.1917,41.748],[14.1803,41.749],[14.1775,41.7502],[14.1757,41.7526],[14.1755,41.7583],[14.1757,41.7613],[14.1756,41.7638],[14.1745,41.7653],[14.1723,41.7658],[14.17,41.7652],[14.1638,41.7598],[14.1617,41.7561],[14.1611,41.7539],[14.1629,41.7507],[14.1589,41.7472],[14.1532,41.7467],[14.1387,41.7449],[14.1339,41.7428],[14.1299,41.7444],[14.1228,41.7464],[14.1153,41.7369],[14.1162,41.7345],[14.1188,41.7335],[14.1209,41.7324],[14.1221,41.731],[14.1229,41.7292],[14.1234,41.7265],[14.1201,41.7194],[14.1187,41.7168],[14.1107,41.709],[14.1091,41.708],[14.1057,41.7128],[14.1034,41.7184],[14.0973,41.7297],[14.0953,41.7317],[14.0944,41.7379],[14.0882,41.7389],[14.0696,41.7372],[14.068,41.7338],[14.0664,41.7316],[14.0625,41.7279],[14.0606,41.7262],[14.059,41.7249],[14.0566,41.7227],[14.0535,41.7196],[14.0531,41.7156],[14.0532,41.7125],[14.0534,41.7076],[14.0535,41.7031],[14.0349,41.7017],[14.0277,41.7028],[14.0243,41.6992],[14.0248,41.6964],[14.0192,41.6824],[14.0161,41.6827],[14.0104,41.6854],[14.0088,41.6865],[14.0043,41.6891],[13.9944,41.6937],[13.9819,41.6951],[13.9632,41.696],[13.9601,41.696],[13.9564,41.6957],[13.9541,41.6952],[13.9506,41.6942],[13.9481,41.6933],[13.9455,41.6908],[13.9434,41.6889],[13.9413,41.688],[13.941,41.688]]],[[[14.2331,42.4654],[14.2316,42.4654],[14.2316,42.4655],[14.2331,42.4654]]],[[[14.233,42.4658],[14.2316,42.4659],[14.2316,42.4659],[14.233,42.4658]]]]},"properties":{"name":"Abruzzo"}},{"type":"Feature","geometry":{"type":"Polygon","coordinates":[[[14.4193,41.4351],[14.4125,41.4412],[14.4058,41.4386],[14.4017,41.4374],[14.3991,41.438],[14.3969,41.4392],[14.3952,41.4403],[14.3919,41.4419],[14.3898,41.4429],[14.3831,41.4431],[14.3591,41.4485],[14.3569,41.4489],[14.353,41.4499],[14.3495,41.4514],[14.3475,41.4522],[14.3439,41.4535],[14.3401,41.4544],[14.3372,41.4544],[14.3341,41.454],[14.3314,41.4535],[14.3289,41.4533],[14.3148,41.4602],[14.3099,41.4636],[14.308,41.4648],[14.3047,41.4664],[14.2979,41.4687],[14.2924,41.4694],[14.2893,41.4695],[14.2843,41.4721],[14.2872,41.4725],[14.2893,41.4732],[14.2921,41.4763],[14.2902,41.4782],[14.2876,41.4795],[14.2854,41.48],[14.2816,41.4825],[14.2791,41.4864],[14.2633,41.4843],[14.2551,41.484],[14.2494,41.4846],[14.2472,41.486],[14.2442,41.4915],[14.2416,41.4967],[14.2377,41.4976],[14.2323,41.4979],[14.2279,41.498],[14.216,41.4968],[14.2112,41.4985],[14.2049,41.4999],[14.2022,41.4997],[14.1906,41.4978],[14.1877,41.4965],[14.1828,41.4965],[14.178,41.4972],[14.1762,41.4979],[14.1748,41.4995],[14.1682,41.4955],[14.167,41.4932],[14.1664,41.4894],[14.1657,41.4794],[14.1601,41.4796],[14.1574,41.4803],[14.1527,41.4821],[14.132,41.5003],[14.1253,41.5074],[14.1226,41.5073],[14.1195,41.5065],[14.1185,41.5039],[14.1188,41.5016],[14.1185,41.4972],[14.1079,41.4855],[14.1034,41.4837],[14.0998,41.4813],[14.0969,41.4776],[14.0958,41.4759],[14.0963,41.4739],[14.0927,41.4707],[14.0864,41.4673],[14.0824,41.4655],[14.0858,41.4625],[14.0868,41.4597],[14.0784,41.4471],[14.0793,41.4449],[14.0843,41.4396],[14.0998,41.4255],[14.104,41.4239],[14.1061,41.4212],[14.1075,41.4164],[14.1048,41.4107],[14.1033,41.4043],[14.1038,41.4018],[14.1061,41.401],[14.1081,41.3996],[14.113,41.3913],[14.1137,41.3887],[14.1114,41.3864],[14.0961,41.3902],[14.0938,41.3918],[14.0925,41.3937],[14.0911,41.3965],[14.0894,41.3982],[14.0873,41.3991],[14.0848,41.4],[14.0821,41.4],[14.0732,41.3983],[14.0618,41.3981],[14.0548,41.3968],[14.0424,41.3928],[14.0398,41.3948],[14.0287,41.4084],[14.0295,41.4102],[14.0298,41.4126],[14.0266,41.4167],[14.0231,41.4182],[14.0185,41.4226],[14.0166,41.4241],[14.0142,41.424],[14.0095,41.4238],[14.0066,41.4244],[14.0007,41.4309],[14.0035,41.4332],[14.0049,41.4346],[14.0076,41.4385],[14.0084,41.4411],[14.0092,41.4456],[14.0087,41.4481],[14.0077,41.4508],[14.0058,41.4528],[14.0027,41.4538],[13.9952,41.4558],[13.9892,41.4573],[13.9864,41.4577],[13.9798,41.461],[13.9779,41.4625],[13.9816,41.47],[13.9843,41.4736],[13.9888,41.4791],[13.9915,41.4813],[13.9905,41.484],[13.9794,41.4909],[13.9773,41.4922],[13.9745,41.4921],[13.9728,41.4931],[13.9752,41.4967],[13.9787,41.501],[13.9824,41.5025],[13.9895,41.5061],[13.991,41.5074],[13.9925,41.5099],[13.9937,41.5119],[13.995,41.5131],[13.9974,41.5138],[14,41.514],[14.0048,41.5142],[14.0109,41.5148],[14.0131,41.5154],[14.0147,41.5164],[14.0193,41.5219],[14.0217,41.5216],[14.0265,41.5227],[14.0275,41.5243],[14.0261,41.5258],[14.0242,41.5267],[14.0179,41.5291],[14.0137,41.5314],[14.0088,41.5344],[14.0072,41.5358],[14.0053,41.5385],[14.0207,41.5424],[14.0222,41.5454],[14.0259,41.5549],[14.0251,41.5581],[14.0237,41.561],[14.0173,41.5638],[14.0107,41.5657],[14.0075,41.5661],[14.0045,41.5664],[14.003,41.5677],[14.0016,41.5695],[14.0038,41.571],[14.0028,41.5726],[14.0006,41.5734],[13.9989,41.5745],[13.9979,41.5781],[14.0029,41.584],[14.0102,41.5926],[14.011,41.6075],[14.0039,41.6165],[13.998,41.6231],[13.9939,41.639],[13.9891,41.6442],[13.9874,41.6479],[13.9875,41.6507],[13.9883,41.6538],[13.979,41.6623],[13.9757,41.6648],[13.9735,41.6675],[13.9674,41.674],[13.9596,41.6785],[13.9555,41.6797],[13.9516,41.68],[13.9493,41.6811],[13.9444,41.684],[13.9422,41.6863],[13.941,41.688],[13.9431,41.6886],[13.9455,41.6908],[13.947,41.6923],[13.9489,41.6936],[13.9522,41.6947],[13.9551,41.6955],[13.9583,41.6958],[13.9621,41.696],[13.9819,41.6951],[13.9925,41.6942],[14.0027,41.6899],[14.0073,41.6875],[14.0089,41.6863],[14.0161,41.6827],[14.0182,41.6821],[14.0256,41.6948],[14.0242,41.6971],[14.0269,41.7027],[14.0349,41.7017],[14.0532,41.7017],[14.0534,41.7076],[14.0533,41.7108],[14.0531,41.7156],[14.053,41.7186],[14.0555,41.7217],[14.0579,41.7239],[14.0606,41.7262],[14.0625,41.7279],[14.0661,41.7313],[14.0673,41.7327],[14.0696,41.7372],[14.0882,41.7389],[14.0944,41.7379],[14.0953,41.7317],[14.0973,41.7297],[14.1034,41.7184],[14.1057,41.7128],[14.1072,41.7074],[14.1102,41.7087],[14.1185,41.7164],[14.1201,41.7194],[14.1233,41.7261],[14.1229,41.7292],[14.1221,41.731],[14.1209,41.7324],[14.1188,41.7335],[14.1169,41.7342],[14.1154,41.7354],[14.1212,41.746],[14.1299,41.7444],[14.1339,41.7428],[14.1387,41.7449],[14.1532,41.7467],[14.1584,41.747],[14.1625,41.7504],[14.1615,41.7525],[14.1612,41.7549],[14.1631,41.7587],[14.1689,41.7643],[14.1707,41.7655],[14.1734,41.7657],[14.1751,41.7647],[14.1758,41.7627],[14.1755,41.7583],[14.1753,41.7546],[14.1763,41.7514],[14.1787,41.7492],[14.191,41.7481],[14.194,41.748],[14.1936,41.7501],[14.194,41.7555],[14.1945,41.7578],[14.1967,41.7607],[14.2012,41.7638],[14.2019,41.7665],[14.1965,41.7719],[14.1946,41.7732],[14.1885,41.7744],[14.1838,41.774],[14.1806,41.7734],[14.1774,41.7736],[14.1732,41.7767],[14.1715,41.7784],[14.169,41.7874],[14.1681,41.7968],[14.1646,41.8095],[14.1606,41.8146],[14.1501,41.8243],[14.1472,41.8273],[14.1509,41.8307],[14.1556,41.8396],[14.1619,41.839],[14.1662,41.8424],[14.1689,41.843],[14.1767,41.845],[14.1808,41.8465],[14.1869,41.8445],[14.1895,41.8416],[14.195,41.8415],[14.1964,41.8428],[14.1946,41.8464],[14.1955,41.8482],[14.2078,41.8531],[14.2103,41.854],[14.2129,41.8541],[14.2151,41.8532],[14.2264,41.8684],[14.2256,41.8709],[14.2269,41.8748],[14.2297,41.8771],[14.2378,41.8786],[14.2454,41.8821],[14.2522,41.8885],[14.2528,41.8914],[14.2545,41.8923],[14.2566,41.8918],[14.2592,41.8919],[14.2664,41.8958],[14.2692,41.8987],[14.2701,41.9006],[14.2775,41.9082],[14.2791,41.9094],[14.2842,41.9108],[14.2848,41.9088],[14.2871,41.9063],[14.2914,41.902],[14.2954,41.9002],[14.3002,41.8989],[14.3027,41.8942],[14.305,41.8931],[14.3122,41.8929],[14.3147,41.8933],[14.3208,41.8951],[14.3227,41.8959],[14.3249,41.8947],[14.3271,41.8882],[14.3276,41.8858],[14.3328,41.8808],[14.3381,41.8755],[14.3432,41.8696],[14.343,41.8625],[14.3494,41.8622],[14.3535,41.8616],[14.3556,41.8607],[14.3581,41.8599],[14.362,41.8647],[14.3643,41.8684],[14.3644,41.8709],[14.3635,41.8726],[14.3611,41.8743],[14.3639,41.8762],[14.3664,41.8774],[14.3706,41.8786],[14.3733,41.8794],[14.3767,41.8799],[14.3758,41.8753],[14.3773,41.8681],[14.3785,41.8661],[14.3942,41.8703],[14.3969,41.8699],[14.407,41.8648],[14.4265,41.8509],[14.4266,41.8477],[14.4295,41.8434],[14.4324,41.8412],[14.4358,41.8417],[14.4416,41.8413],[14.444,41.84],[14.4457,41.8378],[14.4468,41.8344],[14.4507,41.8193],[14.4509,41.8149],[14.4536,41.8026],[14.4546,41.7968],[14.4569,41.7911],[14.4607,41.7847],[14.4651,41.7772],[14.4633,41.7764],[14.4604,41.7742],[14.4582,41.7717],[14.4545,41.765],[14.4555,41.7629],[14.4573,41.7621],[14.4643,41.763],[14.4677,41.7631],[14.4709,41.763],[14.4775,41.7619],[14.48,41.7614],[14.4827,41.7608],[14.4853,41.7597],[14.4888,41.7607],[14.4918,41.7627],[14.4935,41.7643],[14.4952,41.7658],[14.4962,41.7674],[14.4967,41.7697],[14.4991,41.7728],[14.5019,41.7735],[14.5055,41.7768],[14.5071,41.7778],[14.5195,41.7839],[14.524,41.7857],[14.5267,41.7863],[14.5289,41.787],[14.5333,41.7916],[14.533,41.7976],[14.5316,41.8],[14.5338,41.7995],[14.5393,41.8023],[14.5404,41.8039],[14.5417,41.8062],[14.5425,41.8081],[14.5443,41.8101],[14.5505,41.8163],[14.5528,41.8172],[14.5601,41.8192],[14.5634,41.8195],[14.5654,41.8189],[14.5677,41.8182],[14.5706,41.8212],[14.5731,41.824],[14.5777,41.8291],[14.5796,41.8337],[14.5837,41.8408],[14.5856,41.843],[14.5882,41.8455],[14.5898,41.8468],[14.5914,41.8477],[14.5934,41.8484],[14.5959,41.8496],[14.5974,41.8507],[14.5986,41.8535],[14.5987,41.8566],[14.5985,41.8592],[14.5987,41.8622],[14.6,41.8648],[14.6016,41.8671],[14.6028,41.8687],[14.604,41.8701],[14.6061,41.8729],[14.6092,41.8772],[14.611,41.8797],[14.6123,41.8828],[14.6142,41.8892],[14.6179,41.8915],[14.6198,41.8927],[14.622,41.8938],[14.6269,41.8957],[14.629,41.8963],[14.6329,41.8971],[14.6375,41.8982],[14.64,41.8989],[14.6473,41.903],[14.6522,41.9062],[14.6531,41.9084],[14.6545,41.9106],[14.657,41.9124],[14.6638,41.9163],[14.6649,41.921],[14.6659,41.9275],[14.6671,41.9326],[14.667,41.935],[14.6657,41.9373],[14.6654,41.9397],[14.666,41.9422],[14.6677,41.9453],[14.669,41.947],[14.6723,41.9496],[14.6744,41.9509],[14.6782,41.954],[14.6807,41.9565],[14.6856,41.9619],[14.6907,41.9677],[14.6931,41.9695],[14.6955,41.9704],[14.6973,41.9711],[14.6999,41.9722],[14.7011,41.9736],[14.7011,41.9768],[14.7141,41.99],[14.7237,42],[14.7272,42.0032],[14.7306,42.0051],[14.7331,42.0061],[14.7358,42.0068],[14.7383,42.0072],[14.7417,42.0074],[14.744,42.0077],[14.7462,42.0085],[14.7492,42.0108],[14.7521,42.0134],[14.7536,42.0145],[14.7553,42.0154],[14.7577,42.0162],[14.7611,42.0166],[14.7636,42.0169],[14.7658,42.0181],[14.776,42.0259],[14.7785,42.028],[14.7802,42.0297],[14.7816,42.0313],[14.7827,42.0329],[14.7822,42.0351],[14.7741,42.0396],[14.769,42.041],[14.7652,42.0415],[14.7628,42.0416],[14.7608,42.0422],[14.7649,42.051],[14.7722,42.0629],[14.775,42.0659],[14.7795,42.0698],[14.7916,42.0665],[14.7963,42.0647],[14.7983,42.0635],[14.7994,42.0617],[14.8013,42.0603],[14.805,42.0582],[14.8131,42.0544],[14.8191,42.0516],[14.8215,42.0505],[14.8262,42.0485],[14.8286,42.0475],[14.8314,42.0458],[14.8389,42.0425],[14.8468,42.0394],[14.8592,42.0345],[14.8612,42.0338],[14.863,42.0331],[14.8666,42.0319],[14.8713,42.0303],[14.8785,42.0278],[14.8892,42.0244],[14.8916,42.0237],[14.8967,42.0222],[14.9002,42.0214],[14.9024,42.0209],[14.9092,42.0193],[14.9157,42.0177],[14.9182,42.0173],[14.9238,42.0162],[14.9267,42.0157],[14.9514,42.0113],[14.9698,42.0081],[14.9936,42.0048],[15.0014,41.9944],[15.0028,41.9923],[15.0041,41.991],[15.0087,41.9887],[15.014,41.9863],[15.0165,41.9857],[15.0208,41.9844],[15.0272,41.9811],[15.0326,41.9777],[15.0593,41.9597],[15.0616,41.9572],[15.0604,41.9558],[15.0621,41.9542],[15.0767,41.9441],[15.0791,41.9426],[15.0845,41.9404],[15.0894,41.9384],[15.0939,41.9369],[15.0975,41.9358],[15.0998,41.9351],[15.111,41.9323],[15.1149,41.9314],[15.123,41.9299],[15.1253,41.9295],[15.133,41.9284],[15.138,41.9266],[15.1362,41.9246],[15.1353,41.9227],[15.1349,41.9202],[15.1354,41.9174],[15.1354,41.9146],[15.134,41.9092],[15.1325,41.9059],[15.1314,41.903],[15.1313,41.9],[15.1317,41.8972],[15.1327,41.8952],[15.1357,41.892],[15.1377,41.891],[15.1395,41.8823],[15.1388,41.8793],[15.1326,41.875],[15.13,41.8733],[15.1258,41.8648],[15.1255,41.8626],[15.1234,41.8595],[15.1196,41.8573],[15.1185,41.8542],[15.1147,41.8508],[15.1126,41.85],[15.1093,41.8492],[15.1059,41.849],[15.1038,41.847],[15.101,41.8375],[15.1003,41.8338],[15.1016,41.8319],[15.1046,41.8311],[15.1077,41.8228],[15.1088,41.8213],[15.111,41.8207],[15.115,41.8174],[15.1162,41.8151],[15.1158,41.8121],[15.1144,41.8104],[15.1137,41.8082],[15.1144,41.8064],[15.1158,41.8044],[15.116,41.7991],[15.1151,41.7896],[15.1118,41.7864],[15.1072,41.7852],[15.101,41.782],[15.0973,41.7701],[15.097,41.7678],[15.1066,41.7566],[15.11,41.7538],[15.112,41.7532],[15.1142,41.7523],[15.1165,41.749],[15.1136,41.748],[15.1105,41.7479],[15.1078,41.7484],[15.1055,41.7488],[15.1024,41.7476],[15.1018,41.7453],[15.1019,41.7428],[15.1098,41.7342],[15.1113,41.7328],[15.1138,41.7307],[15.1158,41.729],[15.1179,41.7256],[15.119,41.7239],[15.1209,41.7204],[15.1434,41.7113],[15.1546,41.7117],[15.1571,41.7121],[15.1616,41.7097],[15.1593,41.7079],[15.1532,41.7061],[15.1336,41.698],[15.1242,41.6961],[15.1214,41.6955],[15.1182,41.6943],[15.1166,41.6934],[15.1137,41.6909],[15.11,41.6876],[15.1067,41.6858],[15.1042,41.6825],[15.1034,41.6801],[15.1042,41.6777],[15.1052,41.676],[15.1043,41.6736],[15.1025,41.6721],[15.0952,41.6738],[15.0941,41.6756],[15.0938,41.6785],[15.0914,41.6816],[15.0889,41.6811],[15.0878,41.6793],[15.0858,41.6754],[15.09,41.672],[15.0763,41.6649],[15.0696,41.6601],[15.0607,41.6597],[15.0583,41.66],[15.0557,41.6598],[15.0529,41.6588],[15.0502,41.6573],[15.0486,41.6559],[15.0472,41.6531],[15.0458,41.6483],[15.0447,41.6403],[15.0455,41.6376],[15.0432,41.6367],[15.0404,41.6367],[15.0369,41.6373],[15.0347,41.6378],[15.0312,41.6374],[15.026,41.6346],[15.0242,41.6311],[15.0236,41.629],[15.024,41.6264],[15.026,41.6226],[15.0227,41.6219],[15.0127,41.6218],[15.009,41.6221],[14.9979,41.6263],[14.9915,41.6291],[14.9897,41.6304],[14.9895,41.633],[14.9896,41.6362],[14.9868,41.6386],[14.9835,41.6395],[14.9805,41.6398],[14.978,41.6394],[14.9754,41.6393],[14.969,41.6408],[14.961,41.6457],[14.9576,41.6452],[14.9562,41.6439],[14.9534,41.6378],[14.9511,41.6359],[14.9496,41.6329],[14.9482,41.6307],[14.9413,41.6257],[14.938,41.624],[14.9357,41.6224],[14.9343,41.6205],[14.9352,41.6167],[14.9403,41.6123],[14.9426,41.6113],[14.947,41.6097],[14.9453,41.6017],[14.9457,41.5987],[14.9473,41.5962],[14.9496,41.594],[14.9478,41.5852],[14.9466,41.5823],[14.9485,41.5738],[14.9455,41.5633],[14.9446,41.5613],[14.9421,41.5589],[14.9383,41.5507],[14.9375,41.5476],[14.937,41.5439],[14.9368,41.5378],[14.937,41.5279],[14.9386,41.5252],[14.9405,41.5236],[14.9442,41.5221],[14.947,41.5217],[14.9539,41.5229],[14.9664,41.519],[14.97,41.5147],[14.9714,41.5132],[14.9801,41.5055],[14.9869,41.5007],[14.9894,41.5],[14.9961,41.4965],[14.9981,41.4952],[15.0026,41.4918],[15.0045,41.49],[15.0076,41.4864],[15.0052,41.4863],[15.0021,41.4853],[14.9905,41.4801],[14.9845,41.4741],[14.9823,41.4691],[14.9785,41.4689],[14.9673,41.466],[14.9579,41.4626],[14.951,41.4579],[14.9474,41.4563],[14.9304,41.4526],[14.9277,41.4522],[14.9204,41.4517],[14.9154,41.4517],[14.9117,41.452],[14.8991,41.4493],[14.8934,41.4478],[14.8911,41.4466],[14.8852,41.445],[14.8827,41.4437],[14.8808,41.4422],[14.8748,41.4364],[14.8746,41.4335],[14.8719,41.4319],[14.87,41.4304],[14.8686,41.4289],[14.8666,41.4272],[14.8646,41.4264],[14.8603,41.4264],[14.8572,41.425],[14.8459,41.4259],[14.8431,41.4266],[14.8244,41.4347],[14.8113,41.4427],[14.8093,41.4454],[14.8072,41.4469],[14.7997,41.4496],[14.7902,41.4526],[14.787,41.4526],[14.7849,41.4521],[14.7826,41.4511],[14.7791,41.4491],[14.7767,41.4474],[14.7743,41.4457],[14.7715,41.4422],[14.7712,41.4396],[14.7726,41.4366],[14.7725,41.4342],[14.7675,41.4276],[14.7651,41.4249],[14.7653,41.4208],[14.7647,41.4174],[14.7626,41.4169],[14.7585,41.4154],[14.7571,41.414],[14.7462,41.4085],[14.7173,41.4008],[14.7148,41.401],[14.7127,41.4015],[14.7066,41.4045],[14.705,41.4057],[14.6996,41.4108],[14.6911,41.4107],[14.6855,41.4113],[14.6714,41.4066],[14.6654,41.4001],[14.6658,41.3979],[14.6632,41.3944],[14.6609,41.3932],[14.6534,41.3976],[14.6506,41.3974],[14.6434,41.394],[14.6373,41.39],[14.6338,41.3874],[14.6314,41.3849],[14.6302,41.3832],[14.6295,41.381],[14.6288,41.3789],[14.6233,41.375],[14.6206,41.3732],[14.6146,41.3682],[14.603,41.364],[14.5983,41.3669],[14.5965,41.3679],[14.5918,41.3692],[14.5855,41.3711],[14.5844,41.3725],[14.5878,41.3737],[14.5889,41.3751],[14.5876,41.3783],[14.5862,41.3804],[14.577,41.3884],[14.5754,41.3897],[14.5725,41.3904],[14.5663,41.3921],[14.5605,41.3864],[14.5525,41.3797],[14.5343,41.3826],[14.532,41.3831],[14.5291,41.3841],[14.5246,41.3851],[14.5216,41.385],[14.5173,41.3837],[14.5103,41.3818],[14.5067,41.382],[14.5035,41.385],[14.4999,41.3881],[14.4972,41.3882],[14.4949,41.3888],[14.4928,41.3893],[14.4907,41.3899],[14.4886,41.3907],[14.4861,41.3951],[14.4849,41.3973],[14.4827,41.402],[14.4832,41.4048],[14.478,41.4102],[14.4805,41.4113],[14.4824,41.4136],[14.4812,41.4154],[14.4792,41.4174],[14.4773,41.419],[14.4699,41.4205],[14.4659,41.4198],[14.4566,41.4261],[14.4553,41.4278],[14.4481,41.4277],[14.4447,41.4271],[14.442,41.4268],[14.4386,41.4273],[14.4286,41.4289],[14.4263,41.4318],[14.4193,41.4351]]]},"properties":{"name":"Molise"}},{"type":"Feature","geometry":{"type":"MultiPolygon","coordinates":[[[[14.1253,41.5074],[14.132,41.5003],[14.1516,41.4827],[14.1574,41.4803],[14.1601,41.4796],[14.1647,41.4789],[14.1664,41.4894],[14.167,41.4932],[14.1682,41.4955],[14.1734,41.5004],[14.1751,41.4991],[14.1769,41.4975],[14.182,41.4967],[14.1877,41.4965],[14.1906,41.4978],[14.2022,41.4997],[14.2049,41.4999],[14.2112,41.4985],[14.2146,41.4975],[14.2279,41.498],[14.2323,41.4979],[14.2377,41.4976],[14.2407,41.4972],[14.2442,41.4915],[14.2467,41.4869],[14.2486,41.485],[14.2551,41.484],[14.261,41.4841],[14.2776,41.4858],[14.2816,41.4825],[14.2854,41.48],[14.2876,41.4795],[14.2902,41.4782],[14.2921,41.4763],[14.2899,41.4738],[14.2883,41.4728],[14.2843,41.4721],[14.2893,41.4695],[14.2924,41.4694],[14.2979,41.4687],[14.3047,41.4664],[14.3069,41.4654],[14.3091,41.4641],[14.3148,41.4602],[14.3272,41.4534],[14.3301,41.4534],[14.3326,41.4537],[14.3358,41.4542],[14.3383,41.4544],[14.3422,41.4541],[14.3475,41.4522],[14.3495,41.4514],[14.3511,41.4505],[14.3549,41.4494],[14.3591,41.4485],[14.3825,41.4433],[14.3879,41.4433],[14.3919,41.4419],[14.3943,41.4407],[14.396,41.4398],[14.3979,41.4387],[14.3998,41.4376],[14.4045,41.4381],[14.4125,41.4412],[14.4193,41.4351],[14.4263,41.4318],[14.4276,41.4291],[14.4386,41.4273],[14.442,41.4268],[14.4447,41.4271],[14.4481,41.4277],[14.454,41.4279],[14.456,41.4273],[14.4659,41.4198],[14.4691,41.4205],[14.4773,41.419],[14.4788,41.4178],[14.4812,41.4154],[14.4824,41.414],[14.4811,41.412],[14.4793,41.4108],[14.4832,41.4048],[14.4827,41.402],[14.4845,41.3981],[14.4861,41.3951],[14.4886,41.3907],[14.4907,41.3899],[14.4928,41.3893],[14.4949,41.3888],[14.4972,41.3882],[14.4999,41.3881],[14.5035,41.385],[14.5049,41.3826],[14.5083,41.3816],[14.5173,41.3837],[14.5211,41.3848],[14.5235,41.3853],[14.5284,41.3843],[14.5307,41.3835],[14.5343,41.3826],[14.5515,41.3794],[14.5602,41.3861],[14.5663,41.3921],[14.5725,41.3904],[14.5749,41.39],[14.577,41.3884],[14.5854,41.3812],[14.5869,41.3795],[14.5886,41.3766],[14.5884,41.3741],[14.5859,41.3731],[14.5845,41.372],[14.5918,41.3692],[14.5965,41.3679],[14.5983,41.3669],[14.603,41.364],[14.6146,41.3682],[14.6206,41.3732],[14.6233,41.375],[14.6285,41.3787],[14.6295,41.381],[14.6302,41.3832],[14.6314,41.3849],[14.6332,41.3869],[14.6373,41.39],[14.6434,41.394],[14.6506,41.3974],[14.6528,41.3978],[14.6609,41.3932],[14.6629,41.3941],[14.6654,41.3971],[14.6658,41.3995],[14.6714,41.4066],[14.6855,41.4113],[14.6911,41.4107],[14.6996,41.4108],[14.705,41.4057],[14.7066,41.4045],[14.7116,41.4019],[14.7136,41.4013],[14.7158,41.4008],[14.7462,41.4085],[14.7571,41.414],[14.7585,41.4154],[14.762,41.4167],[14.7647,41.4174],[14.7653,41.4208],[14.7651,41.4249],[14.7675,41.4276],[14.7718,41.4328],[14.7726,41.4352],[14.7721,41.4383],[14.7709,41.4404],[14.7737,41.4452],[14.7767,41.4474],[14.7791,41.4491],[14.7817,41.4506],[14.7838,41.4517],[14.7859,41.4524],[14.7885,41.4528],[14.7997,41.4496],[14.8056,41.4476],[14.8089,41.4459],[14.8113,41.4427],[14.8244,41.4347],[14.8431,41.4266],[14.8459,41.4259],[14.8557,41.4247],[14.8603,41.4264],[14.8637,41.4263],[14.8666,41.4272],[14.8682,41.4283],[14.8694,41.4298],[14.8714,41.4316],[14.8746,41.4335],[14.8746,41.4361],[14.8808,41.4422],[14.8827,41.4437],[14.8844,41.4448],[14.8911,41.4466],[14.8934,41.4478],[14.8991,41.4493],[14.9102,41.4517],[14.9133,41.4519],[14.9204,41.4517],[14.927,41.4522],[14.9294,41.4524],[14.9464,41.456],[14.951,41.4579],[14.9568,41.4618],[14.9673,41.466],[14.9767,41.4686],[14.9809,41.469],[14.9845,41.4741],[14.9905,41.4801],[15.0021,41.4853],[15.0041,41.486],[15.0076,41.4864],[15.0168,41.4806],[15.0197,41.4797],[15.0239,41.4769],[15.0273,41.4687],[15.0298,41.4605],[15.0299,41.4572],[15.0324,41.4527],[15.0369,41.4539],[15.0398,41.4552],[15.0431,41.4568],[15.044,41.4549],[15.0437,41.4519],[15.0428,41.4487],[15.0436,41.4462],[15.0468,41.4433],[15.0498,41.4434],[15.0525,41.4432],[15.0551,41.4428],[15.0632,41.4406],[15.0654,41.4395],[15.0672,41.4369],[15.0757,41.4329],[15.0801,41.4324],[15.0835,41.4324],[15.0957,41.4332],[15.0983,41.434],[15.1008,41.4297],[15.1033,41.4215],[15.101,41.4201],[15.0985,41.4194],[15.0958,41.419],[15.0923,41.4182],[15.0888,41.4142],[15.0869,41.4086],[15.0865,41.4046],[15.0879,41.4025],[15.0893,41.4011],[15.0912,41.3994],[15.0929,41.3984],[15.0949,41.3964],[15.0966,41.3938],[15.0983,41.3906],[15.092,41.3892],[15.0816,41.3877],[15.0723,41.3788],[15.0708,41.3774],[15.0619,41.3734],[15.0591,41.3723],[15.06,41.3691],[15.0608,41.3614],[15.0612,41.3576],[15.0642,41.3572],[15.0668,41.3528],[15.0683,41.3506],[15.0675,41.3476],[15.0667,41.3451],[15.067,41.3426],[15.0704,41.3357],[15.072,41.3327],[15.0747,41.3319],[15.0772,41.3312],[15.0798,41.3301],[15.0819,41.3292],[15.0844,41.3286],[15.0938,41.3288],[15.0963,41.3286],[15.0987,41.3281],[15.1007,41.3273],[15.1031,41.3259],[15.1054,41.3242],[15.1073,41.3227],[15.1095,41.3211],[15.1126,41.3193],[15.1239,41.3174],[15.1306,41.3172],[15.1303,41.3144],[15.1293,41.311],[15.1284,41.3087],[15.1274,41.3061],[15.1268,41.304],[15.1302,41.3013],[15.1334,41.2998],[15.1363,41.298],[15.1399,41.2928],[15.1388,41.2897],[15.1363,41.2872],[15.1465,41.2817],[15.1492,41.2804],[15.1502,41.2827],[15.1534,41.2834],[15.156,41.2832],[15.1583,41.2829],[15.1648,41.2832],[15.1717,41.284],[15.1759,41.2847],[15.1777,41.2854],[15.1812,41.2862],[15.1993,41.2864],[15.1992,41.2838],[15.1984,41.2819],[15.1997,41.2794],[15.204,41.2774],[15.2071,41.2768],[15.2101,41.2771],[15.2128,41.2774],[15.2157,41.2759],[15.2202,41.2659],[15.2233,41.2656],[15.2285,41.2664],[15.2312,41.269],[15.2331,41.2708],[15.2351,41.2722],[15.2379,41.2722],[15.2404,41.2715],[15.247,41.2714],[15.2498,41.2708],[15.2545,41.2679],[15.2564,41.2662],[15.2574,41.2647],[15.2598,41.2618],[15.2613,41.2601],[15.2667,41.2561],[15.2725,41.2518],[15.2751,41.2501],[15.2791,41.2428],[15.2798,41.2408],[15.2721,41.2391],[15.2663,41.2375],[15.2623,41.237],[15.2595,41.2374],[15.2574,41.2385],[15.2532,41.2388],[15.2508,41.2382],[15.2462,41.2361],[15.2454,41.2274],[15.2461,41.224],[15.249,41.2177],[15.2509,41.2157],[15.2596,41.2047],[15.2613,41.2026],[15.2623,41.201],[15.2626,41.1987],[15.2592,41.1977],[15.238,41.1897],[15.2283,41.1853],[15.2235,41.1819],[15.2211,41.1777],[15.2143,41.1701],[15.2116,41.1691],[15.2095,41.1679],[15.2085,41.1559],[15.209,41.1527],[15.2101,41.1497],[15.2157,41.1452],[15.2176,41.1441],[15.2203,41.1429],[15.2295,41.1405],[15.2357,41.1399],[15.2541,41.1209],[15.2568,41.1174],[15.2589,41.1168],[15.2633,41.1148],[15.2636,41.1125],[15.2643,41.1053],[15.2666,41.1067],[15.2813,41.0993],[15.2826,41.0973],[15.2879,41.097],[15.2899,41.0962],[15.2917,41.0935],[15.2979,41.0933],[15.3093,41.1002],[15.3109,41.1013],[15.3144,41.1039],[15.3198,41.1],[15.3237,41.0999],[15.3279,41.0984],[15.33,41.0972],[15.3319,41.0964],[15.3379,41.0952],[15.3429,41.0953],[15.3454,41.0957],[15.3516,41.0948],[15.3557,41.0912],[15.3577,41.0886],[15.3637,41.0857],[15.3664,41.0849],[15.3699,41.0859],[15.3824,41.0927],[15.386,41.0959],[15.3923,41.1008],[15.3948,41.1034],[15.3964,41.1068],[15.4013,41.106],[15.4093,41.1005],[15.4275,41.0928],[15.4427,41.0804],[15.4444,41.0788],[15.4512,41.0765],[15.4598,41.076],[15.4629,41.0763],[15.465,41.0772],[15.4677,41.0778],[15.4783,41.0787],[15.4789,41.0766],[15.4895,41.07],[15.5137,41.0628],[15.5285,41.058],[15.5417,41.0557],[15.5463,41.0529],[15.5492,41.0476],[15.5499,41.044],[15.5509,41.0399],[15.5523,41.0381],[15.5545,41.0376],[15.563,41.0312],[15.561,41.0267],[15.5592,41.0244],[15.5584,41.0226],[15.5596,41.017],[15.5617,41.0157],[15.5649,41.0141],[15.5664,41.0125],[15.572,40.9989],[15.5723,40.9967],[15.5712,40.9947],[15.5697,40.993],[15.5685,40.9909],[15.5681,40.9847],[15.5689,40.9824],[15.5695,40.98],[15.567,40.9701],[15.5663,40.9682],[15.5638,40.9661],[15.5617,40.9637],[15.5597,40.9618],[15.5535,40.9566],[15.5504,40.9546],[15.5484,40.9536],[15.5423,40.9464],[15.5425,40.944],[15.5393,40.9318],[15.5344,40.9244],[15.5346,40.9208],[15.5336,40.9191],[15.5322,40.918],[15.5304,40.9163],[15.5287,40.9142],[15.5286,40.9117],[15.5282,40.9095],[15.5272,40.9078],[15.5128,40.9048],[15.5022,40.9015],[15.4999,40.8999],[15.4979,40.8991],[15.495,40.8982],[15.4877,40.8966],[15.4699,40.8905],[15.4676,40.8896],[15.4675,40.8869],[15.4693,40.8793],[15.4728,40.8753],[15.4679,40.8721],[15.4645,40.8695],[15.4613,40.8673],[15.458,40.8673],[15.4544,40.868],[15.4527,40.8692],[15.4517,40.8709],[15.4506,40.8725],[15.4453,40.8764],[15.4434,40.8772],[15.4299,40.8796],[15.4157,40.8812],[15.4132,40.8814],[15.4051,40.8808],[15.4032,40.8815],[15.4012,40.8808],[15.4014,40.8783],[15.3979,40.8773],[15.3897,40.8758],[15.3864,40.8759],[15.384,40.8763],[15.3762,40.8838],[15.3752,40.8858],[15.3563,40.8834],[15.3542,40.8827],[15.3535,40.8758],[15.3542,40.873],[15.3552,40.8709],[15.357,40.8701],[15.359,40.8713],[15.3651,40.872],[15.3682,40.8717],[15.3784,40.8677],[15.3758,40.8635],[15.3752,40.8595],[15.3764,40.846],[15.3782,40.8412],[15.3777,40.8364],[15.375,40.8351],[15.3707,40.8361],[15.3641,40.8383],[15.3617,40.8391],[15.3551,40.8382],[15.3509,40.8367],[15.3478,40.8362],[15.3449,40.8362],[15.335,40.8349],[15.3389,40.8304],[15.3406,40.8289],[15.3439,40.8288],[15.3466,40.8286],[15.3489,40.8275],[15.3521,40.8253],[15.3536,40.8242],[15.3567,40.8209],[15.3636,40.8146],[15.3665,40.8121],[15.3696,40.8123],[15.3736,40.8131],[15.378,40.8125],[15.3805,40.811],[15.3795,40.8067],[15.3773,40.8057],[15.3702,40.8024],[15.3661,40.8005],[15.3666,40.7983],[15.3706,40.7964],[15.3727,40.7958],[15.3779,40.7947],[15.3804,40.7953],[15.3861,40.7972],[15.3883,40.7954],[15.3867,40.7929],[15.3856,40.7915],[15.3807,40.7814],[15.3808,40.7787],[15.3883,40.7702],[15.3911,40.7672],[15.385,40.7647],[15.3802,40.7548],[15.3791,40.7513],[15.3796,40.7445],[15.3811,40.7381],[15.3827,40.7364],[15.3834,40.7343],[15.3834,40.7302],[15.3824,40.7281],[15.3809,40.7269],[15.3815,40.7242],[15.3835,40.7229],[15.3857,40.7218],[15.3939,40.7172],[15.3973,40.7165],[15.4014,40.7161],[15.4064,40.7145],[15.4091,40.713],[15.4108,40.7118],[15.4147,40.706],[15.4251,40.6957],[15.4289,40.6926],[15.4461,40.6871],[15.4548,40.681],[15.4566,40.6793],[15.4583,40.6784],[15.47,40.6732],[15.4829,40.6727],[15.4872,40.6728],[15.4891,40.6664],[15.4926,40.664],[15.4951,40.6644],[15.5,40.6656],[15.502,40.665],[15.5035,40.6638],[15.5013,40.6557],[15.4985,40.6525],[15.4921,40.6475],[15.4831,40.6435],[15.4795,40.6423],[15.4768,40.6416],[15.4727,40.6406],[15.4678,40.6392],[15.4666,40.6376],[15.4659,40.6348],[15.4653,40.6309],[15.4634,40.6272],[15.4589,40.6237],[15.4572,40.6223],[15.4562,40.6187],[15.4535,40.6132],[15.4518,40.6109],[15.4495,40.6091],[15.4522,40.6072],[15.4598,40.6047],[15.4654,40.6012],[15.4691,40.5978],[15.4722,40.5934],[15.474,40.5927],[15.4855,40.5937],[15.4892,40.5881],[15.4909,40.5868],[15.4965,40.5861],[15.4993,40.5857],[15.5022,40.5859],[15.5044,40.5867],[15.5085,40.5865],[15.5123,40.584],[15.5158,40.5794],[15.5144,40.5777],[15.5139,40.5751],[15.5199,40.5705],[15.5227,40.5703],[15.5258,40.5711],[15.5307,40.5727],[15.5393,40.5681],[15.535,40.5659],[15.5266,40.5573],[15.5287,40.5564],[15.5308,40.5559],[15.5361,40.5476],[15.5381,40.5415],[15.5371,40.5387],[15.5357,40.5366],[15.5377,40.5345],[15.542,40.5324],[15.5453,40.5317],[15.5397,40.5236],[15.5353,40.5223],[15.5398,40.5178],[15.5439,40.5149],[15.549,40.5113],[15.5505,40.5092],[15.548,40.507],[15.5459,40.5055],[15.544,40.5044],[15.5408,40.503],[15.5386,40.5021],[15.5366,40.5011],[15.5352,40.4996],[15.5363,40.497],[15.5381,40.4953],[15.5396,40.4927],[15.5389,40.4881],[15.548,40.4836],[15.5557,40.4782],[15.5612,40.4768],[15.5636,40.4766],[15.5664,40.4768],[15.5779,40.4695],[15.5793,40.4656],[15.579,40.4633],[15.5833,40.4553],[15.5866,40.452],[15.5918,40.446],[15.5867,40.4436],[15.5936,40.4413],[15.5995,40.4379],[15.6044,40.4343],[15.6086,40.4335],[15.6263,40.4262],[15.6295,40.4246],[15.6337,40.4223],[15.6351,40.4204],[15.6376,40.4175],[15.6403,40.4155],[15.648,40.414],[15.6489,40.4116],[15.6504,40.4083],[15.6606,40.394],[15.6627,40.3925],[15.6716,40.3979],[15.6811,40.3934],[15.6829,40.3927],[15.6992,40.3839],[15.7099,40.3775],[15.7095,40.3699],[15.7084,40.3681],[15.7054,40.3648],[15.7043,40.3592],[15.7045,40.344],[15.7053,40.3413],[15.7089,40.3366],[15.7181,40.3286],[15.7198,40.3271],[15.721,40.3245],[15.7255,40.3225],[15.7282,40.3225],[15.7308,40.3222],[15.7291,40.3195],[15.7273,40.3176],[15.7269,40.3154],[15.7395,40.3042],[15.7416,40.3024],[15.7438,40.3008],[15.7476,40.2992],[15.7504,40.2987],[15.7543,40.2997],[15.765,40.2984],[15.7783,40.2927],[15.7923,40.2898],[15.7939,40.2881],[15.7945,40.2858],[15.7972,40.2813],[15.7991,40.2794],[15.8017,40.2789],[15.8049,40.2756],[15.8061,40.2738],[15.805,40.2721],[15.8009,40.2702],[15.7996,40.2678],[15.7995,40.2591],[15.8003,40.2567],[15.8017,40.2553],[15.8034,40.2539],[15.8054,40.2514],[15.7959,40.2457],[15.7933,40.2446],[15.7907,40.2441],[15.7874,40.2366],[15.7896,40.2306],[15.7941,40.2266],[15.7968,40.2251],[15.7964,40.2228],[15.7952,40.2214],[15.7915,40.2182],[15.7895,40.2175],[15.787,40.2182],[15.7741,40.2173],[15.7675,40.2142],[15.7662,40.2119],[15.7512,40.2018],[15.7404,40.2024],[15.7359,40.2022],[15.7313,40.1993],[15.7324,40.1969],[15.7301,40.187],[15.7183,40.1827],[15.7125,40.1784],[15.715,40.1741],[15.7164,40.1704],[15.7155,40.1684],[15.7101,40.1653],[15.7059,40.1631],[15.7023,40.1617],[15.7009,40.1598],[15.7005,40.1575],[15.7015,40.1532],[15.7044,40.149],[15.7062,40.1478],[15.7081,40.1432],[15.7089,40.141],[15.7094,40.1386],[15.7089,40.1363],[15.7061,40.1355],[15.7032,40.1218],[15.7038,40.1193],[15.7058,40.1177],[15.6966,40.1064],[15.6916,40.1018],[15.69,40.0997],[15.6878,40.0954],[15.683,40.0895],[15.677,40.0845],[15.6723,40.0823],[15.6691,40.0812],[15.6626,40.0795],[15.6594,40.0797],[15.6571,40.0805],[15.6543,40.0803],[15.6522,40.0794],[15.6533,40.0778],[15.6661,40.0741],[15.6686,40.0733],[15.6719,40.0703],[15.6758,40.0642],[15.6764,40.0568],[15.6753,40.0549],[15.6724,40.0546],[15.6698,40.0535],[15.6679,40.0519],[15.6663,40.0507],[15.6628,40.0493],[15.6574,40.0472],[15.6555,40.0465],[15.6472,40.0447],[15.6453,40.043],[15.6433,40.0437],[15.6308,40.0532],[15.6268,40.0563],[15.626,40.0584],[15.6269,40.0622],[15.6325,40.0674],[15.632,40.0696],[15.6301,40.0718],[15.6273,40.0734],[15.6255,40.0741],[15.6229,40.0739],[15.6218,40.0718],[15.6193,40.0695],[15.6175,40.0687],[15.6148,40.069],[15.6132,40.0703],[15.6112,40.0712],[15.6072,40.0728],[15.605,40.0736],[15.603,40.0742],[15.6004,40.0746],[15.5814,40.077],[15.5752,40.0779],[15.573,40.0783],[15.5556,40.0759],[15.5388,40.0742],[15.5327,40.0738],[15.5215,40.0715],[15.5147,40.0692],[15.5033,40.0641],[15.5019,40.0607],[15.4949,40.0554],[15.4922,40.0529],[15.4885,40.0473],[15.4872,40.0443],[15.4851,40.0396],[15.4833,40.0386],[15.4807,40.0396],[15.4789,40.0403],[15.4754,40.0398],[15.4631,40.035],[15.4601,40.0337],[15.4582,40.0314],[15.4515,40.0248],[15.4455,40.0196],[15.4427,40.0177],[15.4314,40.0063],[15.4286,40.0004],[15.4274,39.9973],[15.4262,39.9956],[15.4209,39.9912],[15.4186,39.9906],[15.4114,39.9932],[15.4058,39.9949],[15.3836,40.0002],[15.3812,40.0008],[15.3758,40.0006],[15.3626,39.9996],[15.3594,39.9988],[15.3569,39.9991],[15.3421,40.0052],[15.3368,40.0098],[15.3355,40.0111],[15.334,40.0129],[15.3326,40.0146],[15.331,40.0166],[15.329,40.0191],[15.3276,40.0208],[15.3257,40.0229],[15.3235,40.0253],[15.3217,40.0271],[15.32,40.0286],[15.3183,40.03],[15.3162,40.0314],[15.3108,40.0322],[15.3091,40.0314],[15.3035,40.0298],[15.2926,40.0247],[15.2913,40.0234],[15.2879,40.023],[15.2842,40.0227],[15.2738,40.0229],[15.2709,40.023],[15.2675,40.0249],[15.2677,40.0291],[15.2679,40.0315],[15.2728,40.0325],[15.2748,40.0318],[15.2769,40.0297],[15.2798,40.03],[15.2843,40.0336],[15.2853,40.0353],[15.2851,40.0412],[15.2824,40.0531],[15.2816,40.0555],[15.2797,40.06],[15.2785,40.0623],[15.2762,40.0668],[15.2735,40.0712],[15.2718,40.0735],[15.2634,40.0823],[15.2529,40.0874],[15.2509,40.088],[15.2461,40.0895],[15.2394,40.0933],[15.2314,40.1004],[15.221,40.1099],[15.211,40.1194],[15.2091,40.1212],[15.2068,40.1228],[15.2052,40.1237],[15.2001,40.1248],[15.1929,40.1246],[15.1788,40.1273],[15.1762,40.1304],[15.17,40.137],[15.1661,40.1409],[15.1563,40.1503],[15.1489,40.1575],[15.1465,40.1598],[15.1444,40.1617],[15.1392,40.1662],[15.135,40.1694],[15.1329,40.171],[15.1274,40.1738],[15.121,40.1764],[15.1179,40.1773],[15.1128,40.1771],[15.1054,40.1754],[15.1033,40.1748],[15.1013,40.1737],[15.099,40.1731],[15.0946,40.1735],[15.0921,40.174],[15.0866,40.1738],[15.0821,40.1721],[15.0798,40.1705],[15.0757,40.168],[15.0706,40.1658],[15.0664,40.1645],[15.0633,40.1656],[15.0595,40.1679],[15.0571,40.1695],[15.0541,40.1709],[15.0513,40.1711],[15.0479,40.1706],[15.0449,40.1697],[15.0424,40.1698],[15.04,40.1705],[15.0363,40.1725],[15.0342,40.174],[15.03,40.1774],[15.0245,40.1823],[15.0232,40.186],[15.0202,40.1913],[15.0164,40.1967],[15.0118,40.2021],[15.0097,40.2042],[15.0063,40.2071],[15.0028,40.2079],[15.0007,40.2087],[15.0002,40.2108],[14.9985,40.213],[14.9933,40.2172],[14.9917,40.2184],[14.9894,40.2194],[14.9862,40.2203],[14.9759,40.2201],[14.9732,40.2207],[14.969,40.2219],[14.9669,40.224],[14.9657,40.2255],[14.9621,40.2284],[14.9593,40.23],[14.9564,40.2314],[14.9543,40.2324],[14.9521,40.2332],[14.949,40.2337],[14.9417,40.2336],[14.9394,40.233],[14.9376,40.2316],[14.9369,40.2298],[14.9353,40.2286],[14.9331,40.2293],[14.9254,40.2322],[14.909,40.2433],[14.9056,40.2516],[14.9065,40.254],[14.9237,40.2637],[14.9324,40.267],[14.9348,40.2681],[14.9369,40.2697],[14.9429,40.2749],[14.9449,40.2798],[14.9456,40.2829],[14.947,40.2953],[14.9467,40.302],[14.9463,40.3061],[14.9458,40.3093],[14.945,40.3119],[14.9442,40.3137],[14.9393,40.3193],[14.9427,40.3309],[14.9448,40.3356],[14.9459,40.337],[14.9535,40.3379],[14.9554,40.3398],[14.96,40.3406],[14.9623,40.3409],[14.9645,40.34],[14.967,40.34],[14.9697,40.3411],[14.9714,40.3429],[14.9722,40.3446],[14.9731,40.3468],[14.9789,40.3521],[14.982,40.3544],[14.9794,40.352],[14.9808,40.3507],[14.9936,40.3536],[14.9973,40.3569],[14.9986,40.359],[14.9997,40.363],[15.0013,40.3763],[15.001,40.3791],[15.0007,40.382],[15,40.3854],[14.9991,40.3897],[14.9979,40.393],[14.9971,40.3954],[14.9958,40.3987],[14.9951,40.4007],[14.9898,40.4116],[14.9884,40.4142],[14.9818,40.4265],[14.9809,40.4281],[14.9726,40.4406],[14.9673,40.4478],[14.9661,40.4495],[14.9619,40.455],[14.9604,40.457],[14.958,40.4599],[14.9565,40.4617],[14.9536,40.4657],[14.9462,40.4761],[14.9429,40.4811],[14.9405,40.4847],[14.9393,40.4864],[14.9368,40.4905],[14.9356,40.4924],[14.9336,40.4962],[14.9306,40.5019],[14.9297,40.5036],[14.9267,40.5095],[14.9233,40.5164],[14.9208,40.5212],[14.9168,40.5289],[14.9094,40.5423],[14.9085,40.5439],[14.9068,40.5469],[14.9042,40.551],[14.9026,40.5535],[14.8971,40.5616],[14.8934,40.5666],[14.8921,40.5683],[14.8873,40.5744],[14.8828,40.58],[14.8761,40.588],[14.8738,40.5908],[14.8722,40.5927],[14.8695,40.5957],[14.8647,40.601],[14.8629,40.6029],[14.8599,40.6063],[14.8585,40.6078],[14.8544,40.6118],[14.8485,40.6175],[14.8457,40.6202],[14.8392,40.626],[14.8347,40.6302],[14.8328,40.6319],[14.8217,40.6416],[14.8192,40.6437],[14.8126,40.6488],[14.8086,40.6519],[14.8046,40.6549],[14.8019,40.6568],[14.7984,40.6593],[14.7959,40.661],[14.7889,40.6653],[14.7848,40.6674],[14.781,40.6693],[14.7758,40.6717],[14.7716,40.6734],[14.7582,40.6777],[14.7521,40.6753],[14.7549,40.6721],[14.7528,40.6737],[14.7511,40.6755],[14.7491,40.6775],[14.7432,40.6757],[14.7447,40.6724],[14.7418,40.6694],[14.7347,40.6706],[14.7194,40.6669],[14.7138,40.6626],[14.7097,40.6569],[14.7021,40.646],[14.6995,40.6446],[14.6981,40.6423],[14.6969,40.6393],[14.6917,40.6343],[14.6883,40.6336],[14.6807,40.6328],[14.6781,40.6331],[14.6753,40.634],[14.6668,40.6371],[14.6616,40.6399],[14.6581,40.6413],[14.6421,40.6473],[14.6385,40.6484],[14.6341,40.649],[14.6249,40.6479],[14.6201,40.6461],[14.6135,40.6392],[14.6103,40.6363],[14.6079,40.6344],[14.6002,40.6334],[14.5959,40.6314],[14.5846,40.6248],[14.5819,40.6219],[14.5769,40.6183],[14.5766,40.6143],[14.5737,40.6123],[14.5719,40.6114],[14.5729,40.6131],[14.5717,40.6147],[14.5699,40.6156],[14.5597,40.6151],[14.5545,40.6137],[14.5393,40.6133],[14.5365,40.6113],[14.5296,40.6072],[14.5263,40.6078],[14.5235,40.6086],[14.5202,40.6108],[14.5154,40.6173],[14.5109,40.62],[14.5028,40.6224],[14.4975,40.6255],[14.4958,40.6266],[14.4866,40.6276],[14.4808,40.6261],[14.4699,40.6209],[14.4685,40.6197],[14.4668,40.6188],[14.4639,40.618],[14.4595,40.619],[14.4568,40.6197],[14.4517,40.6193],[14.4486,40.6178],[14.4419,40.6161],[14.4396,40.6148],[14.4379,40.6128],[14.4334,40.612],[14.4223,40.6105],[14.4189,40.6103],[14.4172,40.607],[14.408,40.5996],[14.4031,40.5985],[14.4008,40.5974],[14.3952,40.595],[14.3927,40.5948],[14.3843,40.5919],[14.3688,40.5873],[14.3556,40.5831],[14.3523,40.5821],[14.3403,40.5771],[14.3294,40.5714],[14.325,40.5691],[14.3234,40.5703],[14.3204,40.5878],[14.3223,40.5898],[14.3249,40.5906],[14.3336,40.608],[14.3362,40.6101],[14.3408,40.6167],[14.3418,40.6185],[14.3408,40.6205],[14.3397,40.6222],[14.3385,40.6261],[14.3394,40.6282],[14.3412,40.6272],[14.3468,40.627],[14.3475,40.6295],[14.349,40.6335],[14.3513,40.6345],[14.3554,40.6325],[14.3645,40.6277],[14.3704,40.6278],[14.3776,40.6289],[14.3868,40.6326],[14.3974,40.6376],[14.3997,40.638],[14.4043,40.6441],[14.408,40.6516],[14.406,40.6525],[14.4041,40.655],[14.4082,40.6592],[14.4125,40.6599],[14.415,40.6597],[14.4178,40.6597],[14.4296,40.6657],[14.4352,40.6723],[14.4355,40.6747],[14.4371,40.6793],[14.4386,40.6814],[14.4404,40.6828],[14.4455,40.6857],[14.448,40.6874],[14.451,40.6886],[14.4713,40.6958],[14.4705,40.6931],[14.4737,40.6915],[14.4761,40.6931],[14.4783,40.6953],[14.4815,40.7],[14.4819,40.7032],[14.4804,40.7088],[14.4796,40.7109],[14.478,40.7146],[14.4759,40.7189],[14.4742,40.7222],[14.473,40.7244],[14.4705,40.7288],[14.4673,40.7343],[14.4662,40.736],[14.4642,40.7388],[14.4618,40.7417],[14.4606,40.743],[14.457,40.7468],[14.4471,40.7547],[14.4359,40.7551],[14.4255,40.7514],[14.4135,40.7523],[14.4103,40.7535],[14.3986,40.758],[14.3955,40.7594],[14.3913,40.7634],[14.3792,40.7739],[14.3632,40.7866],[14.3601,40.7857],[14.357,40.7915],[14.3512,40.7942],[14.3481,40.7975],[14.3462,40.7993],[14.3396,40.8047],[14.3356,40.8059],[14.3333,40.809],[14.3355,40.8086],[14.3341,40.812],[14.3326,40.8136],[14.3247,40.8193],[14.3225,40.8208],[14.3197,40.8214],[14.3183,40.8237],[14.3164,40.8251],[14.3051,40.8316],[14.2924,40.8377],[14.2871,40.8399],[14.2747,40.8445],[14.2648,40.8447],[14.2622,40.8438],[14.2607,40.8428],[14.2588,40.8414],[14.2521,40.8363],[14.2336,40.8321],[14.2296,40.8317],[14.2269,40.8311],[14.2249,40.8301],[14.2232,40.8292],[14.2213,40.8279],[14.2215,40.8255],[14.2245,40.8265],[14.2163,40.822],[14.211,40.8167],[14.2081,40.8123],[14.2061,40.8091],[14.2052,40.8074],[14.2064,40.803],[14.2075,40.8011],[14.1873,40.7923],[14.1838,40.794],[14.1816,40.796],[14.1745,40.7992],[14.1721,40.7986],[14.1675,40.7965],[14.165,40.7935],[14.1617,40.7928],[14.1599,40.7941],[14.1597,40.7972],[14.1638,40.7984],[14.1681,40.7972],[14.1704,40.798],[14.1724,40.7991],[14.1733,40.8019],[14.1726,40.8058],[14.1657,40.8113],[14.1592,40.808],[14.1656,40.8114],[14.1623,40.8152],[14.1592,40.8169],[14.157,40.8178],[14.1333,40.8202],[14.1208,40.8206],[14.1197,40.8241],[14.1188,40.826],[14.1174,40.8277],[14.1155,40.8288],[14.1132,40.8298],[14.1077,40.8316],[14.1048,40.8317],[14.1001,40.8315],[14.09,40.8308],[14.0873,40.8303],[14.0837,40.8288],[14.0791,40.8265],[14.0775,40.8255],[14.0738,40.8219],[14.0724,40.8204],[14.0717,40.8178],[14.076,40.8145],[14.08,40.8128],[14.0819,40.8118],[14.0821,40.8055],[14.0848,40.7934],[14.0881,40.7863],[14.0897,40.785],[14.0902,40.7796],[14.0895,40.7778],[14.0864,40.7794],[14.0841,40.7848],[14.0821,40.786],[14.0778,40.7873],[14.0695,40.7885],[14.0655,40.7887],[14.0607,40.7877],[14.0523,40.7888],[14.0479,40.7895],[14.0417,40.7911],[14.0429,40.803],[14.0445,40.8094],[14.046,40.8142],[14.0474,40.8244],[14.0479,40.8324],[14.048,40.8356],[14.0477,40.8443],[14.0475,40.8472],[14.0456,40.8608],[14.0448,40.8648],[14.0427,40.8721],[14.042,40.8745],[14.0409,40.8779],[14.0326,40.899],[14.0268,40.9105],[14.021,40.9206],[14.0169,40.9269],[14.0115,40.9352],[14.0026,40.9483],[13.9993,40.9531],[13.9967,40.9563],[13.978,40.9766],[13.9762,40.9781],[13.9691,40.983],[13.9611,40.9914],[13.9547,40.9976],[13.9465,41.005],[13.9394,41.0113],[13.926,41.0245],[13.9225,41.0265],[13.9184,41.0364],[13.9186,41.0393],[13.9096,41.0602],[13.9076,41.0648],[13.9059,41.0684],[13.9051,41.0701],[13.9022,41.0754],[13.9002,41.0802],[13.8969,41.0861],[13.8936,41.0915],[13.8906,41.0961],[13.8893,41.098],[13.8881,41.0995],[13.8858,41.1023],[13.8833,41.1052],[13.8786,41.1106],[13.8762,41.1132],[13.8739,41.1156],[13.8706,41.1191],[13.858,41.1339],[13.8534,41.1395],[13.8519,41.141],[13.8464,41.1478],[13.8426,41.1527],[13.8404,41.1561],[13.8394,41.1578],[13.8357,41.1628],[13.8344,41.1643],[13.8315,41.1676],[13.8266,41.1725],[13.8242,41.1749],[13.8201,41.1785],[13.8139,41.1845],[13.8114,41.1861],[13.8059,41.1908],[13.8041,41.1923],[13.796,41.1987],[13.7944,41.2],[13.7887,41.2043],[13.7848,41.2072],[13.7817,41.2094],[13.7748,41.214],[13.7621,41.2226],[13.7636,41.2246],[13.7648,41.2262],[13.7658,41.2279],[13.7694,41.2341],[13.7704,41.2376],[13.7708,41.2401],[13.772,41.2421],[13.7805,41.2425],[13.7891,41.2434],[13.7906,41.2446],[13.8017,41.246],[13.8081,41.2449],[13.8159,41.2436],[13.8308,41.2502],[13.8335,41.2522],[13.8383,41.2593],[13.8401,41.2625],[13.8349,41.2665],[13.8276,41.2775],[13.8281,41.2807],[13.8325,41.282],[13.8511,41.2896],[13.8562,41.2908],[13.8665,41.2922],[13.8745,41.2915],[13.8773,41.2908],[13.8823,41.2909],[13.8867,41.2936],[13.8897,41.2975],[13.8947,41.3105],[13.8927,41.3148],[13.8878,41.3196],[13.8868,41.3213],[13.8851,41.3235],[13.8827,41.3251],[13.8807,41.3267],[13.8785,41.3288],[13.8737,41.3356],[13.8734,41.338],[13.8766,41.3388],[13.8779,41.3401],[13.8777,41.3431],[13.8768,41.345],[13.8733,41.3485],[13.8708,41.3571],[13.8736,41.3747],[13.8763,41.3786],[13.8777,41.3801],[13.8822,41.3827],[13.8853,41.3836],[13.885,41.3863],[13.8802,41.3897],[13.8763,41.394],[13.8756,41.3961],[13.8713,41.4038],[13.8693,41.405],[13.863,41.4095],[13.8612,41.4166],[13.8751,41.4264],[13.8853,41.4273],[13.8873,41.4267],[13.8892,41.4257],[13.8917,41.4246],[13.9007,41.4258],[13.9048,41.4264],[13.9083,41.4286],[13.9109,41.4287],[13.9136,41.4332],[13.9247,41.4371],[13.9312,41.4402],[13.9338,41.4427],[13.9445,41.4505],[13.9527,41.4553],[13.9608,41.4636],[13.9631,41.4641],[13.9657,41.4641],[13.9779,41.4625],[13.9798,41.461],[13.9853,41.4581],[13.9877,41.4574],[13.9952,41.4558],[14.0014,41.4541],[14.0058,41.4528],[14.0077,41.4508],[14.0087,41.4481],[14.0092,41.4456],[14.0086,41.4419],[14.008,41.4396],[14.0049,41.4346],[14.0035,41.4332],[14.0021,41.4318],[14.005,41.425],[14.0076,41.4241],[14.0121,41.4237],[14.0154,41.4242],[14.0177,41.4234],[14.0231,41.4182],[14.0258,41.4174],[14.0294,41.4131],[14.0295,41.4102],[14.0287,41.4084],[14.039,41.3956],[14.0413,41.3936],[14.0534,41.3964],[14.0606,41.398],[14.0732,41.3983],[14.0821,41.4],[14.0848,41.4],[14.0873,41.3991],[14.0894,41.3982],[14.0911,41.3965],[14.0919,41.3948],[14.0931,41.3928],[14.0949,41.3908],[14.1114,41.3864],[14.1137,41.3887],[14.113,41.3913],[14.1081,41.3996],[14.1061,41.401],[14.1038,41.4018],[14.1033,41.4043],[14.1048,41.4107],[14.1071,41.4159],[14.1061,41.4212],[14.1052,41.4233],[14.1015,41.4248],[14.0843,41.4396],[14.0793,41.4449],[14.0784,41.4465],[14.0868,41.4597],[14.0858,41.4625],[14.0824,41.4655],[14.0864,41.4673],[14.0927,41.4707],[14.0967,41.4733],[14.0951,41.4748],[14.0964,41.4768],[14.0998,41.4813],[14.1034,41.4837],[14.1079,41.4855],[14.1184,41.4966],[14.1188,41.5016],[14.1185,41.5039],[14.1195,41.5065],[14.1226,41.5073],[14.1253,41.5074]]],[[[14.2311,40.5417],[14.2079,40.5384],[14.2026,40.5374],[14.1979,40.5368],[14.1968,40.5494],[14.1982,40.5594],[14.1995,40.5608],[14.2117,40.5619],[14.217,40.5611],[14.2225,40.5609],[14.2316,40.5595],[14.2341,40.5588],[14.2363,40.5578],[14.24,40.5559],[14.2439,40.5558],[14.2523,40.5565],[14.2538,40.5579],[14.2554,40.559],[14.2573,40.5602],[14.2592,40.5611],[14.2626,40.561],[14.2662,40.5568],[14.2646,40.5536],[14.2595,40.5469],[14.2534,40.5419],[14.2486,40.545],[14.2446,40.5466],[14.2421,40.5463],[14.2345,40.5449],[14.2318,40.5434],[14.2311,40.5417]]],[[[13.9542,40.7073],[13.9554,40.7059],[13.9557,40.7022],[13.9542,40.7008],[13.9526,40.7018],[13.9487,40.7051],[13.941,40.7065],[13.937,40.7062],[13.9335,40.7046],[13.9316,40.7033],[13.9304,40.7013],[13.9235,40.6974],[13.9209,40.6974],[13.919,40.6983],[13.9166,40.6994],[13.9101,40.7012],[13.9052,40.7018],[13.902,40.7016],[13.8986,40.7011],[13.8968,40.7],[13.8945,40.6993],[13.8912,40.6992],[13.8877,40.7004],[13.8815,40.7],[13.8747,40.6972],[13.8616,40.7033],[13.8569,40.7061],[13.8513,40.7105],[13.8523,40.7125],[13.8554,40.7141],[13.8577,40.7149],[13.8601,40.7153],[13.8612,40.7174],[13.8609,40.723],[13.8596,40.7262],[13.8577,40.7292],[13.8586,40.7381],[13.861,40.7386],[13.8636,40.7409],[13.865,40.743],[13.8685,40.7515],[13.8672,40.753],[13.8648,40.7535],[13.8624,40.7564],[13.8655,40.7594],[13.8709,40.7615],[13.8771,40.7569],[13.8833,40.7596],[13.8855,40.7548],[13.8872,40.7536],[13.8901,40.7526],[13.8975,40.7512],[13.9099,40.7524],[13.9075,40.7514],[13.9058,40.7495],[13.9078,40.7489],[13.9144,40.7493],[13.9241,40.7499],[13.928,40.7475],[13.9302,40.7463],[13.941,40.7466],[13.938,40.7454],[13.939,40.7438],[13.9407,40.7429],[13.9425,40.7451],[13.9459,40.7444],[13.9525,40.7426],[13.9545,40.7416],[13.959,40.7289],[13.962,40.7222],[13.9643,40.7197],[13.965,40.7179],[13.9653,40.7127],[13.9631,40.7106],[13.9584,40.711],[13.9545,40.709],[13.9542,40.7073]]],[[[14.2532,40.5398],[14.2522,40.5394],[14.252,40.5394],[14.2517,40.5394],[14.2517,40.5395],[14.2526,40.5403],[14.2527,40.5404],[14.2528,40.5404],[14.2531,40.5405],[14.2533,40.5406],[14.2534,40.5406],[14.2535,40.5405],[14.2538,40.5403],[14.2539,40.5402],[14.2537,40.5401],[14.2532,40.5398]]],[[[14.2524,40.5405],[14.2522,40.5404],[14.2522,40.5405],[14.252,40.5406],[14.2524,40.541],[14.2528,40.5413],[14.2529,40.5413],[14.2531,40.5412],[14.2533,40.5411],[14.2533,40.5407],[14.2533,40.5407],[14.2532,40.5406],[14.2529,40.5405],[14.2524,40.5405]]],[[[14.2566,40.5429],[14.2564,40.5429],[14.2562,40.5429],[14.256,40.543],[14.2564,40.5438],[14.2565,40.544],[14.2566,40.544],[14.2567,40.544],[14.2568,40.5439],[14.257,40.5438],[14.2571,40.5438],[14.2571,40.5437],[14.2571,40.5437],[14.2569,40.5432],[14.2568,40.543],[14.2566,40.5429]]],[[[14.3769,40.5872],[14.3758,40.5887],[14.3776,40.5878],[14.3769,40.5872]]],[[[14.1868,40.7922],[14.1867,40.7921],[14.1875,40.7921],[14.1875,40.792],[14.1875,40.7919],[14.1873,40.7916],[14.1871,40.7913],[14.1869,40.7913],[14.1868,40.7912],[14.1865,40.7915],[14.1865,40.7915],[14.1865,40.7917],[14.1866,40.7918],[14.1867,40.7921],[14.1868,40.7922],[14.1868,40.7922]]],[[[14.1592,40.808],[14.1591,40.808],[14.1591,40.8079],[14.159,40.8079],[14.1589,40.8079],[14.1589,40.808],[14.1591,40.808],[14.1592,40.808],[14.1592,40.808]]],[[[14.2215,40.8255],[14.2216,40.8256],[14.222,40.8258],[14.2222,40.8259],[14.2222,40.8259],[14.2217,40.8255],[14.2215,40.8255]]],[[[14.2206,40.8264],[14.2207,40.8264],[14.2207,40.8264],[14.2207,40.8264],[14.2206,40.8264]]],[[[14.2218,40.8272],[14.2218,40.8272],[14.2217,40.8272],[14.2212,40.8277],[14.2218,40.8273],[14.2218,40.8272]]],[[[14.3026,40.8318],[14.3026,40.8317],[14.3025,40.8318],[14.3024,40.8319],[14.3024,40.8319],[14.3026,40.8318],[14.3026,40.8318]]],[[[14.0171,40.7698],[14.0195,40.7671],[14.022,40.7583],[14.0128,40.7486],[14.0135,40.7446],[14.0145,40.7429],[14.0161,40.7416],[14.0174,40.74],[14.0142,40.7399],[14.0122,40.7406],[14.0102,40.7421],[14.0067,40.7474],[14.0055,40.7491],[14.004,40.7479],[14.0052,40.7465],[14.0037,40.7451],[14.0017,40.7457],[14.0005,40.7475],[13.9979,40.7481],[13.996,40.7474],[13.9949,40.7459],[13.9956,40.7439],[13.9977,40.7401],[13.9931,40.7408],[13.9904,40.7428],[13.9914,40.746],[13.993,40.748],[13.9945,40.7491],[13.9972,40.7484],[14.0014,40.7475],[14.003,40.7488],[14.0049,40.7515],[14.0064,40.7538],[14.0086,40.7573],[14.0097,40.7596],[14.01,40.7644],[14.01,40.7686],[14.0163,40.7704],[14.0171,40.7698]]],[[[14.4638,40.7301],[14.4637,40.7298],[14.4639,40.7298],[14.464,40.7298],[14.464,40.7296],[14.4641,40.7295],[14.464,40.7295],[14.4636,40.729],[14.4636,40.7289],[14.4635,40.7289],[14.4634,40.729],[14.4627,40.7293],[14.4626,40.7294],[14.4626,40.7294],[14.4626,40.7295],[14.4634,40.73],[14.4637,40.7301],[14.4638,40.7301],[14.4638,40.7301],[14.4638,40.7301]]],[[[14.3603,40.7849],[14.3608,40.785],[14.3609,40.785],[14.3603,40.7849]]],[[[14.3601,40.7854],[14.3607,40.7855],[14.3608,40.7854],[14.3601,40.7854]]],[[[14.3601,40.7857],[14.3607,40.7857],[14.3607,40.7857],[14.3601,40.7857]]],[[[14.9003,40.2504],[14.8996,40.2501],[14.8992,40.2502],[14.899,40.2505],[14.899,40.2507],[14.8991,40.2515],[14.8993,40.2519],[14.9005,40.252],[14.9008,40.252],[14.9006,40.2518],[14.9003,40.2504]]],[[[15.2947,40.0237],[15.2945,40.0236],[15.2943,40.0237],[15.294,40.0241],[15.294,40.0243],[15.2941,40.0243],[15.2942,40.0242],[15.2942,40.0241],[15.2946,40.0241],[15.2947,40.0239],[15.2947,40.0237],[15.2947,40.0237]]],[[[14.431,40.5793],[14.4305,40.5791],[14.4297,40.5793],[14.4292,40.5797],[14.4291,40.5799],[14.4291,40.58],[14.4291,40.5801],[14.4291,40.5801],[14.4291,40.5801],[14.4297,40.5804],[14.4307,40.5807],[14.4311,40.5796],[14.431,40.5793]]],[[[14.429,40.5823],[14.4309,40.5816],[14.4289,40.5809],[14.429,40.5823]]],[[[14.4359,40.5826],[14.4361,40.5822],[14.4363,40.5811],[14.4358,40.5812],[14.4356,40.5816],[14.4354,40.5819],[14.4338,40.5824],[14.4335,40.5824],[14.433,40.5823],[14.4324,40.5822],[14.4322,40.5824],[14.4322,40.5825],[14.4323,40.5826],[14.4335,40.5834],[14.4338,40.5836],[14.4343,40.5836],[14.4346,40.5835],[14.4359,40.5826]]]]},"properties":{"name":"Campania"}},{"type":"Feature","geometry":{"type":"MultiPolygon","coordinates":[[[[15.0983,41.3906],[15.0966,41.3938],[15.0955,41.3957],[15.0938,41.3977],[15.0912,41.3994],[15.0893,41.4011],[15.0879,41.4025],[15.0866,41.4042],[15.0866,41.4072],[15.0888,41.4142],[15.0917,41.4179],[15.0958,41.419],[15.0985,41.4194],[15.101,41.4201],[15.1033,41.4209],[15.1008,41.4297],[15.0988,41.4338],[15.0966,41.4334],[15.0842,41.4324],[15.0811,41.4323],[15.0763,41.4328],[15.0682,41.4359],[15.0661,41.4384],[15.0648,41.44],[15.0551,41.4428],[15.0525,41.4432],[15.0498,41.4434],[15.0468,41.4433],[15.0444,41.4452],[15.0432,41.4472],[15.0432,41.4501],[15.0439,41.4531],[15.0439,41.4558],[15.0398,41.4552],[15.0369,41.4539],[15.0334,41.4527],[15.0303,41.4554],[15.0298,41.459],[15.0273,41.4687],[15.0239,41.4769],[15.0202,41.4794],[15.0168,41.4806],[15.0076,41.4864],[15.005,41.4895],[15.0026,41.4918],[14.9981,41.4952],[14.9961,41.4965],[14.9904,41.4997],[14.988,41.5002],[14.9801,41.5055],[14.9714,41.5132],[14.97,41.5147],[14.9664,41.519],[14.9539,41.5229],[14.947,41.5217],[14.9442,41.5221],[14.9405,41.5236],[14.939,41.5248],[14.9374,41.5271],[14.9368,41.5378],[14.937,41.5439],[14.9375,41.5476],[14.9383,41.5507],[14.9418,41.5582],[14.9439,41.5603],[14.9455,41.5633],[14.9485,41.5738],[14.9466,41.5823],[14.9478,41.5852],[14.9502,41.5922],[14.9481,41.5955],[14.9465,41.597],[14.9454,41.5997],[14.9475,41.6082],[14.9426,41.6113],[14.9403,41.6123],[14.9358,41.6162],[14.9341,41.6194],[14.9349,41.6216],[14.9368,41.6232],[14.9397,41.625],[14.9474,41.6301],[14.9489,41.6315],[14.9507,41.6352],[14.9534,41.6378],[14.9559,41.6434],[14.9571,41.6449],[14.9595,41.646],[14.9681,41.6412],[14.9754,41.6393],[14.978,41.6394],[14.9805,41.6398],[14.9831,41.6395],[14.9868,41.6386],[14.9887,41.6378],[14.9896,41.634],[14.9893,41.6315],[14.9905,41.6297],[14.9974,41.6265],[15.0083,41.6223],[15.0114,41.6219],[15.0227,41.6219],[15.0255,41.6223],[15.024,41.6264],[15.0236,41.629],[15.0242,41.6311],[15.0255,41.6341],[15.0312,41.6374],[15.0341,41.6381],[15.0369,41.6373],[15.0404,41.6367],[15.0432,41.6367],[15.0455,41.6376],[15.0447,41.6403],[15.0458,41.6483],[15.0471,41.6528],[15.0483,41.6555],[15.0502,41.6573],[15.0529,41.6588],[15.0548,41.6596],[15.0583,41.66],[15.0607,41.6597],[15.0696,41.6601],[15.0763,41.6649],[15.09,41.672],[15.086,41.6748],[15.0871,41.6782],[15.0885,41.6806],[15.0899,41.6818],[15.0932,41.6798],[15.0939,41.6779],[15.0944,41.6747],[15.1008,41.6718],[15.1039,41.6729],[15.105,41.6753],[15.1042,41.6777],[15.1034,41.6801],[15.1042,41.6825],[15.1061,41.6856],[15.11,41.6876],[15.1137,41.6909],[15.1166,41.6934],[15.1182,41.6943],[15.1208,41.6952],[15.1242,41.6961],[15.1319,41.6974],[15.1532,41.7061],[15.1593,41.7079],[15.1611,41.709],[15.1571,41.7121],[15.1546,41.7117],[15.1434,41.7113],[15.1211,41.7202],[15.1197,41.7227],[15.1179,41.7256],[15.1166,41.7278],[15.1138,41.7307],[15.1113,41.7328],[15.1098,41.7342],[15.1028,41.7413],[15.1018,41.7445],[15.1022,41.7469],[15.1031,41.7488],[15.1068,41.7486],[15.1089,41.7482],[15.1116,41.7477],[15.1165,41.749],[15.1148,41.7518],[15.1128,41.753],[15.1105,41.7535],[15.1066,41.7566],[15.0974,41.7659],[15.097,41.7683],[15.101,41.782],[15.1072,41.7852],[15.11,41.7862],[15.115,41.7893],[15.116,41.7991],[15.1158,41.8044],[15.1144,41.8064],[15.1137,41.8082],[15.1144,41.8104],[15.1158,41.8121],[15.1164,41.8143],[15.115,41.8174],[15.112,41.8207],[15.1094,41.8209],[15.1077,41.8228],[15.1042,41.8299],[15.1032,41.8314],[15.1003,41.8338],[15.101,41.8375],[15.1037,41.8467],[15.1059,41.849],[15.1082,41.8492],[15.112,41.8498],[15.1142,41.8505],[15.1185,41.8542],[15.1196,41.8557],[15.1231,41.8593],[15.1255,41.8626],[15.1258,41.8648],[15.13,41.8733],[15.1326,41.875],[15.1388,41.8793],[15.1395,41.8823],[15.1381,41.8907],[15.1357,41.892],[15.1329,41.8949],[15.1317,41.8972],[15.1313,41.9],[15.1314,41.9028],[15.1325,41.9059],[15.134,41.9092],[15.1354,41.9146],[15.1354,41.9174],[15.1349,41.9197],[15.1352,41.9221],[15.1362,41.9246],[15.1373,41.9261],[15.1534,41.9242],[15.1641,41.9227],[15.168,41.9223],[15.1729,41.9218],[15.181,41.9211],[15.1882,41.9205],[15.1994,41.9196],[15.2078,41.9192],[15.2271,41.9188],[15.2346,41.9188],[15.2394,41.9189],[15.267,41.9199],[15.2751,41.9203],[15.2872,41.9203],[15.2929,41.9202],[15.3039,41.9194],[15.3101,41.9189],[15.3234,41.9176],[15.3359,41.9167],[15.3443,41.9137],[15.3464,41.9113],[15.3489,41.9094],[15.3532,41.9067],[15.3559,41.9054],[15.3595,41.9042],[15.3634,41.9032],[15.3674,41.9026],[15.3707,41.9021],[15.3736,41.9017],[15.3813,41.9012],[15.3843,41.901],[15.3917,41.9006],[15.3951,41.9006],[15.4023,41.9006],[15.406,41.9006],[15.4192,41.9009],[15.4301,41.9016],[15.448,41.9029],[15.4574,41.9036],[15.4643,41.9043],[15.4865,41.9067],[15.4983,41.9082],[15.502,41.9087],[15.5248,41.9119],[15.5472,41.9153],[15.5568,41.9168],[15.5757,41.9197],[15.5901,41.9217],[15.6055,41.9242],[15.6112,41.9251],[15.623,41.9274],[15.6362,41.9274],[15.6423,41.9266],[15.645,41.9249],[15.6473,41.9237],[15.6547,41.9216],[15.6579,41.9213],[15.6664,41.9215],[15.6667,41.919],[15.6719,41.9161],[15.6746,41.9155],[15.6778,41.9151],[15.6835,41.9146],[15.6865,41.9144],[15.6926,41.9143],[15.6959,41.9143],[15.7021,41.9143],[15.7058,41.9145],[15.7183,41.9149],[15.7225,41.9151],[15.7322,41.9156],[15.7377,41.9158],[15.75,41.9165],[15.7772,41.9186],[15.8059,41.9211],[15.8193,41.9224],[15.8268,41.9232],[15.8618,41.9267],[15.8683,41.9275],[15.8962,41.9298],[15.9216,41.9328],[15.9246,41.9331],[15.9295,41.9339],[15.9332,41.9344],[15.9618,41.9393],[15.9737,41.941],[15.9776,41.9416],[15.9839,41.9428],[15.9878,41.9437],[15.9896,41.9458],[15.9939,41.9474],[15.9964,41.9472],[15.9984,41.9465],[16.0017,41.9457],[16.0041,41.9459],[16.0067,41.9465],[16.0085,41.9473],[16.0102,41.949],[16.0121,41.9504],[16.0151,41.9501],[16.0198,41.9491],[16.023,41.9479],[16.024,41.9457],[16.0346,41.9455],[16.0379,41.9455],[16.0418,41.946],[16.0462,41.9464],[16.0498,41.9463],[16.0575,41.9454],[16.0594,41.9464],[16.0593,41.949],[16.062,41.9453],[16.0655,41.9438],[16.0758,41.9406],[16.0837,41.9412],[16.0898,41.9387],[16.0906,41.9367],[16.0914,41.935],[16.0937,41.9328],[16.0998,41.9311],[16.1024,41.9282],[16.1181,41.9166],[16.1209,41.9151],[16.1272,41.913],[16.1311,41.9124],[16.1335,41.9122],[16.1354,41.9131],[16.1419,41.9125],[16.1489,41.9107],[16.153,41.9087],[16.1534,41.904],[16.1547,41.8987],[16.1572,41.8957],[16.162,41.8904],[16.1651,41.8886],[16.1677,41.8875],[16.1747,41.8853],[16.1776,41.8798],[16.177,41.8779],[16.1761,41.8699],[16.1757,41.865],[16.1758,41.8596],[16.1767,41.8551],[16.1797,41.8482],[16.1848,41.8394],[16.1907,41.8354],[16.1996,41.8265],[16.1983,41.8231],[16.1957,41.8222],[16.1942,41.8169],[16.1947,41.8107],[16.1977,41.8038],[16.1958,41.7924],[16.1931,41.7825],[16.1868,41.7723],[16.1788,41.7693],[16.1692,41.7672],[16.1672,41.7658],[16.166,41.7636],[16.1651,41.7615],[16.1646,41.7575],[16.1639,41.7551],[16.1536,41.7505],[16.1512,41.7503],[16.1486,41.7505],[16.1468,41.7489],[16.14,41.7409],[16.127,41.7388],[16.1049,41.7297],[16.1029,41.7281],[16.0965,41.7218],[16.0899,41.7152],[16.0877,41.7144],[16.085,41.7141],[16.0742,41.7111],[16.0726,41.7099],[16.0712,41.7083],[16.0698,41.7059],[16.0686,41.7035],[16.0671,41.7002],[16.0663,41.6983],[16.0654,41.6962],[16.0439,41.6837],[16.0394,41.6813],[16.0349,41.6772],[16.0327,41.6778],[16.0285,41.677],[16.0266,41.6762],[16.0246,41.6752],[16.022,41.6738],[16.0195,41.6721],[16.0145,41.6695],[16.0073,41.6676],[15.9995,41.6659],[15.9908,41.6631],[15.9893,41.6617],[15.9845,41.6588],[15.9772,41.6547],[15.9673,41.6504],[15.9643,41.6494],[15.9617,41.6487],[15.9591,41.6488],[15.9563,41.6481],[15.9453,41.6434],[15.9435,41.6425],[15.938,41.6379],[15.9313,41.6348],[15.9246,41.6316],[15.914,41.6253],[15.9033,41.6183],[15.9015,41.6153],[15.9006,41.6134],[15.8993,41.6101],[15.8975,41.6049],[15.8969,41.6024],[15.8962,41.5995],[15.8956,41.5956],[15.895,41.5905],[15.8945,41.5857],[15.8944,41.5826],[15.8942,41.5756],[15.8947,41.5716],[15.8966,41.5607],[15.8986,41.5499],[15.8991,41.5479],[15.9002,41.5441],[15.9017,41.5396],[15.9037,41.5346],[15.9046,41.5325],[15.9182,41.5055],[15.9205,41.5017],[15.924,41.4964],[15.9251,41.4945],[15.9293,41.489],[15.9321,41.4854],[15.9334,41.484],[15.9411,41.4756],[15.9453,41.4713],[15.9487,41.4685],[15.9547,41.4635],[15.9567,41.4618],[15.9622,41.4578],[15.9642,41.4565],[15.9806,41.4457],[15.9857,41.4428],[15.9878,41.4417],[15.9898,41.4407],[15.9962,41.4376],[15.9982,41.4367],[16.0055,41.4334],[16.0185,41.4281],[16.0248,41.4258],[16.0326,41.4229],[16.0413,41.4214],[16.0478,41.419],[16.0685,41.4108],[16.0853,41.4039],[16.0916,41.4015],[16.102,41.3975],[16.1048,41.3976],[16.1109,41.3948],[16.1149,41.393],[16.1173,41.3917],[16.1259,41.3876],[16.1281,41.3868],[16.1319,41.3857],[16.1347,41.3858],[16.1519,41.3771],[16.1537,41.3762],[16.1562,41.3749],[16.16,41.373],[16.1687,41.3694],[16.1785,41.3663],[16.1894,41.363],[16.1959,41.361],[16.1999,41.36],[16.2023,41.3598],[16.207,41.3594],[16.2099,41.3575],[16.2225,41.3507],[16.2285,41.3466],[16.2341,41.3429],[16.2361,41.3415],[16.2432,41.3374],[16.2454,41.3361],[16.2487,41.3344],[16.2567,41.3308],[16.2616,41.3287],[16.2665,41.3269],[16.2716,41.3254],[16.2767,41.3243],[16.281,41.324],[16.2931,41.3218],[16.3064,41.3179],[16.3251,41.313],[16.3357,41.311],[16.3391,41.3106],[16.3415,41.3103],[16.3447,41.3094],[16.3525,41.3068],[16.3548,41.3058],[16.3591,41.3047],[16.3637,41.3024],[16.3745,41.2969],[16.3835,41.292],[16.3871,41.2902],[16.4009,41.2851],[16.4218,41.2802],[16.4256,41.2773],[16.4262,41.2752],[16.4275,41.2739],[16.4425,41.266],[16.4483,41.262],[16.4517,41.2604],[16.4542,41.26],[16.4593,41.259],[16.4643,41.2573],[16.4676,41.2558],[16.4816,41.2566],[16.4853,41.2516],[16.4918,41.25],[16.5001,41.2481],[16.5047,41.2473],[16.504,41.2444],[16.5062,41.243],[16.5152,41.2434],[16.5179,41.2433],[16.5208,41.2425],[16.5247,41.2413],[16.5312,41.239],[16.5338,41.2378],[16.5363,41.2361],[16.5357,41.2335],[16.5407,41.2303],[16.5445,41.2283],[16.5558,41.2267],[16.5713,41.2186],[16.5734,41.2174],[16.5742,41.2157],[16.5821,41.2082],[16.5874,41.2065],[16.5895,41.206],[16.5925,41.2054],[16.5965,41.2053],[16.6036,41.2031],[16.6154,41.1985],[16.6261,41.1948],[16.6319,41.1937],[16.6373,41.195],[16.6402,41.1944],[16.6464,41.1923],[16.6489,41.1917],[16.6522,41.1914],[16.6548,41.1913],[16.6602,41.1922],[16.6632,41.1916],[16.6719,41.189],[16.6759,41.1875],[16.6802,41.1852],[16.685,41.1824],[16.6954,41.178],[16.6991,41.1768],[16.7049,41.1753],[16.7212,41.1713],[16.7255,41.1707],[16.7316,41.1698],[16.7386,41.1691],[16.7556,41.1651],[16.7611,41.163],[16.7768,41.1605],[16.7791,41.1597],[16.787,41.153],[16.7917,41.1487],[16.7945,41.1471],[16.8013,41.1438],[16.8096,41.1403],[16.8282,41.1368],[16.8308,41.1365],[16.8335,41.1365],[16.8388,41.1379],[16.8459,41.1363],[16.852,41.1294],[16.8543,41.1288],[16.8583,41.1287],[16.8631,41.1296],[16.8657,41.1303],[16.8709,41.1357],[16.8712,41.1398],[16.8668,41.143],[16.8636,41.1434],[16.8571,41.1437],[16.8632,41.1436],[16.8661,41.1434],[16.8683,41.1431],[16.8703,41.1423],[16.8718,41.1412],[16.8726,41.139],[16.8725,41.136],[16.872,41.1339],[16.8715,41.1308],[16.8727,41.126],[16.8771,41.1234],[16.8791,41.1226],[16.8905,41.1188],[16.8928,41.1181],[16.916,41.1124],[16.9286,41.1118],[16.9305,41.1104],[16.9386,41.1057],[16.9484,41.1022],[16.9606,41.0979],[16.9717,41.0962],[16.9813,41.0948],[16.9848,41.0941],[16.9889,41.0921],[16.9976,41.0881],[17.0084,41.0857],[17.012,41.0852],[17.0156,41.0848],[17.0177,41.0852],[17.0307,41.0832],[17.033,41.0824],[17.0463,41.0804],[17.0546,41.078],[17.0571,41.077],[17.0585,41.0756],[17.0642,41.0727],[17.0668,41.0717],[17.0782,41.0677],[17.0936,41.0623],[17.0961,41.0588],[17.1424,41.0369],[17.1447,41.0366],[17.1495,41.0348],[17.1631,41.0308],[17.169,41.0309],[17.1735,41.0298],[17.1754,41.0291],[17.1813,41.0249],[17.1832,41.0235],[17.195,41.0143],[17.2008,41.0094],[17.2024,41.0062],[17.2011,41.0048],[17.2028,41.0029],[17.2111,40.9998],[17.2282,40.9957],[17.237,40.9931],[17.2405,40.9904],[17.242,40.9886],[17.2472,40.9854],[17.2519,40.9832],[17.2558,40.9815],[17.258,40.9784],[17.2612,40.9785],[17.2622,40.9766],[17.2637,40.9743],[17.2652,40.9732],[17.2677,40.9736],[17.2695,40.9751],[17.2791,40.9717],[17.2819,40.9699],[17.2832,40.9687],[17.2826,40.9663],[17.2883,40.9631],[17.2943,40.9603],[17.3067,40.9522],[17.312,40.9461],[17.3171,40.9414],[17.322,40.938],[17.3252,40.937],[17.3272,40.9361],[17.3343,40.9289],[17.343,40.9176],[17.3444,40.9155],[17.3459,40.9131],[17.3452,40.9112],[17.3473,40.9081],[17.3501,40.9057],[17.3538,40.9039],[17.3583,40.902],[17.3657,40.8993],[17.3798,40.8952],[17.3828,40.8952],[17.385,40.8946],[17.3875,40.8933],[17.3892,40.8923],[17.3909,40.8904],[17.3966,40.8864],[17.4109,40.8744],[17.4148,40.8707],[17.4318,40.8602],[17.4397,40.8572],[17.4417,40.8565],[17.4512,40.8521],[17.4572,40.8492],[17.463,40.8445],[17.4683,40.8395],[17.4681,40.8369],[17.4693,40.8352],[17.4708,40.8338],[17.4728,40.8322],[17.4785,40.8296],[17.4941,40.8227],[17.5039,40.8188],[17.515,40.8144],[17.5288,40.8096],[17.5448,40.8044],[17.5495,40.8023],[17.5508,40.801],[17.5568,40.7989],[17.5594,40.7981],[17.5637,40.7976],[17.566,40.798],[17.5837,40.7932],[17.5903,40.7909],[17.5943,40.7892],[17.6125,40.7854],[17.624,40.7833],[17.6338,40.7808],[17.6481,40.7764],[17.6675,40.7704],[17.6745,40.7686],[17.6769,40.7687],[17.6813,40.7673],[17.7072,40.7582],[17.7227,40.751],[17.7323,40.745],[17.7379,40.741],[17.7428,40.7368],[17.7463,40.7339],[17.7684,40.7233],[17.7753,40.7201],[17.7969,40.7138],[17.7973,40.7111],[17.7986,40.7097],[17.8011,40.7083],[17.8075,40.7048],[17.813,40.7022],[17.8281,40.6951],[17.8385,40.6913],[17.8437,40.6901],[17.8626,40.6872],[17.8738,40.6849],[17.886,40.6835],[17.8951,40.6824],[17.9082,40.6817],[17.9252,40.6795],[17.928,40.6795],[17.931,40.68],[17.9339,40.681],[17.935,40.6828],[17.9332,40.6845],[17.9346,40.6861],[17.9377,40.6852],[17.942,40.682],[17.9457,40.6752],[17.9468,40.6701],[17.952,40.6649],[17.9546,40.6637],[17.9619,40.6626],[17.9642,40.663],[17.9685,40.6626],[17.9712,40.6626],[17.9756,40.663],[17.9789,40.6632],[17.9826,40.6633],[17.9803,40.6631],[17.9778,40.6631],[17.9747,40.6628],[17.9717,40.6625],[17.9703,40.6612],[17.9707,40.6587],[17.9678,40.6596],[17.9696,40.658],[17.9683,40.6556],[17.968,40.6587],[17.9676,40.6616],[17.966,40.6627],[17.963,40.6627],[17.9616,40.6602],[17.9571,40.6539],[17.9523,40.6482],[17.944,40.6447],[17.9373,40.6438],[17.9311,40.6427],[17.9274,40.6403],[17.929,40.6393],[17.9332,40.6391],[17.9477,40.6412],[17.9511,40.6433],[17.9524,40.6447],[17.9626,40.6473],[17.966,40.648],[17.9768,40.647],[17.9793,40.6466],[17.9815,40.6453],[17.991,40.6464],[17.9986,40.649],[18.0007,40.647],[18.0036,40.6447],[18.0146,40.6366],[18.014,40.6341],[18.0144,40.6305],[18.015,40.6284],[18.0158,40.6256],[18.0169,40.6239],[18.0181,40.622],[18.022,40.6175],[18.0252,40.614],[18.0317,40.6076],[18.0343,40.6057],[18.037,40.6039],[18.0426,40.5999],[18.0443,40.5983],[18.041,40.586],[18.0354,40.5752],[18.0348,40.5732],[18.0347,40.5706],[18.0355,40.5676],[18.0367,40.5653],[18.0383,40.5629],[18.0423,40.5586],[18.0497,40.5525],[18.055,40.5486],[18.0586,40.5464],[18.061,40.5449],[18.064,40.5431],[18.068,40.5411],[18.0711,40.5399],[18.0747,40.5395],[18.0755,40.5357],[18.0788,40.5277],[18.0808,40.5254],[18.0825,40.5242],[18.0859,40.5218],[18.0876,40.5207],[18.0974,40.5154],[18.1009,40.5133],[18.1073,40.5101],[18.1229,40.4976],[18.1256,40.4943],[18.1306,40.4917],[18.137,40.4886],[18.1392,40.4878],[18.1413,40.4872],[18.1448,40.4864],[18.149,40.4855],[18.1696,40.4807],[18.1717,40.4794],[18.1744,40.477],[18.1757,40.4756],[18.1765,40.4735],[18.1795,40.4719],[18.1821,40.4707],[18.1858,40.4693],[18.1884,40.4688],[18.1914,40.4683],[18.1962,40.468],[18.203,40.4671],[18.2127,40.4612],[18.215,40.4586],[18.2168,40.4567],[18.2228,40.4526],[18.226,40.4512],[18.2343,40.4484],[18.2409,40.4439],[18.2437,40.4419],[18.2491,40.4374],[18.2513,40.4328],[18.2597,40.4239],[18.2621,40.4224],[18.2661,40.4201],[18.2683,40.4193],[18.2699,40.4174],[18.2728,40.414],[18.275,40.4107],[18.279,40.4073],[18.2951,40.3977],[18.3055,40.392],[18.3071,40.3906],[18.3061,40.3886],[18.3048,40.3867],[18.3054,40.3836],[18.3082,40.3811],[18.3123,40.3776],[18.3133,40.3758],[18.316,40.3728],[18.3307,40.3644],[18.3366,40.3611],[18.3446,40.3564],[18.3514,40.3516],[18.3562,40.3473],[18.3627,40.3415],[18.3717,40.3319],[18.3752,40.3278],[18.3761,40.3257],[18.3809,40.3193],[18.3821,40.318],[18.3858,40.3146],[18.3994,40.3048],[18.4055,40.3013],[18.4068,40.3025],[18.4051,40.3034],[18.407,40.3027],[18.4076,40.3007],[18.4086,40.2989],[18.4175,40.2954],[18.4228,40.2942],[18.4313,40.2842],[18.432,40.2814],[18.4313,40.2787],[18.4296,40.2771],[18.4296,40.2738],[18.4307,40.272],[18.4331,40.2699],[18.4349,40.269],[18.4387,40.2694],[18.4411,40.2686],[18.443,40.2636],[18.4438,40.2612],[18.4452,40.2546],[18.4469,40.2528],[18.447,40.25],[18.4483,40.2474],[18.4496,40.2455],[18.4517,40.244],[18.4533,40.243],[18.4566,40.2393],[18.4612,40.2323],[18.4631,40.2282],[18.4645,40.2251],[18.4645,40.2221],[18.4636,40.2199],[18.4618,40.2179],[18.4593,40.2136],[18.4584,40.2118],[18.4578,40.2091],[18.4581,40.2057],[18.4586,40.2034],[18.4597,40.201],[18.4637,40.1929],[18.4658,40.191],[18.4675,40.1902],[18.4697,40.1905],[18.4723,40.1883],[18.4731,40.1859],[18.4739,40.1837],[18.4752,40.1825],[18.4781,40.1797],[18.4788,40.177],[18.4768,40.1764],[18.4813,40.1703],[18.48,40.1676],[18.4814,40.1657],[18.4835,40.1645],[18.4857,40.1632],[18.4871,40.1619],[18.4884,40.1558],[18.4913,40.1538],[18.489,40.1509],[18.4873,40.1495],[18.4879,40.1475],[18.4937,40.1453],[18.4957,40.1459],[18.4972,40.1474],[18.5032,40.147],[18.5068,40.1437],[18.508,40.1423],[18.5079,40.1394],[18.5114,40.1385],[18.5169,40.1355],[18.5165,40.1332],[18.5144,40.1328],[18.5096,40.1312],[18.5067,40.128],[18.5068,40.1247],[18.5092,40.1202],[18.5104,40.1187],[18.513,40.1163],[18.5155,40.1139],[18.5202,40.1078],[18.5189,40.1047],[18.5165,40.1024],[18.5117,40.1001],[18.5089,40.0982],[18.5067,40.095],[18.5025,40.0936],[18.4977,40.09],[18.4946,40.0887],[18.4913,40.084],[18.4887,40.0801],[18.4847,40.0775],[18.4841,40.0755],[18.4817,40.0672],[18.4802,40.0627],[18.4782,40.0607],[18.4774,40.0556],[18.478,40.0534],[18.4778,40.0503],[18.4763,40.0465],[18.4754,40.0445],[18.4729,40.0421],[18.4673,40.0383],[18.4625,40.0359],[18.4414,40.0269],[18.4358,40.0247],[18.4358,40.0176],[18.4317,40.0006],[18.4254,40.0008],[18.4233,39.9998],[18.4199,39.9972],[18.4171,39.9946],[18.4144,39.9886],[18.4111,39.9807],[18.4091,39.9789],[18.4072,39.9755],[18.4031,39.9601],[18.4024,39.9537],[18.4013,39.9475],[18.3987,39.9387],[18.3962,39.9341],[18.3954,39.9264],[18.395,39.9206],[18.3943,39.9127],[18.3915,39.9083],[18.3902,39.9058],[18.3931,39.9033],[18.3973,39.8959],[18.399,39.8891],[18.3986,39.8795],[18.3984,39.8752],[18.398,39.8724],[18.3972,39.8704],[18.3953,39.8684],[18.3917,39.8606],[18.3914,39.8555],[18.3911,39.8531],[18.3902,39.8482],[18.3894,39.8462],[18.3884,39.8446],[18.3853,39.8418],[18.3855,39.8359],[18.3857,39.8322],[18.3868,39.8291],[18.3884,39.8266],[18.3905,39.8241],[18.391,39.8209],[18.3908,39.8176],[18.3893,39.8156],[18.3837,39.8109],[18.378,39.8053],[18.37,39.7956],[18.369,39.7938],[18.3634,39.7948],[18.3646,39.7966],[18.3632,39.7977],[18.3535,39.7956],[18.3472,39.7922],[18.334,39.7958],[18.3322,39.7973],[18.3293,39.8011],[18.3282,39.803],[18.3279,39.806],[18.3207,39.8096],[18.3184,39.81],[18.3157,39.8085],[18.3134,39.809],[18.3113,39.8103],[18.3094,39.8118],[18.3035,39.8184],[18.2944,39.8219],[18.2913,39.8232],[18.2888,39.8243],[18.2865,39.826],[18.2733,39.833],[18.2707,39.8341],[18.2656,39.8357],[18.2632,39.8362],[18.2603,39.8361],[18.2575,39.8358],[18.2545,39.8355],[18.249,39.8351],[18.2424,39.8346],[18.2378,39.8347],[18.2253,39.8358],[18.2089,39.8378],[18.2047,39.8385],[18.1929,39.8445],[18.1901,39.847],[18.1879,39.8474],[18.1764,39.8509],[18.1684,39.8551],[18.1651,39.8575],[18.1635,39.8586],[18.1607,39.8594],[18.1567,39.8602],[18.1534,39.8608],[18.1512,39.8612],[18.1493,39.862],[18.1477,39.863],[18.1461,39.8644],[18.1443,39.8662],[18.1405,39.8699],[18.1207,39.8847],[18.1017,39.8948],[18.0947,39.8983],[18.0927,39.8991],[18.0859,39.9007],[18.0815,39.9043],[18.0772,39.9069],[18.0709,39.9138],[18.0697,39.9152],[18.0688,39.9179],[18.0627,39.9219],[18.061,39.9228],[18.0511,39.9275],[18.0487,39.928],[18.0466,39.9302],[18.045,39.9357],[18.0416,39.9368],[18.0363,39.942],[18.0299,39.9487],[18.0292,39.9526],[18.0297,39.9546],[18.0293,39.9573],[18.026,39.9623],[18.0228,39.9652],[18.013,39.9708],[18.0068,39.9782],[17.9977,39.9909],[17.9955,39.9942],[17.9945,39.9962],[17.9932,40.0001],[18.0002,39.9975],[18.0058,39.9957],[18.0078,39.9964],[18.0101,39.998],[18.0114,39.9992],[18.0146,40.0027],[18.0176,40.007],[18.0189,40.0105],[18.0206,40.0157],[18.0206,40.0184],[18.0203,40.0219],[18.0196,40.0255],[18.0184,40.0291],[18.0172,40.0319],[18.0161,40.0341],[18.0136,40.0379],[18.0126,40.0394],[18.0108,40.0414],[18.0091,40.0431],[18.0071,40.045],[18.0048,40.0469],[17.9977,40.0507],[17.9888,40.0536],[17.9824,40.0549],[17.9782,40.0538],[17.9767,40.0527],[17.9741,40.0524],[17.9722,40.0544],[17.9755,40.0589],[17.9817,40.0612],[17.9762,40.0585],[17.9772,40.0569],[17.9803,40.0565],[17.9856,40.0573],[17.9899,40.0585],[18.0011,40.067],[18.0046,40.0717],[18.0055,40.0733],[18.011,40.0861],[18.0116,40.0905],[18.0119,40.0939],[18.012,40.0968],[18.0118,40.0994],[18.0115,40.1031],[18.0109,40.1068],[18.0099,40.1091],[18.0086,40.1109],[18.0039,40.1139],[17.9984,40.1214],[17.9929,40.1292],[17.994,40.1307],[17.9883,40.1392],[17.9868,40.1404],[17.9792,40.142],[17.9638,40.1475],[17.9609,40.1525],[17.9603,40.1562],[17.9589,40.1585],[17.9494,40.1662],[17.9446,40.1693],[17.9412,40.1704],[17.9388,40.1708],[17.9299,40.1792],[17.9283,40.1811],[17.9261,40.1837],[17.9198,40.1921],[17.9184,40.1962],[17.9178,40.2007],[17.9217,40.2111],[17.9242,40.2175],[17.9215,40.2262],[17.9167,40.229],[17.9148,40.2302],[17.9111,40.2339],[17.9101,40.2363],[17.9117,40.239],[17.9077,40.2375],[17.8981,40.2463],[17.8968,40.2477],[17.8956,40.2494],[17.8989,40.2494],[17.9075,40.2417],[17.9098,40.2413],[17.9106,40.2434],[17.9091,40.2494],[17.9072,40.253],[17.9045,40.2562],[17.902,40.258],[17.8983,40.2594],[17.8954,40.2598],[17.8905,40.2587],[17.8854,40.2655],[17.8772,40.2725],[17.8648,40.2817],[17.8632,40.2827],[17.8615,40.2836],[17.8592,40.2846],[17.8569,40.2854],[17.8541,40.2859],[17.851,40.2861],[17.8484,40.286],[17.8452,40.2855],[17.8433,40.2845],[17.8432,40.2821],[17.8416,40.2805],[17.8284,40.2835],[17.8233,40.286],[17.8174,40.2892],[17.7906,40.2931],[17.7712,40.2949],[17.7687,40.2947],[17.7667,40.2933],[17.7654,40.2915],[17.7629,40.2917],[17.7639,40.2961],[17.762,40.2971],[17.7584,40.2978],[17.7564,40.2972],[17.7542,40.2955],[17.7433,40.2954],[17.7387,40.2965],[17.7363,40.2977],[17.7349,40.2993],[17.7326,40.3],[17.7286,40.3004],[17.7157,40.3013],[17.7029,40.3031],[17.7002,40.3036],[17.6785,40.3047],[17.6686,40.3046],[17.6608,40.3044],[17.6375,40.3032],[17.6276,40.3022],[17.6101,40.3006],[17.5967,40.2995],[17.5828,40.2991],[17.5681,40.2986],[17.5454,40.2972],[17.5419,40.2969],[17.5373,40.2964],[17.535,40.2959],[17.5307,40.295],[17.5105,40.2946],[17.5076,40.295],[17.5056,40.2958],[17.504,40.297],[17.5036,40.3025],[17.4991,40.3069],[17.4963,40.309],[17.4948,40.31],[17.4923,40.3106],[17.4867,40.3119],[17.4837,40.3124],[17.4772,40.313],[17.4722,40.3135],[17.4694,40.3145],[17.4668,40.3156],[17.4623,40.316],[17.458,40.317],[17.4554,40.3195],[17.4533,40.3218],[17.4516,40.3258],[17.4499,40.3268],[17.4432,40.3297],[17.4405,40.3304],[17.4379,40.3307],[17.4322,40.3314],[17.4296,40.3321],[17.4272,40.3325],[17.4239,40.3326],[17.417,40.3327],[17.4067,40.3321],[17.4021,40.3323],[17.3921,40.3362],[17.39,40.3377],[17.386,40.3374],[17.3806,40.34],[17.3795,40.3415],[17.381,40.3433],[17.3807,40.3455],[17.3751,40.3486],[17.3653,40.3491],[17.3507,40.354],[17.3456,40.3571],[17.3426,40.3593],[17.3412,40.3607],[17.3365,40.3614],[17.3264,40.361],[17.3113,40.3663],[17.3096,40.3672],[17.3084,40.3685],[17.3078,40.3715],[17.3049,40.3739],[17.294,40.3785],[17.2848,40.3801],[17.2822,40.3791],[17.2798,40.379],[17.2722,40.3848],[17.2689,40.3894],[17.2558,40.3957],[17.2525,40.3957],[17.2497,40.3955],[17.247,40.3955],[17.2326,40.4011],[17.2276,40.4046],[17.2228,40.4087],[17.2143,40.4089],[17.2056,40.4083],[17.2029,40.4087],[17.2018,40.411],[17.202,40.4134],[17.2089,40.4212],[17.2114,40.4227],[17.2214,40.4247],[17.2239,40.4244],[17.2269,40.4235],[17.2295,40.4238],[17.2322,40.4246],[17.2339,40.4256],[17.2421,40.4307],[17.2547,40.4411],[17.2557,40.4427],[17.2506,40.4561],[17.2483,40.4602],[17.2467,40.4621],[17.2419,40.4667],[17.2353,40.4718],[17.229,40.4751],[17.2202,40.4793],[17.2039,40.4796],[17.198,40.4792],[17.1852,40.4797],[17.1818,40.4814],[17.1825,40.4844],[17.182,40.4912],[17.1806,40.4932],[17.1784,40.4916],[17.1771,40.4898],[17.1728,40.4932],[17.166,40.5009],[17.1571,40.4949],[17.1551,40.4966],[17.1653,40.5037],[17.1626,40.5061],[17.1539,40.4999],[17.147,40.4951],[17.1444,40.4953],[17.1493,40.5052],[17.1488,40.5074],[17.1469,40.5092],[17.1375,40.5142],[17.1336,40.5159],[17.1308,40.5168],[17.1287,40.5173],[17.1236,40.5183],[17.1193,40.5189],[17.113,40.5198],[17.1105,40.5199],[17.1015,40.5202],[17.0943,40.5202],[17.0897,40.5201],[17.0869,40.5199],[17.0751,40.5187],[17.0726,40.5184],[17.0679,40.5175],[17.0653,40.517],[17.0612,40.5159],[17.0576,40.5152],[17.0532,40.5142],[17.045,40.5124],[17.0415,40.5115],[17.0334,40.5093],[17.031,40.5085],[17.0259,40.507],[17.0237,40.5063],[17.0195,40.5048],[17.0043,40.4987],[16.9953,40.4949],[16.9931,40.4938],[16.9884,40.4917],[16.9797,40.4871],[16.9779,40.4861],[16.9752,40.4846],[16.9677,40.4805],[16.9647,40.4788],[16.9584,40.4753],[16.9552,40.4734],[16.9483,40.4691],[16.9461,40.4677],[16.9367,40.4615],[16.9345,40.46],[16.9297,40.4567],[16.9253,40.4537],[16.9222,40.4514],[16.9136,40.4448],[16.9094,40.4417],[16.9016,40.4355],[16.8845,40.4184],[16.8712,40.4039],[16.8697,40.402],[16.8665,40.3981],[16.861,40.4001],[16.8507,40.4012],[16.8487,40.403],[16.8468,40.4057],[16.8471,40.4086],[16.8458,40.4111],[16.8435,40.4121],[16.8411,40.4128],[16.8385,40.4125],[16.8369,40.4105],[16.8237,40.4195],[16.8184,40.4245],[16.8164,40.4293],[16.8146,40.431],[16.8127,40.4324],[16.8102,40.433],[16.8088,40.4371],[16.8087,40.4422],[16.8099,40.4446],[16.8092,40.4478],[16.8046,40.4554],[16.8034,40.4569],[16.798,40.4599],[16.7926,40.462],[16.7855,40.4629],[16.782,40.4623],[16.7742,40.4624],[16.7659,40.4625],[16.7598,40.4628],[16.7554,40.4641],[16.7569,40.4679],[16.7495,40.4652],[16.7471,40.4647],[16.7438,40.4647],[16.7356,40.4679],[16.7206,40.4792],[16.7196,40.4814],[16.7267,40.4905],[16.7314,40.4957],[16.7336,40.4985],[16.7358,40.5015],[16.7371,40.5038],[16.737,40.5078],[16.7362,40.512],[16.7336,40.5123],[16.7311,40.5126],[16.7253,40.5141],[16.7234,40.5154],[16.7158,40.5242],[16.7202,40.5308],[16.7232,40.534],[16.7244,40.5353],[16.72,40.5399],[16.7159,40.5437],[16.7145,40.545],[16.7108,40.5477],[16.7079,40.5484],[16.7057,40.5502],[16.7054,40.555],[16.7077,40.5634],[16.7097,40.5676],[16.7114,40.5703],[16.7124,40.5725],[16.7166,40.5822],[16.7158,40.5872],[16.7118,40.5928],[16.7182,40.5936],[16.7269,40.6003],[16.7283,40.6014],[16.7258,40.6016],[16.724,40.6024],[16.7126,40.6156],[16.7116,40.6192],[16.7098,40.6319],[16.7103,40.635],[16.7124,40.6404],[16.7133,40.6421],[16.716,40.6491],[16.7213,40.6643],[16.7257,40.6776],[16.7261,40.6806],[16.7272,40.6884],[16.7206,40.6893],[16.7171,40.6895],[16.6966,40.7021],[16.6978,40.7044],[16.7045,40.7112],[16.7087,40.7079],[16.7087,40.7054],[16.7181,40.7101],[16.7235,40.7129],[16.7186,40.7165],[16.711,40.7202],[16.7022,40.7246],[16.6871,40.7317],[16.6782,40.7358],[16.6754,40.7373],[16.6732,40.7385],[16.67,40.7413],[16.6685,40.7431],[16.6634,40.7489],[16.6621,40.7402],[16.6615,40.7368],[16.6529,40.7363],[16.6493,40.738],[16.6517,40.7409],[16.6531,40.7421],[16.6432,40.7466],[16.6391,40.7508],[16.6328,40.7536],[16.6227,40.754],[16.6143,40.7529],[16.6079,40.7518],[16.5979,40.7542],[16.5888,40.7584],[16.5855,40.7625],[16.5803,40.7623],[16.5791,40.7637],[16.576,40.7635],[16.5706,40.7593],[16.567,40.7545],[16.5687,40.7507],[16.5732,40.748],[16.5758,40.7452],[16.5776,40.7427],[16.5724,40.7369],[16.568,40.7371],[16.5637,40.7398],[16.5605,40.7446],[16.5615,40.747],[16.5585,40.7549],[16.5555,40.757],[16.5526,40.758],[16.5452,40.7568],[16.5369,40.7529],[16.5345,40.7504],[16.5313,40.7452],[16.5335,40.7446],[16.5406,40.7419],[16.544,40.7255],[16.5414,40.7252],[16.5386,40.725],[16.5249,40.7358],[16.5211,40.7403],[16.5236,40.7429],[16.5226,40.7464],[16.5158,40.7497],[16.5084,40.7534],[16.5019,40.7613],[16.4961,40.7583],[16.4928,40.7537],[16.4905,40.7503],[16.4863,40.7446],[16.4805,40.7376],[16.4654,40.7258],[16.4632,40.7241],[16.4554,40.7202],[16.4522,40.7178],[16.4432,40.7119],[16.4305,40.7048],[16.4201,40.702],[16.4138,40.7019],[16.4002,40.7074],[16.3984,40.709],[16.397,40.7126],[16.3861,40.7314],[16.3848,40.7327],[16.3804,40.7364],[16.3738,40.7396],[16.3656,40.7431],[16.3623,40.7444],[16.3553,40.7471],[16.3501,40.7489],[16.3482,40.7503],[16.3469,40.752],[16.3454,40.7538],[16.3439,40.7555],[16.3324,40.7664],[16.3188,40.7802],[16.3176,40.7816],[16.3162,40.7831],[16.313,40.785],[16.3022,40.7911],[16.3005,40.7921],[16.2979,40.7934],[16.2905,40.7967],[16.2872,40.7981],[16.2844,40.7992],[16.2822,40.8],[16.2782,40.8016],[16.2762,40.8042],[16.2747,40.8068],[16.2732,40.8091],[16.269,40.8147],[16.2628,40.8188],[16.2605,40.8202],[16.2582,40.8215],[16.2561,40.8231],[16.2544,40.8281],[16.2523,40.8327],[16.2505,40.8342],[16.2441,40.838],[16.2422,40.8396],[16.2414,40.8415],[16.2409,40.8442],[16.2417,40.8469],[16.2365,40.8512],[16.2342,40.8523],[16.2324,40.8533],[16.2312,40.8549],[16.2288,40.8652],[16.2269,40.8735],[16.2258,40.8781],[16.2264,40.8805],[16.2238,40.8866],[16.2222,40.8876],[16.2205,40.8886],[16.2159,40.8997],[16.2143,40.9041],[16.2065,40.913],[16.2025,40.9175],[16.1821,40.9228],[16.1793,40.9236],[16.1756,40.9252],[16.1738,40.9263],[16.1713,40.9273],[16.163,40.9286],[16.1614,40.9274],[16.1602,40.9254],[16.1589,40.9239],[16.1556,40.9227],[16.1524,40.9227],[16.1487,40.9235],[16.1465,40.9239],[16.1381,40.9184],[16.1366,40.9168],[16.1349,40.9138],[16.1348,40.9112],[16.135,40.9076],[16.1336,40.906],[16.1263,40.9024],[16.1237,40.9019],[16.1222,40.9005],[16.1211,40.8977],[16.1163,40.9022],[16.102,40.9143],[16.0983,40.9172],[16.0936,40.9203],[16.0836,40.9238],[16.0802,40.9247],[16.078,40.9251],[16.0735,40.9257],[16.066,40.9273],[16.059,40.9289],[16.0574,40.9307],[16.0542,40.933],[16.0504,40.9349],[16.0457,40.937],[16.038,40.9397],[16.0259,40.9436],[16.022,40.9442],[16.0197,40.9445],[16.0124,40.9472],[16.0049,40.9496],[15.9969,40.951],[15.983,40.9545],[15.9772,40.958],[15.9718,40.9721],[15.9749,40.971],[15.981,40.9701],[15.9837,40.97],[15.9934,40.97],[15.9969,40.9701],[16.0029,40.9702],[16.0084,40.9721],[16.0095,40.9738],[16.0103,40.9757],[16.0184,40.9836],[16.0212,40.9851],[16.0226,40.9863],[16.0254,40.9893],[16.027,40.9912],[16.032,40.9984],[16.0313,41.0056],[16.0297,41.0086],[16.028,41.0103],[16.0273,41.0139],[16.0273,41.0176],[16.0278,41.0235],[16.0299,41.0262],[16.0331,41.0275],[16.0405,41.0284],[16.0403,41.0342],[16.0387,41.0382],[16.022,41.0512],[16.0076,41.0589],[16.0056,41.0576],[16.0024,41.055],[15.9995,41.0535],[15.9911,41.0657],[15.9859,41.0728],[15.9823,41.0774],[15.9802,41.0816],[15.9822,41.0828],[15.984,41.0859],[15.983,41.0888],[15.9785,41.0926],[15.9771,41.0937],[15.9603,41.0933],[15.9541,41.0931],[15.9573,41.096],[15.959,41.0979],[15.96,41.1001],[15.9585,41.1037],[15.9534,41.1108],[15.9422,41.1126],[15.9375,41.1136],[15.9319,41.109],[15.921,41.1112],[15.9194,41.1121],[15.9153,41.1152],[15.9106,41.1191],[15.9065,41.1221],[15.9008,41.1264],[15.8992,41.1252],[15.8976,41.1241],[15.8939,41.1228],[15.8919,41.1242],[15.8873,41.1295],[15.8832,41.1344],[15.8818,41.1358],[15.8703,41.1399],[15.8699,41.1376],[15.8665,41.1323],[15.865,41.131],[15.8576,41.1311],[15.8466,41.1256],[15.8395,41.1276],[15.8386,41.1301],[15.8351,41.1303],[15.8327,41.1296],[15.8306,41.1282],[15.8296,41.1258],[15.8251,41.1179],[15.8203,41.1183],[15.8159,41.1181],[15.8124,41.1168],[15.8081,41.1137],[15.8054,41.1109],[15.8035,41.1035],[15.8005,41.0958],[15.7987,41.092],[15.7962,41.0902],[15.7911,41.088],[15.7885,41.0878],[15.7882,41.0907],[15.782,41.0898],[15.7751,41.0869],[15.7715,41.0845],[15.769,41.0834],[15.767,41.084],[15.7654,41.086],[15.7526,41.0973],[15.7503,41.0981],[15.7443,41.0991],[15.7379,41.0995],[15.7304,41.099],[15.7263,41.0958],[15.7261,41.0934],[15.726,41.091],[15.7184,41.0895],[15.6794,41.0868],[15.6753,41.0898],[15.6661,41.0883],[15.6514,41.0891],[15.6466,41.0896],[15.637,41.0917],[15.6303,41.0965],[15.6208,41.0988],[15.6185,41.0992],[15.6138,41.0985],[15.6109,41.0975],[15.6075,41.0963],[15.5912,41.0975],[15.5876,41.0984],[15.5798,41.0968],[15.5764,41.0953],[15.5743,41.0941],[15.5728,41.0929],[15.5676,41.0907],[15.564,41.0894],[15.5617,41.0891],[15.5597,41.0882],[15.5562,41.0832],[15.5557,41.0811],[15.5537,41.0779],[15.5494,41.0741],[15.5468,41.0738],[15.5439,41.0737],[15.5418,41.073],[15.5397,41.0714],[15.5399,41.0687],[15.5414,41.0673],[15.5433,41.0608],[15.5431,41.0571],[15.5417,41.0557],[15.5295,41.0576],[15.5137,41.0628],[15.4895,41.07],[15.4789,41.0764],[15.4783,41.0787],[15.4694,41.078],[15.4657,41.0774],[15.4636,41.0766],[15.4616,41.076],[15.4531,41.0762],[15.4461,41.078],[15.4439,41.0791],[15.4275,41.0928],[15.4093,41.1005],[15.4017,41.1058],[15.3964,41.1068],[15.3948,41.1034],[15.3935,41.1013],[15.386,41.0959],[15.3824,41.0927],[15.3707,41.0862],[15.3675,41.0849],[15.3637,41.0857],[15.3584,41.088],[15.3568,41.0899],[15.3516,41.0948],[15.3454,41.0957],[15.3429,41.0953],[15.3388,41.0951],[15.3319,41.0964],[15.33,41.0972],[15.3279,41.0984],[15.3258,41.0995],[15.3198,41.1],[15.3144,41.1039],[15.3109,41.1013],[15.3093,41.1002],[15.2979,41.0933],[15.2917,41.0935],[15.2908,41.0953],[15.2892,41.0966],[15.2838,41.0973],[15.282,41.0986],[15.2672,41.1066],[15.2643,41.1053],[15.2635,41.112],[15.2633,41.1148],[15.2593,41.1167],[15.2568,41.1174],[15.2541,41.1209],[15.2357,41.1399],[15.2295,41.1405],[15.2203,41.1429],[15.2176,41.1441],[15.2157,41.1452],[15.2108,41.1487],[15.209,41.1527],[15.2085,41.1559],[15.2093,41.1677],[15.2116,41.1691],[15.2136,41.1699],[15.2211,41.1777],[15.2235,41.1819],[15.2275,41.1849],[15.238,41.1897],[15.2574,41.1974],[15.2612,41.1977],[15.2626,41.1991],[15.2617,41.202],[15.2596,41.2047],[15.2509,41.2157],[15.249,41.2177],[15.2461,41.224],[15.2454,41.2274],[15.2456,41.2343],[15.2508,41.2382],[15.2528,41.2388],[15.2559,41.2388],[15.2581,41.2383],[15.2603,41.237],[15.2663,41.2375],[15.2721,41.2391],[15.2798,41.2408],[15.2791,41.2428],[15.2757,41.2495],[15.2725,41.2518],[15.2667,41.2561],[15.2613,41.2601],[15.2598,41.2618],[15.2578,41.264],[15.2568,41.2656],[15.2553,41.2673],[15.2504,41.2705],[15.2481,41.2712],[15.2404,41.2715],[15.2379,41.2722],[15.2351,41.2722],[15.2335,41.2712],[15.2312,41.269],[15.2297,41.2676],[15.224,41.2657],[15.221,41.2653],[15.2163,41.2752],[15.2138,41.2771],[15.2113,41.2774],[15.208,41.2768],[15.2044,41.2773],[15.1997,41.2794],[15.1986,41.2812],[15.199,41.2834],[15.201,41.2863],[15.1835,41.2864],[15.1793,41.2859],[15.1759,41.2847],[15.1717,41.284],[15.1648,41.2832],[15.1583,41.2829],[15.156,41.2832],[15.1534,41.2834],[15.1508,41.283],[15.1492,41.2804],[15.1465,41.2817],[15.1363,41.2869],[15.138,41.2892],[15.1403,41.2911],[15.1374,41.2968],[15.1348,41.299],[15.1302,41.3013],[15.127,41.3028],[15.1274,41.3061],[15.1282,41.3083],[15.1293,41.311],[15.1301,41.3136],[15.1306,41.3172],[15.1257,41.3172],[15.1126,41.3193],[15.1095,41.3211],[15.1073,41.3227],[15.1054,41.3242],[15.1039,41.3253],[15.1016,41.3269],[15.0987,41.3281],[15.0963,41.3286],[15.0938,41.3288],[15.0854,41.3285],[15.0831,41.3289],[15.0809,41.3296],[15.0787,41.3306],[15.0747,41.3319],[15.0722,41.3325],[15.0704,41.3357],[15.067,41.3426],[15.0667,41.3451],[15.0675,41.3476],[15.0683,41.3506],[15.0672,41.3525],[15.0642,41.3572],[15.0612,41.3576],[15.0608,41.3614],[15.0601,41.3685],[15.0595,41.3706],[15.0619,41.3734],[15.0692,41.3766],[15.0711,41.3777],[15.0816,41.3877],[15.092,41.3892],[15.0983,41.3906]],[[16.6338,40.7549],[16.6358,40.7534],[16.6412,40.7518],[16.6459,40.7525],[16.6464,40.7547],[16.6426,40.7561],[16.6389,40.7559],[16.6338,40.7549]]],[[[15.5001,42.1216],[15.4969,42.1225],[15.5002,42.1238],[15.5001,42.1216]]],[[[15.4827,42.1037],[15.4801,42.1041],[15.4773,42.1057],[15.4763,42.1116],[15.4776,42.113],[15.4841,42.1174],[15.4864,42.1196],[15.4875,42.121],[15.4879,42.1236],[15.4905,42.1256],[15.493,42.1232],[15.4948,42.1212],[15.4961,42.1191],[15.4963,42.1155],[15.4909,42.1089],[15.4831,42.1039],[15.4827,42.1037]]],[[[15.5041,42.1186],[15.5015,42.1197],[15.5043,42.1219],[15.5137,42.1286],[15.5175,42.1282],[15.5173,42.1258],[15.5123,42.1225],[15.5047,42.1187],[15.5041,42.1186]]],[[[15.5089,42.1294],[15.5078,42.1325],[15.5081,42.1348],[15.51,42.1378],[15.5121,42.1395],[15.5142,42.14],[15.5176,42.1385],[15.5161,42.1357],[15.5089,42.1294]]],[[[15.7442,42.2265],[15.7513,42.226],[15.7497,42.2237],[15.7473,42.2234],[15.7438,42.2248],[15.7442,42.2265]]],[[[16.1998,41.8145],[16.2009,41.8163],[16.2,41.8146],[16.1998,41.8145]]],[[[16.1886,41.8438],[16.1867,41.8449],[16.189,41.8445],[16.1886,41.8438]]],[[[16.1835,41.8906],[16.1856,41.8885],[16.1838,41.8897],[16.1822,41.8907],[16.1835,41.8906]]],[[[16.1115,41.928],[16.1094,41.9284],[16.112,41.9283],[16.1115,41.928]]],[[[17.176,40.4388],[17.1753,40.4406],[17.1768,40.4391],[17.1793,40.4369],[17.1753,40.4379],[17.1737,40.4391],[17.1747,40.4409],[17.1754,40.4389],[17.176,40.4388]]],[[[17.1607,40.4532],[17.167,40.4481],[17.1572,40.4447],[17.1535,40.4449],[17.151,40.4459],[17.1433,40.4505],[17.1459,40.4507],[17.1486,40.4506],[17.1516,40.4509],[17.1535,40.4516],[17.1566,40.4534],[17.1582,40.4546],[17.1596,40.4559],[17.161,40.4581],[17.1607,40.4532]]],[[[18.0272,40.6429],[18.0271,40.6429],[18.0271,40.6429],[18.027,40.643],[18.0271,40.6431],[18.0273,40.6431],[18.0275,40.6432],[18.0273,40.6429],[18.0272,40.6429]]],[[[18.0026,40.6539],[18.0025,40.6539],[18.0023,40.654],[18.0022,40.654],[18.0024,40.6547],[18.0024,40.6547],[18.0026,40.6549],[18.0031,40.6551],[18.0032,40.6551],[18.0034,40.6552],[18.0034,40.6551],[18.0034,40.6551],[18.0034,40.6545],[18.0034,40.6544],[18.0034,40.6543],[18.0032,40.6541],[18.003,40.654],[18.0029,40.6539],[18.0027,40.6539],[18.0027,40.6539],[18.0026,40.6539],[18.0026,40.6539]]],[[[17.9986,40.649],[18.0002,40.6523],[17.9991,40.654],[17.9969,40.6549],[17.9993,40.6558],[18.0015,40.6552],[18.0006,40.6528],[17.9994,40.6505],[17.9986,40.649]]],[[[17.9943,40.6553],[17.9943,40.6552],[17.9942,40.6553],[17.9941,40.6553],[17.994,40.6556],[17.9936,40.656],[17.9935,40.656],[17.993,40.6562],[17.9934,40.6567],[17.9934,40.6568],[17.9937,40.657],[17.9938,40.657],[17.9939,40.6571],[17.994,40.657],[17.9945,40.6561],[17.9946,40.656],[17.9946,40.6559],[17.9943,40.6553]]],[[[17.9926,40.657],[17.9925,40.6568],[17.9924,40.6568],[17.9922,40.6569],[17.992,40.6572],[17.992,40.6573],[17.992,40.6573],[17.992,40.6574],[17.9921,40.6574],[17.9922,40.6575],[17.9922,40.6575],[17.9926,40.6575],[17.9927,40.6575],[17.9928,40.6575],[17.9929,40.6574],[17.9929,40.6573],[17.9929,40.6573],[17.9927,40.657],[17.9926,40.657]]],[[[17.9909,40.6574],[17.9908,40.6573],[17.9906,40.6573],[17.9905,40.6575],[17.9905,40.6576],[17.9905,40.6578],[17.9906,40.658],[17.9908,40.658],[17.9908,40.6579],[17.9909,40.6579],[17.9909,40.6578],[17.991,40.6578],[17.991,40.6577],[17.9909,40.6576],[17.9909,40.6575],[17.9909,40.6574]]],[[[17.9915,40.6576],[17.9914,40.6576],[17.9913,40.6577],[17.9913,40.6578],[17.9913,40.6579],[17.9913,40.6579],[17.9914,40.6579],[17.9914,40.658],[17.9915,40.658],[17.9916,40.6578],[17.9915,40.6577],[17.9916,40.6577],[17.9916,40.6576],[17.9915,40.6576]]],[[[17.8252,40.7026],[17.8251,40.7026],[17.8249,40.7026],[17.8247,40.7027],[17.8244,40.7029],[17.8243,40.7031],[17.8246,40.7034],[17.8246,40.7034],[17.8247,40.7035],[17.8247,40.7035],[17.8248,40.7035],[17.8249,40.7036],[17.8252,40.7035],[17.8256,40.7033],[17.8258,40.7032],[17.8259,40.7031],[17.8258,40.7029],[17.8257,40.7028],[17.8254,40.7026],[17.8252,40.7026]]],[[[17.824,40.7032],[17.8239,40.7032],[17.8238,40.7032],[17.8237,40.7035],[17.8236,40.7038],[17.8237,40.7042],[17.8238,40.7044],[17.8239,40.7043],[17.8241,40.7038],[17.8242,40.7036],[17.8241,40.7034],[17.8241,40.7033],[17.824,40.7032]]],[[[17.81,40.712],[17.8092,40.7118],[17.8091,40.7119],[17.809,40.7121],[17.8092,40.7127],[17.8093,40.7128],[17.8095,40.7128],[17.8096,40.7128],[17.8099,40.7127],[17.81,40.7126],[17.8101,40.7123],[17.81,40.712]]],[[[17.806,40.7131],[17.8058,40.7131],[17.8052,40.7134],[17.8049,40.7136],[17.8047,40.714],[17.8047,40.7144],[17.8047,40.7146],[17.8048,40.7146],[17.8053,40.7146],[17.8054,40.7145],[17.806,40.7141],[17.8061,40.7138],[17.8062,40.7135],[17.806,40.7131]]],[[[17.9515,40.0519],[17.9548,40.051],[17.9521,40.0462],[17.9487,40.0451],[17.9464,40.0454],[17.9447,40.0469],[17.9469,40.0514],[17.9486,40.0533],[17.9515,40.0519]]],[[[17.9694,40.0542],[17.9694,40.0543],[17.9698,40.0544],[17.9699,40.0544],[17.9702,40.0543],[17.9704,40.0542],[17.9703,40.0541],[17.9692,40.0528],[17.969,40.0526],[17.9689,40.0526],[17.9685,40.0529],[17.9686,40.0531],[17.9689,40.0542],[17.9692,40.0545],[17.9693,40.0545],[17.9693,40.0544],[17.9693,40.0542],[17.9694,40.0542]]],[[[18.5031,40.0922],[18.5029,40.092],[18.5029,40.0923],[18.503,40.0926],[18.5031,40.0928],[18.5032,40.0928],[18.5034,40.0925],[18.5034,40.0924],[18.5033,40.0923],[18.5031,40.0922]]],[[[18.1225,39.8799],[18.1224,39.8799],[18.1223,39.8799],[18.1222,39.88],[18.1222,39.88],[18.1222,39.8801],[18.1222,39.8801],[18.1222,39.8801],[18.1224,39.8801],[18.1224,39.8801],[18.1225,39.88],[18.1225,39.88],[18.1225,39.8799]]],[[[18.1189,39.8826],[18.1188,39.8826],[18.1186,39.8827],[18.1185,39.8827],[18.1182,39.8829],[18.1181,39.883],[18.118,39.8831],[18.118,39.8831],[18.1181,39.8832],[18.1182,39.8832],[18.1183,39.8831],[18.1186,39.883],[18.1187,39.883],[18.1189,39.8828],[18.119,39.8828],[18.119,39.8826],[18.1189,39.8826]]],[[[18.0959,39.8952],[18.0961,39.8951],[18.0964,39.8951],[18.0965,39.8951],[18.0966,39.8951],[18.0967,39.895],[18.0967,39.8945],[18.0967,39.8944],[18.0966,39.8943],[18.0965,39.8943],[18.0964,39.8943],[18.0959,39.8946],[18.0957,39.8951],[18.0958,39.8952],[18.0959,39.8952],[18.0959,39.8952]]],[[[17.891,40.2531],[17.8908,40.2529],[17.8906,40.2529],[17.8904,40.253],[17.8896,40.2533],[17.8895,40.2534],[17.8894,40.2536],[17.8894,40.2537],[17.8895,40.2538],[17.8896,40.2538],[17.8901,40.2539],[17.8904,40.254],[17.8905,40.2539],[17.8905,40.2539],[17.8905,40.2539],[17.8909,40.2533],[17.891,40.2532],[17.891,40.2531]]],[[[17.8883,40.2546],[17.8853,40.2555],[17.8825,40.2578],[17.8814,40.2618],[17.8837,40.2607],[17.8873,40.2583],[17.8883,40.2551],[17.8883,40.2546]]],[[[17.8689,40.2685],[17.8648,40.2703],[17.8689,40.2695],[17.8689,40.2685]]]]},"properties":{"name":"Puglia"}},{"type":"Feature","geometry":{"type":"MultiPolygon","coordinates":[[[[15.4657,40.6336],[15.4662,40.636],[15.4675,40.6389],[15.4727,40.6406],[15.4764,40.6415],[15.4795,40.6423],[15.4819,40.643],[15.4921,40.6475],[15.4983,40.6523],[15.5013,40.6557],[15.5036,40.6629],[15.5022,40.6649],[15.5,40.6656],[15.4967,40.6651],[15.4948,40.6642],[15.4899,40.6652],[15.4872,40.6728],[15.4838,40.6727],[15.4711,40.6731],[15.4583,40.6784],[15.4566,40.6793],[15.4548,40.681],[15.4461,40.6871],[15.4302,40.6921],[15.4259,40.695],[15.4147,40.706],[15.4113,40.7107],[15.4091,40.713],[15.4064,40.7145],[15.4026,40.7163],[15.3984,40.7164],[15.3939,40.7172],[15.3857,40.7218],[15.3835,40.7229],[15.3815,40.7242],[15.3809,40.7269],[15.3824,40.7281],[15.3834,40.7302],[15.3835,40.7332],[15.3833,40.7359],[15.3811,40.7381],[15.3796,40.7445],[15.3791,40.7509],[15.38,40.7541],[15.3837,40.7636],[15.389,40.7676],[15.3883,40.7702],[15.3813,40.7781],[15.3804,40.7806],[15.3856,40.7915],[15.3867,40.7929],[15.3884,40.7942],[15.3866,40.797],[15.3804,40.7953],[15.3779,40.7947],[15.3735,40.7956],[15.3706,40.7964],[15.368,40.7975],[15.3661,40.8005],[15.3702,40.8024],[15.3773,40.8057],[15.3794,40.8062],[15.3803,40.8099],[15.3788,40.8122],[15.3758,40.8129],[15.3708,40.8126],[15.3684,40.812],[15.3636,40.8146],[15.3573,40.8202],[15.3552,40.8238],[15.353,40.8247],[15.3489,40.8275],[15.3466,40.8286],[15.3439,40.8288],[15.3406,40.8289],[15.3389,40.8304],[15.335,40.8349],[15.3449,40.8362],[15.3478,40.8362],[15.3509,40.8367],[15.3533,40.8377],[15.3607,40.8391],[15.3632,40.8386],[15.3707,40.8361],[15.3742,40.8348],[15.3775,40.8361],[15.3783,40.8407],[15.377,40.8446],[15.3752,40.8595],[15.3758,40.8635],[15.3784,40.8677],[15.3697,40.8713],[15.3665,40.8719],[15.3607,40.8716],[15.3585,40.8711],[15.3552,40.8709],[15.3542,40.873],[15.3535,40.8758],[15.3542,40.8827],[15.3563,40.8834],[15.3734,40.8859],[15.376,40.8854],[15.3833,40.8768],[15.3859,40.876],[15.3881,40.8756],[15.3979,40.8773],[15.4014,40.8783],[15.401,40.8805],[15.4027,40.8816],[15.4051,40.8808],[15.4132,40.8814],[15.4157,40.8812],[15.4299,40.8796],[15.4434,40.8772],[15.4453,40.8764],[15.4506,40.8725],[15.4517,40.8709],[15.4527,40.8692],[15.4544,40.868],[15.4569,40.8673],[15.4606,40.8671],[15.4639,40.8686],[15.4671,40.8716],[15.4724,40.8733],[15.4701,40.8785],[15.4675,40.8869],[15.4676,40.8896],[15.4699,40.8905],[15.4877,40.8966],[15.4936,40.898],[15.4962,40.8986],[15.4988,40.8994],[15.5013,40.9009],[15.5128,40.9048],[15.5267,40.9076],[15.528,40.9091],[15.5286,40.9112],[15.5285,40.9138],[15.5298,40.9157],[15.5322,40.918],[15.5336,40.9191],[15.5346,40.9208],[15.5342,40.923],[15.5393,40.9318],[15.5425,40.944],[15.5423,40.9464],[15.5477,40.9529],[15.5496,40.9542],[15.5535,40.9566],[15.5597,40.9618],[15.5617,40.9637],[15.5638,40.9661],[15.5654,40.9671],[15.5666,40.9688],[15.5695,40.98],[15.5689,40.9824],[15.5681,40.9843],[15.5683,40.9899],[15.5688,40.9921],[15.5701,40.9934],[15.5715,40.9951],[15.5723,40.9971],[15.5664,41.0125],[15.5649,41.0141],[15.5635,41.0152],[15.5602,41.016],[15.5585,41.0221],[15.5592,41.0244],[15.561,41.0267],[15.5632,41.0302],[15.5558,41.0369],[15.5539,41.0378],[15.5514,41.039],[15.5499,41.044],[15.5492,41.0476],[15.5467,41.0528],[15.5429,41.0559],[15.5433,41.0608],[15.543,41.067],[15.541,41.0675],[15.5397,41.0691],[15.5402,41.0722],[15.5439,41.0737],[15.5465,41.0738],[15.5494,41.0741],[15.5534,41.0775],[15.5554,41.0798],[15.5559,41.0822],[15.5589,41.0874],[15.5603,41.0885],[15.5623,41.0893],[15.5676,41.0907],[15.5728,41.0929],[15.5743,41.0941],[15.5764,41.0953],[15.5798,41.0968],[15.5857,41.0983],[15.5912,41.0975],[15.6067,41.0961],[15.6109,41.0975],[15.6138,41.0985],[15.6168,41.0992],[15.6192,41.0991],[15.6303,41.0965],[15.6363,41.0919],[15.6466,41.0896],[15.6514,41.0891],[15.6661,41.0883],[15.6737,41.0894],[15.6794,41.0868],[15.7178,41.0894],[15.7252,41.0907],[15.7269,41.092],[15.7259,41.0941],[15.7304,41.099],[15.7368,41.0996],[15.7428,41.0994],[15.7489,41.0983],[15.7512,41.0979],[15.7648,41.0867],[15.7662,41.085],[15.7677,41.0834],[15.7706,41.084],[15.7751,41.0869],[15.7813,41.0896],[15.7867,41.0907],[15.7886,41.0897],[15.7906,41.0878],[15.7957,41.0899],[15.7978,41.091],[15.8005,41.0958],[15.8036,41.1027],[15.8054,41.1109],[15.8081,41.1137],[15.812,41.1166],[15.8144,41.1178],[15.8203,41.1183],[15.8251,41.1179],[15.8296,41.1233],[15.8299,41.1271],[15.8317,41.1291],[15.8336,41.13],[15.837,41.1304],[15.8395,41.1296],[15.8466,41.1256],[15.857,41.1313],[15.8642,41.1308],[15.8663,41.132],[15.8692,41.1362],[15.8702,41.1389],[15.8807,41.1368],[15.8826,41.1351],[15.8873,41.1295],[15.8919,41.1242],[15.8935,41.1228],[15.8976,41.1241],[15.8992,41.1252],[15.9008,41.1264],[15.9065,41.1221],[15.91,41.1195],[15.9153,41.1152],[15.9194,41.1121],[15.921,41.1112],[15.9319,41.109],[15.9375,41.1136],[15.9422,41.1126],[15.9534,41.1108],[15.9578,41.1048],[15.9597,41.1013],[15.9596,41.0989],[15.9584,41.0971],[15.9541,41.0931],[15.9603,41.0933],[15.9763,41.0942],[15.9785,41.0926],[15.9826,41.0892],[15.984,41.0859],[15.9822,41.0828],[15.9802,41.0816],[15.9823,41.0774],[15.9859,41.0728],[15.9911,41.0657],[15.9989,41.054],[16.0015,41.0544],[16.0056,41.0576],[16.0073,41.0591],[16.022,41.0512],[16.038,41.0389],[16.0405,41.0364],[16.04,41.0296],[16.0331,41.0275],[16.0306,41.0267],[16.0284,41.0247],[16.0273,41.0176],[16.0273,41.0139],[16.0276,41.0116],[16.0285,41.0097],[16.0313,41.0056],[16.032,40.9986],[16.027,40.9912],[16.0254,40.9893],[16.0233,40.9869],[16.0212,40.9851],[16.0184,40.9836],[16.0103,40.9757],[16.0095,40.9738],[16.0084,40.9721],[16.0029,40.9702],[15.9969,40.9701],[15.9934,40.97],[15.9837,40.97],[15.981,40.9701],[15.9758,40.9709],[15.9734,40.9715],[15.9766,40.9585],[15.982,40.955],[15.9969,40.951],[16.0041,40.9498],[16.0124,40.9472],[16.0186,40.9446],[16.022,40.9442],[16.0259,40.9436],[16.038,40.9397],[16.0457,40.937],[16.0504,40.9349],[16.0542,40.933],[16.0565,40.9315],[16.0576,40.9298],[16.066,40.9273],[16.0735,40.9257],[16.078,40.9251],[16.0802,40.9247],[16.0836,40.9238],[16.092,40.921],[16.0983,40.9172],[16.102,40.9143],[16.1163,40.9022],[16.1211,40.8977],[16.1222,40.9005],[16.1237,40.9019],[16.1263,40.9024],[16.1336,40.906],[16.135,40.9076],[16.1348,40.9112],[16.1349,40.9138],[16.1366,40.9168],[16.1381,40.9184],[16.1465,40.9239],[16.1487,40.9235],[16.1524,40.9227],[16.1556,40.9227],[16.1589,40.9239],[16.1602,40.9254],[16.1614,40.9274],[16.163,40.9286],[16.1713,40.9273],[16.1738,40.9263],[16.1756,40.9252],[16.1793,40.9236],[16.1821,40.9228],[16.2025,40.9175],[16.2065,40.913],[16.2143,40.9041],[16.2159,40.8997],[16.22,40.8894],[16.2213,40.888],[16.2233,40.887],[16.2262,40.881],[16.2264,40.8786],[16.2269,40.8735],[16.2288,40.8652],[16.2312,40.8549],[16.2324,40.8533],[16.2342,40.8523],[16.2365,40.8512],[16.2418,40.8474],[16.2409,40.8442],[16.2414,40.8415],[16.2422,40.8396],[16.2435,40.8381],[16.2505,40.8342],[16.2523,40.8327],[16.2544,40.8281],[16.2558,40.8236],[16.257,40.8223],[16.2593,40.8208],[16.2628,40.8188],[16.2683,40.8153],[16.2725,40.81],[16.2742,40.8076],[16.2762,40.8042],[16.2777,40.802],[16.2822,40.8],[16.2844,40.7992],[16.2872,40.7981],[16.2905,40.7967],[16.2979,40.7934],[16.2997,40.7925],[16.3022,40.7911],[16.313,40.785],[16.3162,40.7831],[16.3176,40.7816],[16.3188,40.7802],[16.3324,40.7664],[16.3439,40.7555],[16.3454,40.7538],[16.3469,40.752],[16.3482,40.7503],[16.3501,40.7489],[16.3553,40.7471],[16.3623,40.7444],[16.3656,40.7431],[16.3738,40.7396],[16.3794,40.737],[16.3848,40.7327],[16.3861,40.7314],[16.397,40.7142],[16.3977,40.7107],[16.3989,40.7084],[16.4138,40.7019],[16.4201,40.702],[16.4305,40.7048],[16.4432,40.7119],[16.4522,40.7178],[16.454,40.7194],[16.4613,40.7239],[16.4654,40.7258],[16.4797,40.7368],[16.4852,40.7433],[16.4905,40.7503],[16.4928,40.7537],[16.4954,40.7575],[16.5011,40.7623],[16.5084,40.7534],[16.5145,40.7492],[16.5226,40.7464],[16.5237,40.7439],[16.5222,40.741],[16.5249,40.7358],[16.5386,40.725],[16.5414,40.7252],[16.544,40.7255],[16.5409,40.7414],[16.5343,40.7443],[16.5314,40.7446],[16.5338,40.7495],[16.5358,40.7519],[16.5435,40.7563],[16.5526,40.758],[16.5555,40.757],[16.5585,40.7549],[16.5614,40.749],[16.5611,40.7464],[16.5637,40.7398],[16.5676,40.7372],[16.5724,40.7369],[16.578,40.742],[16.5758,40.7452],[16.5732,40.748],[16.57,40.7496],[16.5674,40.7524],[16.5706,40.7593],[16.5746,40.763],[16.5791,40.7637],[16.5803,40.7623],[16.5855,40.7625],[16.5888,40.7584],[16.5979,40.7542],[16.6079,40.7518],[16.6143,40.7529],[16.6222,40.754],[16.6328,40.7536],[16.6386,40.7511],[16.6432,40.7466],[16.6532,40.7439],[16.6517,40.7409],[16.6493,40.738],[16.6529,40.7363],[16.6615,40.7368],[16.6621,40.7402],[16.6634,40.7489],[16.6685,40.7431],[16.67,40.7413],[16.6723,40.7392],[16.674,40.738],[16.6775,40.7361],[16.6871,40.7317],[16.7022,40.7246],[16.711,40.7202],[16.717,40.7173],[16.7249,40.7138],[16.7181,40.7101],[16.7087,40.7054],[16.7087,40.7079],[16.7045,40.7112],[16.6981,40.7048],[16.6969,40.7034],[16.7155,40.6893],[16.7206,40.6893],[16.7272,40.6884],[16.7261,40.6806],[16.7257,40.6776],[16.7213,40.6643],[16.716,40.6491],[16.7133,40.6421],[16.7124,40.6404],[16.7107,40.6363],[16.7099,40.6336],[16.7116,40.6192],[16.7123,40.6162],[16.724,40.6024],[16.7258,40.6016],[16.7283,40.6014],[16.7269,40.6003],[16.7182,40.5936],[16.7118,40.5928],[16.7158,40.5872],[16.7166,40.5822],[16.7124,40.5725],[16.7114,40.5703],[16.7097,40.5676],[16.7077,40.5634],[16.7054,40.5561],[16.7057,40.5502],[16.7079,40.5484],[16.7108,40.5477],[16.7145,40.545],[16.7159,40.5437],[16.72,40.5399],[16.7238,40.5361],[16.7232,40.534],[16.7202,40.5308],[16.716,40.525],[16.7234,40.5154],[16.7253,40.5141],[16.7311,40.5126],[16.7336,40.5123],[16.7362,40.512],[16.737,40.5078],[16.7372,40.505],[16.7358,40.5015],[16.7336,40.4985],[16.7314,40.4957],[16.7267,40.4905],[16.7201,40.4823],[16.7202,40.4798],[16.7356,40.4679],[16.7438,40.4647],[16.7465,40.4646],[16.7491,40.4651],[16.7548,40.4682],[16.7557,40.4643],[16.7598,40.4628],[16.7659,40.4625],[16.7742,40.4624],[16.782,40.4623],[16.7855,40.4629],[16.7926,40.462],[16.7972,40.4602],[16.8028,40.4574],[16.8046,40.4554],[16.8092,40.4478],[16.81,40.4452],[16.809,40.4434],[16.8088,40.4371],[16.8094,40.4331],[16.8122,40.4327],[16.8146,40.431],[16.8161,40.4298],[16.8184,40.4245],[16.8237,40.4195],[16.8358,40.4104],[16.8374,40.4114],[16.8399,40.4128],[16.8423,40.4125],[16.8447,40.4117],[16.8468,40.4103],[16.8466,40.4078],[16.8487,40.403],[16.8507,40.4012],[16.861,40.4001],[16.8665,40.3981],[16.8553,40.3811],[16.8512,40.3753],[16.8499,40.3736],[16.8483,40.3715],[16.8459,40.3687],[16.8297,40.3502],[16.8262,40.3459],[16.8224,40.342],[16.8177,40.336],[16.8094,40.327],[16.801,40.3185],[16.7864,40.3027],[16.785,40.3009],[16.783,40.298],[16.7765,40.2867],[16.7752,40.2843],[16.7742,40.2825],[16.7706,40.2773],[16.7686,40.274],[16.7648,40.2678],[16.7602,40.2613],[16.7573,40.2572],[16.7553,40.2547],[16.7541,40.2533],[16.751,40.2486],[16.7495,40.2458],[16.7381,40.2153],[16.7373,40.2106],[16.7362,40.209],[16.7313,40.2027],[16.7261,40.1968],[16.7198,40.1897],[16.7082,40.1764],[16.7059,40.1737],[16.7004,40.1657],[16.6976,40.161],[16.6943,40.1557],[16.6918,40.1517],[16.6883,40.1478],[16.6864,40.1459],[16.6841,40.1442],[16.6774,40.14],[16.6755,40.1387],[16.6716,40.1364],[16.6687,40.1352],[16.6669,40.1341],[16.6645,40.1325],[16.6628,40.1307],[16.6479,40.1199],[16.6453,40.1181],[16.6436,40.1193],[16.6394,40.1227],[16.6278,40.1297],[16.6216,40.1319],[16.6167,40.1309],[16.6138,40.1299],[16.6114,40.1291],[16.6034,40.1294],[16.6003,40.1302],[16.5971,40.1313],[16.5872,40.1331],[16.58,40.1301],[16.5728,40.1265],[16.5688,40.1269],[16.5666,40.1279],[16.564,40.1293],[16.5619,40.1299],[16.5547,40.1285],[16.5437,40.125],[16.5399,40.1237],[16.5382,40.1224],[16.532,40.1188],[16.53,40.1181],[16.5256,40.1198],[16.5243,40.1237],[16.518,40.1288],[16.515,40.1287],[16.5031,40.1299],[16.4976,40.1261],[16.4947,40.1251],[16.487,40.1265],[16.4852,40.1272],[16.4834,40.1284],[16.481,40.1297],[16.4775,40.1314],[16.4718,40.1338],[16.4641,40.1344],[16.452,40.1348],[16.4439,40.1323],[16.434,40.128],[16.4313,40.1325],[16.4241,40.1404],[16.4211,40.1439],[16.4204,40.1419],[16.4204,40.1361],[16.4204,40.1331],[16.4204,40.1301],[16.4192,40.1274],[16.418,40.1258],[16.4149,40.1244],[16.4104,40.1231],[16.409,40.1214],[16.4117,40.1134],[16.4138,40.1097],[16.4142,40.1027],[16.4135,40.1007],[16.4119,40.0914],[16.4121,40.089],[16.414,40.0864],[16.4153,40.0848],[16.4142,40.0807],[16.4111,40.0773],[16.4091,40.0754],[16.4077,40.0743],[16.4062,40.0723],[16.4041,40.0683],[16.4016,40.0625],[16.4005,40.0574],[16.3986,40.0557],[16.3944,40.0499],[16.3931,40.0444],[16.3928,40.0422],[16.3942,40.0305],[16.3954,40.0281],[16.3962,40.0264],[16.3984,40.019],[16.3978,40.0156],[16.391,40.0033],[16.3897,40.0015],[16.3862,39.9987],[16.3791,39.992],[16.3738,39.9872],[16.3722,39.9857],[16.371,39.9841],[16.3705,39.982],[16.3692,39.977],[16.3673,39.9748],[16.3622,39.9703],[16.3606,39.9686],[16.3613,39.9655],[16.3623,39.964],[16.3621,39.9602],[16.3583,39.9544],[16.3569,39.9533],[16.3545,39.9525],[16.3514,39.9518],[16.3488,39.9507],[16.3469,39.9494],[16.3378,39.9362],[16.3388,39.9337],[16.3479,39.9246],[16.3528,39.9223],[16.3597,39.9196],[16.3593,39.9171],[16.3563,39.9116],[16.3557,39.9056],[16.3552,39.9014],[16.3517,39.8992],[16.3436,39.9022],[16.3412,39.9046],[16.3338,39.9127],[16.3272,39.9189],[16.3208,39.9241],[16.3169,39.928],[16.3139,39.931],[16.3124,39.9322],[16.3096,39.934],[16.3077,39.9347],[16.3055,39.9336],[16.3031,39.9324],[16.301,39.9319],[16.2864,39.9309],[16.2824,39.9309],[16.2808,39.9321],[16.2732,39.9349],[16.2708,39.9356],[16.2684,39.936],[16.2509,39.9319],[16.2489,39.9312],[16.2462,39.9293],[16.2443,39.9278],[16.2424,39.9269],[16.2384,39.9256],[16.2285,39.9259],[16.2257,39.9267],[16.2208,39.9279],[16.2183,39.9281],[16.2143,39.9266],[16.2148,39.9243],[16.2168,39.9217],[16.2185,39.9197],[16.2193,39.918],[16.2194,39.9142],[16.2188,39.9104],[16.2155,39.8985],[16.2147,39.896],[16.2122,39.8965],[16.2099,39.897],[16.2016,39.8996],[16.1903,39.9054],[16.1886,39.9076],[16.1755,39.9123],[16.1734,39.9128],[16.1713,39.914],[16.1692,39.9156],[16.1677,39.9167],[16.1643,39.9173],[16.1616,39.9176],[16.159,39.9194],[16.1511,39.9147],[16.1463,39.9097],[16.1394,39.9026],[16.138,39.9014],[16.1347,39.9035],[16.129,39.9064],[16.1205,39.9051],[16.1157,39.9054],[16.1105,39.9059],[16.1047,39.9065],[16.0959,39.9054],[16.091,39.9031],[16.0858,39.899],[16.083,39.8966],[16.0765,39.896],[16.0703,39.8969],[16.0615,39.8983],[16.0551,39.8985],[16.0531,39.8978],[16.049,39.8948],[16.0442,39.9053],[16.0426,39.9114],[16.038,39.916],[16.0226,39.9236],[16.0184,39.9243],[16.0165,39.9258],[16.0194,39.9311],[16.0209,39.9325],[16.0219,39.9341],[16.018,39.9382],[16.014,39.9406],[16.0118,39.9449],[16.007,39.9566],[16.0075,39.9591],[16.0107,39.9624],[16.0175,39.9711],[16.0197,39.9747],[16.0234,39.9775],[16.0253,39.9758],[16.0273,39.9766],[16.0298,39.9781],[16.0318,39.9799],[16.0336,39.9823],[16.0307,39.9913],[16.0237,39.9959],[16.0147,39.9967],[16.0086,39.9965],[16.0069,39.9955],[16.0058,39.994],[16.0052,39.9905],[15.9939,39.9854],[15.9797,39.9825],[15.9773,39.987],[15.9685,39.9917],[15.9643,39.9913],[15.9522,39.9943],[15.9485,39.9958],[15.9437,39.9978],[15.9375,40.0001],[15.9346,40],[15.928,40.0011],[15.9226,39.9997],[15.9207,39.9978],[15.9201,39.9958],[15.9105,39.9874],[15.907,39.9867],[15.9047,39.9863],[15.898,39.9817],[15.8962,39.9827],[15.8931,39.9865],[15.8934,39.9894],[15.8918,39.9934],[15.8903,39.9945],[15.8772,39.9965],[15.8743,39.9943],[15.8723,39.9907],[15.8677,39.9901],[15.8569,40.0011],[15.8546,40.0041],[15.8517,40.0059],[15.8443,40.0043],[15.8373,40.0027],[15.8268,40.0026],[15.82,40.0019],[15.8196,39.9981],[15.8186,39.9965],[15.8164,39.9951],[15.8082,39.9881],[15.7975,39.9763],[15.797,39.9742],[15.7959,39.9725],[15.7945,39.9712],[15.793,39.9702],[15.7896,39.9686],[15.7871,39.9682],[15.7847,39.9676],[15.7821,39.9668],[15.7802,39.966],[15.7786,39.9649],[15.774,39.9615],[15.7725,39.9599],[15.7715,39.9581],[15.7712,39.9556],[15.7719,39.9533],[15.7722,39.9511],[15.7713,39.9458],[15.7661,39.9313],[15.7652,39.9296],[15.7635,39.9279],[15.7578,39.9245],[15.7559,39.9236],[15.7549,39.9256],[15.7518,39.9315],[15.7505,39.9334],[15.7488,39.9343],[15.7472,39.9334],[15.7426,39.9344],[15.735,39.9425],[15.7364,39.947],[15.732,39.9638],[15.7185,39.9777],[15.7116,39.9829],[15.7022,39.9901],[15.7003,39.9931],[15.6992,39.9961],[15.6949,39.9989],[15.6916,39.9991],[15.6869,40.0019],[15.684,40.004],[15.6811,40.0062],[15.6755,40.0146],[15.6759,40.0199],[15.6767,40.0255],[15.6746,40.0295],[15.665,40.0391],[15.6631,40.04],[15.6599,40.0394],[15.6475,40.0393],[15.6445,40.0416],[15.6468,40.0444],[15.6539,40.0466],[15.6574,40.0472],[15.6628,40.0493],[15.6663,40.0507],[15.6679,40.0519],[15.6698,40.0535],[15.6719,40.0545],[15.6744,40.0549],[15.6763,40.0557],[15.676,40.0627],[15.6723,40.0698],[15.6686,40.0733],[15.6661,40.0741],[15.6533,40.0778],[15.6517,40.0789],[15.6537,40.0801],[15.6562,40.0807],[15.6587,40.0798],[15.6618,40.0793],[15.6691,40.0812],[15.6713,40.0818],[15.677,40.0845],[15.6823,40.0887],[15.6878,40.0954],[15.6895,40.0988],[15.6907,40.1008],[15.6966,40.1064],[15.7058,40.1177],[15.7038,40.1193],[15.7032,40.1218],[15.7055,40.1346],[15.7074,40.1359],[15.7094,40.1372],[15.7092,40.1399],[15.7086,40.1419],[15.7069,40.1465],[15.7059,40.1481],[15.7015,40.1532],[15.7007,40.1562],[15.7009,40.1598],[15.7023,40.1617],[15.7043,40.1625],[15.7101,40.1653],[15.7155,40.1684],[15.7166,40.1699],[15.715,40.1741],[15.7125,40.1784],[15.7183,40.1827],[15.7298,40.1863],[15.7325,40.196],[15.7313,40.1993],[15.7345,40.2017],[15.7392,40.2028],[15.7512,40.2018],[15.7656,40.2113],[15.7668,40.2134],[15.7741,40.2173],[15.7853,40.2183],[15.7879,40.2177],[15.7912,40.2179],[15.7952,40.2214],[15.7964,40.2228],[15.7972,40.2248],[15.7941,40.2266],[15.7905,40.2293],[15.7875,40.2358],[15.7898,40.2441],[15.7933,40.2446],[15.7959,40.2457],[15.8054,40.2514],[15.8034,40.2539],[15.8017,40.2553],[15.8003,40.2567],[15.7995,40.2591],[15.7996,40.2678],[15.8009,40.2702],[15.8043,40.272],[15.8064,40.2732],[15.8049,40.2756],[15.8024,40.2784],[15.8,40.2791],[15.798,40.2803],[15.7945,40.2858],[15.7939,40.2881],[15.7923,40.2898],[15.7783,40.2927],[15.765,40.2984],[15.7543,40.2997],[15.7515,40.2989],[15.7492,40.2987],[15.7438,40.3008],[15.7416,40.3024],[15.7395,40.3042],[15.7278,40.3146],[15.7268,40.3165],[15.7282,40.3185],[15.7301,40.321],[15.7282,40.3225],[15.7255,40.3225],[15.721,40.3245],[15.7203,40.3268],[15.7189,40.3279],[15.7089,40.3366],[15.7053,40.3413],[15.7045,40.344],[15.7043,40.3592],[15.7044,40.3637],[15.7076,40.3672],[15.7092,40.3692],[15.7101,40.3773],[15.6992,40.3839],[15.6845,40.3919],[15.6817,40.3932],[15.6716,40.3979],[15.6627,40.3925],[15.6606,40.394],[15.6509,40.4075],[15.6489,40.4116],[15.648,40.414],[15.6413,40.4151],[15.6389,40.4164],[15.6359,40.4191],[15.6347,40.4212],[15.6295,40.4246],[15.6263,40.4262],[15.6086,40.4335],[15.6044,40.4343],[15.6008,40.4369],[15.5948,40.4408],[15.5867,40.4436],[15.5918,40.446],[15.5866,40.452],[15.5833,40.4553],[15.5786,40.4628],[15.5792,40.4648],[15.579,40.4683],[15.5664,40.4768],[15.5636,40.4766],[15.5612,40.4768],[15.5567,40.4776],[15.549,40.4822],[15.5389,40.4881],[15.5395,40.4918],[15.5381,40.4953],[15.5363,40.497],[15.5352,40.4996],[15.5366,40.5011],[15.5386,40.5021],[15.5408,40.503],[15.544,40.5044],[15.5459,40.5055],[15.548,40.507],[15.5502,40.5089],[15.549,40.5113],[15.5439,40.5149],[15.5398,40.5178],[15.5353,40.5223],[15.5397,40.5236],[15.5447,40.53],[15.5437,40.532],[15.5377,40.5345],[15.536,40.5354],[15.5371,40.5387],[15.5381,40.5415],[15.5361,40.5476],[15.5308,40.5559],[15.5287,40.5564],[15.5266,40.5573],[15.535,40.5659],[15.5393,40.5681],[15.5326,40.573],[15.527,40.5717],[15.5244,40.5704],[15.5209,40.5702],[15.5142,40.5741],[15.5141,40.5773],[15.5159,40.5785],[15.5126,40.5837],[15.5101,40.5857],[15.5065,40.5869],[15.5037,40.5863],[15.5007,40.5856],[15.4965,40.5861],[15.4909,40.5868],[15.4892,40.5881],[15.4855,40.5937],[15.4754,40.5924],[15.4722,40.5934],[15.4691,40.5978],[15.4654,40.6012],[15.4609,40.6044],[15.4534,40.6066],[15.4506,40.6082],[15.4518,40.6109],[15.4535,40.6132],[15.4562,40.6187],[15.4572,40.6223],[15.4589,40.6237],[15.4625,40.6261],[15.4648,40.6297],[15.4657,40.6336]]],[[[15.7151,39.9666],[15.715,39.9666],[15.7149,39.9667],[15.7148,39.9668],[15.7149,39.9669],[15.715,39.9671],[15.7152,39.9674],[15.7153,39.9675],[15.7155,39.9675],[15.7163,39.9678],[15.7167,39.9677],[15.7169,39.9677],[15.717,39.9676],[15.7171,39.9676],[15.7171,39.9676],[15.7173,39.9675],[15.7173,39.9674],[15.7173,39.9673],[15.7172,39.9673],[15.7168,39.9671],[15.7154,39.9666],[15.7151,39.9666]]],[[[16.6338,40.7549],[16.6389,40.7559],[16.6426,40.7561],[16.646,40.7552],[16.6459,40.7525],[16.6423,40.7516],[16.6358,40.7534],[16.6338,40.7542],[16.6338,40.7549]]]]},"properties":{"name":"Basilicata"}},{"type":"Feature","geometry":{"type":"MultiPolygon","coordinates":[[[[15.9739,39.4674],[15.9707,39.469],[15.9619,39.4751],[15.959,39.4778],[15.9536,39.4877],[15.9503,39.4941],[15.9481,39.4964],[15.9459,39.5018],[15.9404,39.5079],[15.9346,39.5149],[15.929,39.5219],[15.9252,39.5265],[15.9213,39.5285],[15.9193,39.5292],[15.9168,39.5288],[15.9027,39.5376],[15.8992,39.538],[15.8926,39.539],[15.8902,39.5401],[15.8858,39.5413],[15.8827,39.5432],[15.8757,39.5515],[15.874,39.5539],[15.8713,39.5614],[15.8695,39.5679],[15.8686,39.5713],[15.8677,39.5744],[15.8659,39.5767],[15.8642,39.5798],[15.8625,39.5863],[15.8608,39.5934],[15.8597,39.597],[15.8585,39.6003],[15.8569,39.6046],[15.8513,39.6186],[15.85,39.6211],[15.8482,39.622],[15.8443,39.6277],[15.8437,39.6296],[15.8431,39.6316],[15.8388,39.6486],[15.8318,39.6678],[15.8303,39.6699],[15.8252,39.6739],[15.8175,39.6773],[15.8156,39.6819],[15.8134,39.694],[15.8092,39.71],[15.8089,39.7179],[15.8084,39.7306],[15.8046,39.7437],[15.7989,39.7616],[15.7965,39.7683],[15.7958,39.7703],[15.7948,39.7735],[15.7933,39.7793],[15.7925,39.7828],[15.792,39.7864],[15.7915,39.7898],[15.7907,39.7942],[15.7879,39.8069],[15.7862,39.8146],[15.7855,39.8169],[15.7833,39.8201],[15.78,39.8204],[15.7769,39.8208],[15.7756,39.8227],[15.7749,39.8264],[15.7773,39.8322],[15.7718,39.8324],[15.7702,39.8336],[15.7692,39.8353],[15.7707,39.8398],[15.7724,39.8418],[15.7795,39.8473],[15.7854,39.8479],[15.7879,39.8486],[15.7895,39.8503],[15.791,39.8558],[15.792,39.8602],[15.7916,39.8631],[15.7906,39.8657],[15.7886,39.8691],[15.7877,39.871],[15.784,39.8794],[15.7834,39.8823],[15.7827,39.8846],[15.782,39.8867],[15.7807,39.8901],[15.7796,39.8926],[15.7784,39.8945],[15.7761,39.8977],[15.7679,39.9077],[15.7559,39.9236],[15.7578,39.9245],[15.7624,39.9271],[15.7649,39.9293],[15.7661,39.9313],[15.7713,39.9458],[15.7722,39.9511],[15.7719,39.9533],[15.7712,39.9556],[15.7715,39.9581],[15.7725,39.9599],[15.774,39.9615],[15.7786,39.9649],[15.7802,39.966],[15.7821,39.9668],[15.7847,39.9676],[15.7871,39.9682],[15.7896,39.9686],[15.793,39.9702],[15.7945,39.9712],[15.7959,39.9725],[15.797,39.9742],[15.7975,39.9763],[15.8082,39.9881],[15.8153,39.9947],[15.8173,39.9956],[15.8189,39.9969],[15.82,40.0019],[15.8268,40.0026],[15.8362,40.0026],[15.8443,40.0043],[15.8502,40.006],[15.8544,40.0042],[15.8564,40.0027],[15.8677,39.9901],[15.8723,39.9907],[15.8741,39.9941],[15.8758,39.9959],[15.8903,39.9945],[15.8918,39.9934],[15.8934,39.9894],[15.893,39.9869],[15.8962,39.9827],[15.8978,39.9817],[15.9032,39.9854],[15.9056,39.9865],[15.9105,39.9874],[15.92,39.9955],[15.9205,39.9976],[15.9222,39.9993],[15.928,40.0011],[15.9346,40],[15.9375,40.0001],[15.9437,39.9978],[15.9477,39.9962],[15.9522,39.9943],[15.9643,39.9913],[15.9685,39.9917],[15.9773,39.987],[15.9782,39.9833],[15.9939,39.9854],[16.0059,39.9895],[16.0053,39.9921],[16.0069,39.9955],[16.0086,39.9965],[16.0147,39.9967],[16.0234,39.9959],[16.0305,39.9934],[16.0337,39.9843],[16.0323,39.9805],[16.0305,39.9787],[16.0282,39.9771],[16.0264,39.9762],[16.0234,39.9775],[16.0204,39.9754],[16.0175,39.9711],[16.0107,39.9624],[16.0075,39.9591],[16.0068,39.9573],[16.0118,39.9449],[16.014,39.9406],[16.0165,39.9392],[16.0218,39.9345],[16.0209,39.9325],[16.0194,39.9311],[16.0167,39.9271],[16.0175,39.9248],[16.0221,39.9237],[16.0377,39.9162],[16.0424,39.9116],[16.0442,39.9053],[16.049,39.8948],[16.0531,39.8978],[16.0551,39.8985],[16.0608,39.8983],[16.0703,39.8969],[16.0765,39.896],[16.0817,39.8962],[16.0858,39.899],[16.0908,39.903],[16.0957,39.9053],[16.1025,39.9068],[16.1105,39.9059],[16.1157,39.9054],[16.1205,39.9051],[16.129,39.9064],[16.1345,39.9037],[16.138,39.9014],[16.1394,39.9026],[16.1462,39.9094],[16.1511,39.9147],[16.159,39.9194],[16.1616,39.9176],[16.1643,39.9173],[16.1672,39.9168],[16.1692,39.9156],[16.1713,39.914],[16.1731,39.913],[16.1755,39.9123],[16.1877,39.9083],[16.1901,39.9056],[16.2009,39.8998],[16.2095,39.8972],[16.2122,39.8965],[16.2147,39.896],[16.2155,39.8985],[16.2185,39.9085],[16.2194,39.9142],[16.2194,39.9176],[16.2185,39.9197],[16.2168,39.9217],[16.2148,39.9243],[16.2141,39.9264],[16.2165,39.9278],[16.2188,39.9282],[16.2257,39.9267],[16.2285,39.9259],[16.2362,39.9254],[16.2424,39.9269],[16.2443,39.9278],[16.2458,39.929],[16.2473,39.9303],[16.2497,39.9316],[16.2684,39.936],[16.2708,39.9356],[16.2732,39.9349],[16.2808,39.9321],[16.2822,39.9309],[16.2864,39.9309],[16.3003,39.9318],[16.3031,39.9324],[16.3055,39.9336],[16.3073,39.9347],[16.3096,39.934],[16.312,39.9325],[16.3139,39.931],[16.3169,39.928],[16.3208,39.9241],[16.3272,39.9189],[16.3338,39.9127],[16.3412,39.9046],[16.3432,39.9024],[16.3498,39.8988],[16.3548,39.9009],[16.3557,39.9056],[16.3563,39.9116],[16.3593,39.9171],[16.3597,39.9196],[16.3528,39.9223],[16.3493,39.9238],[16.3388,39.9337],[16.3378,39.9355],[16.3467,39.9491],[16.3482,39.9504],[16.3502,39.9514],[16.3525,39.9522],[16.3551,39.9527],[16.3576,39.9537],[16.3614,39.9589],[16.3623,39.9617],[16.3613,39.9655],[16.3603,39.9672],[16.3612,39.9694],[16.3673,39.9748],[16.3692,39.977],[16.3707,39.9811],[16.371,39.9841],[16.3722,39.9857],[16.3738,39.9872],[16.3791,39.992],[16.3862,39.9987],[16.3893,40.001],[16.3906,40.0027],[16.3978,40.0156],[16.3985,40.0176],[16.3964,40.0258],[16.3954,40.0281],[16.3942,40.0305],[16.3928,40.0422],[16.3931,40.0444],[16.3944,40.0499],[16.3988,40.0554],[16.4005,40.0574],[16.4016,40.0625],[16.4041,40.0683],[16.4062,40.0723],[16.4077,40.0743],[16.4091,40.0754],[16.4111,40.0773],[16.4138,40.0799],[16.4153,40.0848],[16.414,40.0864],[16.4121,40.089],[16.4119,40.0914],[16.4134,40.1],[16.414,40.1022],[16.4138,40.1097],[16.4117,40.1134],[16.4089,40.121],[16.4097,40.1228],[16.4149,40.1244],[16.4177,40.1256],[16.419,40.127],[16.4203,40.1295],[16.4206,40.1322],[16.4204,40.1361],[16.4204,40.1419],[16.4211,40.1439],[16.4241,40.1404],[16.4313,40.1325],[16.434,40.128],[16.4433,40.1321],[16.4505,40.1344],[16.4641,40.1344],[16.4708,40.1341],[16.4769,40.1317],[16.481,40.1297],[16.4834,40.1284],[16.4852,40.1272],[16.487,40.1265],[16.4933,40.1252],[16.4972,40.1259],[16.5031,40.1299],[16.515,40.1287],[16.518,40.1288],[16.524,40.1241],[16.5256,40.1198],[16.53,40.1181],[16.532,40.1188],[16.5373,40.1218],[16.5399,40.1237],[16.5437,40.125],[16.5547,40.1285],[16.5619,40.1299],[16.564,40.1293],[16.566,40.1283],[16.5688,40.1269],[16.5716,40.1265],[16.58,40.1301],[16.5872,40.1331],[16.5971,40.1313],[16.6003,40.1302],[16.6023,40.1297],[16.6102,40.1289],[16.6138,40.1299],[16.6167,40.1309],[16.6204,40.132],[16.6269,40.1301],[16.6394,40.1227],[16.6436,40.1193],[16.6451,40.118],[16.6404,40.1145],[16.6345,40.1101],[16.6313,40.1075],[16.6268,40.1035],[16.6222,40.0992],[16.6207,40.0978],[16.6193,40.0963],[16.6178,40.0946],[16.6106,40.0868],[16.6093,40.0853],[16.6064,40.0812],[16.6054,40.0794],[16.6036,40.0738],[16.6024,40.0667],[16.6025,40.0638],[16.6032,40.0606],[16.6041,40.0569],[16.6036,40.0545],[16.6022,40.0521],[16.6011,40.0499],[16.6002,40.0479],[16.5992,40.0452],[16.5988,40.0425],[16.599,40.0374],[16.5998,40.0354],[16.6062,40.0262],[16.6056,40.0227],[16.6073,40.019],[16.6092,40.0132],[16.6104,40.0079],[16.6107,40.0055],[16.6105,40.0032],[16.6104,39.9993],[16.6137,39.9859],[16.6185,39.9764],[16.6209,39.9737],[16.6224,39.9725],[16.6242,39.9711],[16.6261,39.97],[16.6277,39.9687],[16.6289,39.9674],[16.6296,39.9645],[16.627,39.9571],[16.6257,39.955],[16.6231,39.9534],[16.6211,39.9526],[16.6194,39.9515],[16.6181,39.9497],[16.6117,39.9409],[16.6045,39.931],[16.5985,39.9261],[16.5845,39.9122],[16.5825,39.9101],[16.5808,39.9089],[16.5775,39.9074],[16.575,39.9061],[16.5726,39.9042],[16.5681,39.9007],[16.565,39.8981],[16.5591,39.8925],[16.5563,39.8898],[16.5549,39.8884],[16.5397,39.8723],[16.5383,39.8708],[16.5346,39.8664],[16.531,39.8617],[16.5285,39.8584],[16.5268,39.8559],[16.5193,39.8448],[16.5175,39.8427],[16.5113,39.8372],[16.5088,39.8347],[16.505,39.8301],[16.5033,39.8278],[16.5013,39.8249],[16.4999,39.8228],[16.497,39.8182],[16.4953,39.815],[16.4935,39.811],[16.4926,39.8088],[16.4917,39.8064],[16.4908,39.8035],[16.4897,39.7997],[16.4862,39.7825],[16.4873,39.7751],[16.4872,39.7705],[16.4873,39.7676],[16.4875,39.7652],[16.4896,39.7578],[16.492,39.7521],[16.4934,39.7494],[16.4966,39.745],[16.4994,39.7418],[16.5022,39.7392],[16.5039,39.7377],[16.506,39.7361],[16.5086,39.736],[16.5261,39.7266],[16.5294,39.7244],[16.5279,39.7134],[16.5274,39.7079],[16.5268,39.7038],[16.526,39.6993],[16.5251,39.6902],[16.5249,39.6855],[16.5253,39.6818],[16.5235,39.6736],[16.5198,39.6715],[16.5183,39.6701],[16.5229,39.6593],[16.5261,39.6624],[16.5292,39.6665],[16.5314,39.6639],[16.5343,39.6609],[16.5366,39.6588],[16.5382,39.6575],[16.5398,39.6563],[16.5415,39.6552],[16.5434,39.6541],[16.5632,39.6428],[16.565,39.6418],[16.5675,39.6413],[16.574,39.6384],[16.5815,39.6351],[16.5933,39.6297],[16.598,39.6278],[16.5999,39.6271],[16.6061,39.6249],[16.6082,39.6244],[16.6182,39.622],[16.6215,39.6214],[16.624,39.6211],[16.6275,39.6206],[16.6303,39.6203],[16.6362,39.62],[16.64,39.6198],[16.644,39.6197],[16.6477,39.6197],[16.6639,39.62],[16.6671,39.6201],[16.6726,39.6203],[16.676,39.6204],[16.681,39.6207],[16.6845,39.621],[16.6877,39.6215],[16.6941,39.6209],[16.7011,39.62],[16.7131,39.6184],[16.724,39.617],[16.7296,39.6165],[16.7326,39.6163],[16.7351,39.6164],[16.7375,39.6168],[16.7402,39.6177],[16.7424,39.6189],[16.7466,39.621],[16.7532,39.6238],[16.7553,39.6245],[16.7666,39.6218],[16.7704,39.6208],[16.7757,39.618],[16.7789,39.6163],[16.7819,39.6134],[16.7836,39.6112],[16.7849,39.6099],[16.7863,39.6084],[16.7911,39.6049],[16.7934,39.6036],[16.7969,39.6018],[16.799,39.6008],[16.8015,39.5996],[16.8033,39.5986],[16.8091,39.5949],[16.8116,39.5933],[16.8162,39.5894],[16.8177,39.5881],[16.819,39.584],[16.8221,39.5757],[16.8235,39.5729],[16.8254,39.5698],[16.8267,39.5682],[16.8334,39.5614],[16.8377,39.558],[16.8399,39.5562],[16.8417,39.5549],[16.8436,39.5536],[16.8486,39.5506],[16.8514,39.5491],[16.8532,39.5482],[16.8557,39.5472],[16.8586,39.5459],[16.8607,39.5449],[16.8626,39.5438],[16.8633,39.5413],[16.8647,39.5399],[16.8666,39.5386],[16.8723,39.536],[16.8815,39.5321],[16.8865,39.53],[16.8935,39.5277],[16.9018,39.5249],[16.9045,39.5218],[16.9122,39.5179],[16.9259,39.5132],[16.9312,39.5102],[16.9438,39.5018],[16.9467,39.5006],[16.9493,39.4995],[16.9569,39.4968],[16.9612,39.4954],[16.9714,39.4928],[16.9799,39.4911],[16.9835,39.4906],[16.989,39.4899],[16.9928,39.4895],[16.9958,39.4893],[17.0045,39.4882],[17.0072,39.4879],[17.0134,39.4871],[17.0245,39.4838],[17.0259,39.4812],[17.0273,39.4799],[17.0286,39.478],[17.0305,39.4743],[17.0343,39.4655],[17.037,39.4582],[17.039,39.4537],[17.0401,39.4522],[17.0465,39.4442],[17.0489,39.442],[17.0516,39.4399],[17.0644,39.4323],[17.0732,39.4279],[17.0778,39.4246],[17.0803,39.4222],[17.0863,39.4193],[17.0892,39.418],[17.0924,39.4168],[17.0944,39.416],[17.1113,39.4094],[17.1141,39.4073],[17.1158,39.4064],[17.1186,39.4056],[17.1208,39.4051],[17.1343,39.4027],[17.1376,39.4022],[17.1415,39.4017],[17.147,39.4017],[17.1512,39.4018],[17.1539,39.4018],[17.1561,39.4014],[17.1542,39.3956],[17.1532,39.394],[17.1469,39.3864],[17.145,39.3842],[17.1411,39.3802],[17.1386,39.378],[17.1365,39.3753],[17.1349,39.3724],[17.1336,39.3687],[17.1337,39.3642],[17.1329,39.3604],[17.1278,39.3485],[17.1267,39.3461],[17.1195,39.3323],[17.1168,39.327],[17.1141,39.3222],[17.1117,39.3171],[17.1107,39.3138],[17.1092,39.3075],[17.11,39.2926],[17.1108,39.2902],[17.1107,39.2875],[17.1094,39.2839],[17.1074,39.2775],[17.1052,39.2685],[17.1048,39.2664],[17.1046,39.2639],[17.1053,39.2583],[17.1057,39.2554],[17.1063,39.2535],[17.108,39.2493],[17.1097,39.2466],[17.1125,39.2434],[17.1157,39.2409],[17.1172,39.2394],[17.1218,39.2334],[17.1233,39.2308],[17.1263,39.2259],[17.1285,39.2237],[17.1311,39.2212],[17.1333,39.2195],[17.1386,39.2156],[17.1413,39.215],[17.1428,39.2117],[17.1449,39.2093],[17.1463,39.208],[17.148,39.2067],[17.1483,39.2037],[17.1466,39.198],[17.1434,39.1915],[17.1422,39.1894],[17.1363,39.1806],[17.134,39.1777],[17.1327,39.1759],[17.1308,39.1726],[17.1229,39.1576],[17.1215,39.1546],[17.1182,39.147],[17.1143,39.1371],[17.1127,39.1321],[17.111,39.1267],[17.1103,39.1242],[17.1093,39.1194],[17.1086,39.1152],[17.1082,39.1119],[17.1081,39.1073],[17.1097,39.0987],[17.1107,39.0965],[17.1181,39.088],[17.12,39.0867],[17.1216,39.0858],[17.1247,39.0849],[17.1349,39.0833],[17.1346,39.087],[17.1325,39.0895],[17.1292,39.0929],[17.1265,39.0956],[17.1329,39.0898],[17.1352,39.087],[17.1387,39.0801],[17.1377,39.0778],[17.1381,39.0799],[17.1369,39.0816],[17.1322,39.0775],[17.1304,39.0753],[17.1301,39.0727],[17.1306,39.0706],[17.1311,39.0682],[17.1324,39.0644],[17.1338,39.061],[17.135,39.0587],[17.1363,39.0571],[17.1406,39.0523],[17.1467,39.0465],[17.1502,39.0442],[17.1728,39.0332],[17.1795,39.0313],[17.1959,39.0269],[17.199,39.0266],[17.2051,39.0298],[17.2065,39.0285],[17.2064,39.0258],[17.205,39.0207],[17.2031,39.02],[17.201,39.0206],[17.1991,39.0215],[17.1941,39.0221],[17.1915,39.0217],[17.1887,39.0203],[17.1819,39.0148],[17.1736,39.0066],[17.1711,39.004],[17.1679,38.9996],[17.164,38.9947],[17.1595,38.9812],[17.1605,38.9692],[17.1616,38.9661],[17.1637,38.965],[17.1659,38.9647],[17.1681,38.9619],[17.1701,38.9568],[17.1657,38.9521],[17.1627,38.95],[17.1549,38.9471],[17.1525,38.9461],[17.1504,38.9447],[17.1485,38.9435],[17.1398,38.9352],[17.1364,38.9319],[17.1299,38.926],[17.1173,38.9164],[17.1022,38.9055],[17.0998,38.9036],[17.0969,38.8994],[17.0973,38.8958],[17.0956,38.8934],[17.0935,38.8926],[17.0911,38.8938],[17.0898,38.8953],[17.0918,38.9016],[17.093,38.9043],[17.0924,38.9072],[17.0899,38.9094],[17.0875,38.911],[17.0856,38.912],[17.083,38.913],[17.0616,38.9178],[17.0528,38.9188],[17.0474,38.9193],[17.0443,38.9191],[17.041,38.9187],[17.0337,38.917],[17.0309,38.9159],[17.0286,38.9097],[17.0238,38.9059],[17.0101,38.9117],[17.006,38.9153],[16.9996,38.9238],[16.9987,38.9274],[16.9977,38.9299],[16.9879,38.9357],[16.9861,38.9366],[16.9843,38.9373],[16.9815,38.938],[16.9792,38.9384],[16.9624,38.9389],[16.9591,38.9388],[16.9551,38.9383],[16.9515,38.9377],[16.9198,38.9326],[16.897,38.9288],[16.8941,38.9284],[16.8906,38.928],[16.8764,38.9251],[16.8721,38.9239],[16.8662,38.9223],[16.8545,38.9197],[16.8445,38.9174],[16.8415,38.9166],[16.8377,38.9157],[16.8305,38.9137],[16.8223,38.9113],[16.8196,38.9103],[16.8149,38.909],[16.811,38.9079],[16.8066,38.9065],[16.7992,38.9041],[16.7948,38.9026],[16.7914,38.9013],[16.7847,38.8988],[16.7774,38.896],[16.7703,38.8931],[16.7519,38.8848],[16.7465,38.8824],[16.7302,38.8747],[16.7222,38.8706],[16.7083,38.8632],[16.705,38.8617],[16.7013,38.86],[16.6968,38.8575],[16.6858,38.8508],[16.6791,38.8469],[16.6734,38.8437],[16.6706,38.8425],[16.6549,38.8351],[16.6466,38.8309],[16.6376,38.8267],[16.6347,38.826],[16.6331,38.8274],[16.6267,38.8263],[16.6238,38.8251],[16.6221,38.8241],[16.6155,38.8201],[16.6117,38.8169],[16.61,38.8153],[16.6063,38.8123],[16.6046,38.8108],[16.603,38.8091],[16.6018,38.8065],[16.6009,38.8044],[16.5983,38.8007],[16.5955,38.7972],[16.5942,38.7956],[16.5898,38.791],[16.5884,38.7898],[16.5865,38.7881],[16.5836,38.7852],[16.5717,38.7728],[16.57,38.7691],[16.5683,38.7679],[16.5671,38.7663],[16.5695,38.7624],[16.5678,38.7538],[16.5648,38.753],[16.5632,38.7521],[16.5601,38.7486],[16.5585,38.7465],[16.5575,38.7407],[16.546,38.7303],[16.5437,38.7282],[16.5388,38.7218],[16.5378,38.7202],[16.5368,38.7184],[16.5358,38.716],[16.535,38.7132],[16.5348,38.7097],[16.5351,38.7062],[16.5357,38.7037],[16.5379,38.7018],[16.5429,38.6965],[16.546,38.6926],[16.5477,38.6914],[16.5503,38.6916],[16.5541,38.6914],[16.5553,38.69],[16.5564,38.6875],[16.5578,38.6833],[16.5586,38.6806],[16.5568,38.6685],[16.5564,38.655],[16.5572,38.6476],[16.5585,38.6417],[16.5587,38.6391],[16.5604,38.6214],[16.561,38.6191],[16.5628,38.6139],[16.5638,38.6116],[16.5649,38.6097],[16.5673,38.605],[16.5681,38.6005],[16.5687,38.5946],[16.5691,38.5909],[16.5693,38.5859],[16.5694,38.5824],[16.5695,38.58],[16.5698,38.577],[16.5702,38.5733],[16.5707,38.5713],[16.5716,38.5696],[16.5726,38.5663],[16.5731,38.5642],[16.5728,38.5607],[16.5725,38.5566],[16.5719,38.5477],[16.5716,38.5432],[16.5717,38.5385],[16.5719,38.535],[16.5749,38.5133],[16.5756,38.5084],[16.5763,38.5066],[16.5782,38.5047],[16.5793,38.5028],[16.5801,38.4974],[16.5807,38.4894],[16.5805,38.4865],[16.5805,38.4838],[16.582,38.4701],[16.5827,38.4566],[16.5823,38.4537],[16.5801,38.4472],[16.5781,38.4418],[16.5765,38.4379],[16.5757,38.436],[16.5743,38.433],[16.5711,38.4272],[16.5674,38.4229],[16.565,38.4202],[16.5562,38.4114],[16.547,38.403],[16.5364,38.3939],[16.5217,38.3815],[16.517,38.3773],[16.5145,38.3752],[16.5101,38.3713],[16.5076,38.3691],[16.5055,38.3671],[16.503,38.3648],[16.4988,38.3614],[16.497,38.3599],[16.4941,38.3579],[16.4921,38.3563],[16.4876,38.3536],[16.4833,38.3508],[16.4737,38.3443],[16.4666,38.3401],[16.4648,38.339],[16.463,38.3382],[16.4607,38.3371],[16.4529,38.3341],[16.4421,38.3304],[16.4374,38.3286],[16.4355,38.3297],[16.4216,38.3258],[16.4079,38.3214],[16.3991,38.3186],[16.3849,38.3139],[16.3791,38.312],[16.3745,38.3104],[16.3699,38.3087],[16.3672,38.3077],[16.3617,38.3065],[16.3553,38.3052],[16.353,38.3049],[16.3494,38.305],[16.3464,38.3041],[16.3368,38.301],[16.3346,38.3001],[16.3318,38.2987],[16.3296,38.2973],[16.325,38.2938],[16.32,38.2898],[16.3184,38.2885],[16.317,38.2871],[16.3152,38.2849],[16.3132,38.2818],[16.3121,38.2798],[16.3108,38.2777],[16.3096,38.2763],[16.308,38.2747],[16.3055,38.2722],[16.3041,38.2709],[16.3019,38.2689],[16.3005,38.2676],[16.298,38.2658],[16.2958,38.2643],[16.294,38.2632],[16.2916,38.2619],[16.2885,38.2596],[16.2864,38.2575],[16.2853,38.256],[16.2818,38.2505],[16.28,38.2484],[16.2733,38.2397],[16.2576,38.2236],[16.2538,38.2198],[16.2457,38.2119],[16.2405,38.2068],[16.238,38.2045],[16.2322,38.1994],[16.222,38.1886],[16.2185,38.1857],[16.2167,38.184],[16.2143,38.1814],[16.2126,38.1793],[16.211,38.1774],[16.2092,38.1755],[16.2074,38.1734],[16.2049,38.1709],[16.2004,38.1661],[16.1925,38.1579],[16.1905,38.1562],[16.1842,38.1509],[16.1792,38.1468],[16.1776,38.1458],[16.1751,38.1445],[16.1733,38.1437],[16.1707,38.1419],[16.1689,38.1402],[16.1674,38.1386],[16.1661,38.1369],[16.1639,38.134],[16.1624,38.1313],[16.1616,38.1295],[16.1594,38.1138],[16.1587,38.1107],[16.1581,38.0998],[16.1577,38.0973],[16.1557,38.0894],[16.1539,38.0837],[16.1523,38.0786],[16.1515,38.0758],[16.1505,38.0712],[16.1498,38.0652],[16.149,38.0582],[16.1431,38.0436],[16.1432,38.035],[16.1438,38.0326],[16.1432,38.0293],[16.1401,38.0252],[16.138,38.0212],[16.1303,38.0075],[16.1263,38.0009],[16.1253,37.9993],[16.1162,37.9817],[16.1066,37.9675],[16.1002,37.9602],[16.0969,37.9566],[16.0834,37.9432],[16.0815,37.9414],[16.0783,37.9383],[16.0749,37.9356],[16.0676,37.9292],[16.066,37.9277],[16.0645,37.9256],[16.06,37.9245],[16.0485,37.923],[16.0323,37.9235],[16.0249,37.9231],[16.021,37.9228],[16.0178,37.9222],[16.0139,37.9211],[16.005,37.9185],[16.0017,37.9173],[15.998,37.9158],[15.9952,37.9161],[15.988,37.918],[15.976,37.9192],[15.9737,37.9195],[15.9623,37.9195],[15.9592,37.9194],[15.9554,37.9196],[15.9532,37.9204],[15.9512,37.9214],[15.9471,37.9235],[15.9322,37.9283],[15.9297,37.9289],[15.9228,37.9297],[15.9202,37.9297],[15.9157,37.9291],[15.9034,37.9274],[15.8984,37.9268],[15.8838,37.9268],[15.8752,37.9262],[15.8528,37.9221],[15.8497,37.9215],[15.8464,37.9208],[15.8398,37.9192],[15.8309,37.9185],[15.8271,37.9182],[15.8241,37.9185],[15.8211,37.9192],[15.819,37.9198],[15.8125,37.9202],[15.8051,37.9198],[15.799,37.9189],[15.7942,37.9178],[15.7869,37.9166],[15.7781,37.916],[15.7642,37.9161],[15.7618,37.9165],[15.7588,37.9178],[15.7558,37.9193],[15.7541,37.9204],[15.752,37.9219],[15.7502,37.9235],[15.7486,37.9244],[15.7463,37.9253],[15.7433,37.926],[15.7406,37.9261],[15.7339,37.9254],[15.7312,37.9275],[15.7292,37.9287],[15.7211,37.9333],[15.7143,37.9355],[15.7112,37.9363],[15.7017,37.9441],[15.7006,37.946],[15.697,37.9489],[15.6944,37.9502],[15.6839,37.9516],[15.678,37.9541],[15.6637,37.9707],[15.6544,37.9827],[15.6528,37.9846],[15.6485,37.9894],[15.6469,37.9908],[15.6411,37.9982],[15.6376,38.0047],[15.6363,38.0073],[15.6336,38.0184],[15.6352,38.0199],[15.6378,38.0206],[15.64,38.0213],[15.644,38.0235],[15.6514,38.0282],[15.653,38.0294],[15.6541,38.031],[15.657,38.0393],[15.656,38.0425],[15.6547,38.0438],[15.6528,38.0453],[15.6515,38.0466],[15.6502,38.049],[15.6478,38.0541],[15.6498,38.0582],[15.6517,38.0618],[15.6522,38.0645],[15.6516,38.0667],[15.6494,38.0682],[15.6424,38.0718],[15.6402,38.0727],[15.6357,38.0749],[15.6343,38.0768],[15.6324,38.0837],[15.6304,38.0923],[15.6301,38.0965],[15.6306,38.1019],[15.6362,38.1062],[15.6393,38.1081],[15.6415,38.1094],[15.6431,38.1104],[15.647,38.1133],[15.6519,38.1228],[15.6553,38.1338],[15.653,38.1414],[15.6544,38.1504],[15.6551,38.1525],[15.6529,38.1571],[15.6458,38.1641],[15.6409,38.1685],[15.6396,38.1704],[15.6393,38.1731],[15.6407,38.1787],[15.634,38.1858],[15.6328,38.193],[15.6328,38.1986],[15.633,38.2021],[15.6336,38.2051],[15.6338,38.2092],[15.6334,38.2121],[15.633,38.2161],[15.6334,38.2233],[15.6352,38.2297],[15.6365,38.2322],[15.6404,38.2326],[15.6532,38.2352],[15.6679,38.2392],[15.6698,38.2399],[15.6719,38.2415],[15.6754,38.2445],[15.6791,38.2472],[15.6838,38.2483],[15.69,38.2503],[15.6919,38.2511],[15.7016,38.2532],[15.7133,38.2544],[15.719,38.2541],[15.7295,38.2527],[15.7329,38.2529],[15.737,38.2533],[15.7492,38.2571],[15.7542,38.2594],[15.7607,38.2629],[15.77,38.2677],[15.7775,38.2715],[15.7942,38.2803],[15.7964,38.2821],[15.8093,38.2932],[15.8112,38.295],[15.8166,38.3002],[15.8177,38.3021],[15.8166,38.3046],[15.8186,38.3084],[15.8231,38.3146],[15.8283,38.3226],[15.8296,38.3248],[15.8296,38.3304],[15.8286,38.336],[15.8297,38.3398],[15.8339,38.3491],[15.833,38.3559],[15.8392,38.3642],[15.8424,38.3658],[15.8483,38.3702],[15.8575,38.3794],[15.8602,38.3835],[15.8614,38.3857],[15.8628,38.3888],[15.8622,38.3911],[15.8613,38.3936],[15.8636,38.3987],[15.8649,38.4014],[15.8717,38.4138],[15.8749,38.4193],[15.8765,38.422],[15.8792,38.4263],[15.8812,38.4292],[15.8829,38.4315],[15.8846,38.4336],[15.8887,38.437],[15.8976,38.4502],[15.9065,38.4683],[15.9079,38.4714],[15.9095,38.475],[15.9105,38.4776],[15.9115,38.4804],[15.9169,38.4973],[15.9183,38.505],[15.9188,38.5071],[15.9233,38.5173],[15.9272,38.5269],[15.9284,38.53],[15.9292,38.5323],[15.9302,38.5358],[15.9309,38.5387],[15.9312,38.5432],[15.9309,38.5458],[15.93,38.5481],[15.9289,38.5498],[15.9225,38.5521],[15.9142,38.5556],[15.9075,38.5608],[15.9027,38.5634],[15.9009,38.5648],[15.9002,38.5666],[15.898,38.5714],[15.894,38.5766],[15.8689,38.5914],[15.8665,38.5926],[15.8635,38.5963],[15.862,38.5989],[15.8599,38.6014],[15.8567,38.6033],[15.8491,38.6088],[15.8478,38.6108],[15.8465,38.6122],[15.8326,38.6182],[15.8302,38.6178],[15.8269,38.6192],[15.8267,38.623],[15.8362,38.645],[15.84,38.65],[15.8478,38.6588],[15.8514,38.6615],[15.8534,38.6625],[15.8572,38.6641],[15.8611,38.6657],[15.8635,38.6666],[15.8702,38.6716],[15.8718,38.673],[15.875,38.6734],[15.8775,38.673],[15.8801,38.6727],[15.8845,38.6735],[15.9006,38.6809],[15.9054,38.6834],[15.9064,38.6806],[15.909,38.681],[15.9166,38.6838],[15.9214,38.6864],[15.9238,38.6875],[15.9325,38.6889],[15.9419,38.6903],[15.9476,38.6909],[15.9502,38.6925],[15.9537,38.6947],[15.9558,38.6963],[15.9579,38.6978],[15.9604,38.7001],[15.9623,38.7022],[15.9638,38.704],[15.966,38.7067],[15.9678,38.7089],[15.969,38.7108],[15.9703,38.7126],[15.9715,38.714],[15.9801,38.7203],[15.9819,38.7214],[15.9839,38.7223],[15.986,38.723],[15.9915,38.7235],[15.9993,38.7241],[16.0022,38.7229],[16.0149,38.7252],[16.0187,38.7263],[16.03,38.7277],[16.0421,38.7277],[16.0463,38.7241],[16.0576,38.7214],[16.0717,38.7195],[16.0781,38.718],[16.0872,38.7151],[16.1,38.7124],[16.1044,38.7118],[16.107,38.7122],[16.1092,38.713],[16.1193,38.7184],[16.1222,38.7175],[16.1236,38.7162],[16.128,38.7159],[16.1341,38.7175],[16.1368,38.7187],[16.1389,38.7198],[16.1404,38.7211],[16.1425,38.7225],[16.1469,38.7243],[16.1501,38.7268],[16.157,38.7336],[16.1584,38.7363],[16.1599,38.7375],[16.1641,38.7388],[16.1707,38.7411],[16.1729,38.742],[16.1766,38.7441],[16.1821,38.7476],[16.1882,38.7561],[16.1908,38.761],[16.1934,38.7659],[16.1964,38.7716],[16.1983,38.7756],[16.2043,38.7884],[16.2067,38.7938],[16.2095,38.8008],[16.2132,38.8106],[16.2151,38.8165],[16.2161,38.8204],[16.2169,38.8237],[16.2175,38.8262],[16.2193,38.8348],[16.2201,38.8405],[16.2207,38.8461],[16.2208,38.8488],[16.2212,38.8581],[16.2211,38.8663],[16.2207,38.8736],[16.2202,38.8812],[16.2202,38.8959],[16.2205,38.8998],[16.2205,38.9045],[16.2204,38.9069],[16.2198,38.9127],[16.2193,38.9159],[16.2185,38.9197],[16.2176,38.9221],[16.2168,38.9239],[16.2157,38.9254],[16.2118,38.9298],[16.2102,38.9307],[16.2015,38.9322],[16.1992,38.9317],[16.1964,38.9322],[16.1923,38.9341],[16.1898,38.9355],[16.1873,38.9369],[16.1756,38.9446],[16.171,38.9468],[16.1628,38.9481],[16.1597,38.9489],[16.158,38.9499],[16.1561,38.9515],[16.1538,38.9541],[16.153,38.956],[16.152,38.9586],[16.1512,38.9608],[16.1496,38.9647],[16.1477,38.9689],[16.146,38.9725],[16.1447,38.9745],[16.1428,38.9757],[16.1413,38.9784],[16.1375,38.9869],[16.1316,38.9985],[16.1295,39.0009],[16.127,39.0031],[16.1241,39.004],[16.1163,39.0094],[16.1147,39.0106],[16.1105,39.0152],[16.1018,39.0253],[16.1007,39.0271],[16.0984,39.0325],[16.0949,39.0419],[16.0939,39.0488],[16.0936,39.0511],[16.0854,39.0829],[16.085,39.0855],[16.0841,39.0898],[16.0834,39.093],[16.0825,39.0947],[16.0786,39.104],[16.077,39.1107],[16.0763,39.1129],[16.0719,39.124],[16.0703,39.125],[16.0691,39.1272],[16.0681,39.1293],[16.0669,39.1335],[16.0666,39.1357],[16.0653,39.1459],[16.0652,39.15],[16.0632,39.1587],[16.063,39.1678],[16.0629,39.1772],[16.0628,39.184],[16.0622,39.195],[16.0617,39.1975],[16.0603,39.1999],[16.0598,39.2022],[16.0588,39.2193],[16.0581,39.2345],[16.0561,39.2587],[16.0538,39.2805],[16.0511,39.2979],[16.049,39.303],[16.0478,39.3044],[16.0462,39.3064],[16.045,39.3118],[16.0438,39.3185],[16.0427,39.3235],[16.0391,39.3392],[16.0378,39.3444],[16.0368,39.3481],[16.0319,39.3556],[16.0301,39.3588],[16.0288,39.362],[16.0278,39.3648],[16.0263,39.3691],[16.0253,39.3724],[16.0244,39.3753],[16.0236,39.3775],[16.0208,39.3838],[16.0201,39.386],[16.0155,39.3976],[16.0139,39.4013],[16.0119,39.4053],[16.0087,39.4123],[16.0029,39.4252],[15.9979,39.4364],[15.9968,39.4394],[15.9938,39.445],[15.9924,39.4465],[15.9908,39.4482],[15.9867,39.4544],[15.9855,39.4559],[15.9812,39.4607],[15.9776,39.4631],[15.9757,39.4651],[15.9739,39.4674]]],[[[15.8012,39.6974],[15.8003,39.7003],[15.8027,39.6999],[15.8031,39.6977],[15.8012,39.6974]]],[[[15.7794,39.8718],[15.77,39.8713],[15.7705,39.8747],[15.7743,39.8759],[15.7783,39.8751],[15.7802,39.8741],[15.7799,39.8719],[15.7794,39.8718]]],[[[15.7787,39.8476],[15.7785,39.8476],[15.7784,39.8476],[15.7782,39.8476],[15.7784,39.848],[15.7785,39.8481],[15.7786,39.8482],[15.7789,39.8482],[15.7792,39.8481],[15.7793,39.848],[15.7789,39.8477],[15.7787,39.8476]]],[[[15.7883,39.8562],[15.7882,39.8562],[15.7881,39.8566],[15.7882,39.8567],[15.7889,39.8569],[15.7891,39.8569],[15.7893,39.8568],[15.7894,39.8568],[15.7891,39.8566],[15.7884,39.8563],[15.7883,39.8562]]]]},"properties":{"name":"Calabria"}},{"type":"Feature","geometry":{"type":"MultiPolygon","coordinates":[[[[12.9079,38.0251],[12.911,38.0252],[12.9183,38.0261],[12.9297,38.0278],[12.9329,38.0284],[12.9376,38.0293],[12.9414,38.0301],[12.9484,38.0317],[12.952,38.0325],[12.954,38.033],[12.9578,38.0339],[12.9665,38.0365],[12.9723,38.0384],[12.9761,38.0397],[12.9796,38.041],[12.9854,38.043],[12.9874,38.0437],[12.9963,38.0474],[13.019,38.0583],[13.0267,38.0619],[13.0321,38.0659],[13.0349,38.0686],[13.0396,38.0714],[13.0477,38.0725],[13.0504,38.0724],[13.0529,38.0726],[13.0548,38.0736],[13.0634,38.0787],[13.0687,38.082],[13.0706,38.0833],[13.0734,38.0855],[13.0754,38.0864],[13.0778,38.0877],[13.0773,38.0933],[13.0748,38.0979],[13.0729,38.1007],[13.0718,38.1067],[13.0724,38.1091],[13.0683,38.1206],[13.0663,38.123],[13.0618,38.1272],[13.0589,38.1296],[13.0573,38.1314],[13.0527,38.1375],[13.0671,38.1428],[13.0713,38.1476],[13.0739,38.1515],[13.0763,38.1526],[13.0803,38.1545],[13.0801,38.1569],[13.0825,38.1572],[13.0844,38.1599],[13.0851,38.1634],[13.0839,38.166],[13.0817,38.1675],[13.0807,38.1739],[13.09,38.182],[13.0935,38.1842],[13.1056,38.1909],[13.1084,38.1916],[13.1172,38.1918],[13.12,38.1915],[13.1308,38.1882],[13.1357,38.1851],[13.1381,38.1835],[13.1422,38.1842],[13.1443,38.1829],[13.1505,38.1863],[13.1554,38.1867],[13.16,38.1858],[13.1619,38.1845],[13.1612,38.1824],[13.1615,38.1744],[13.162,38.1722],[13.164,38.1707],[13.1736,38.1691],[13.1761,38.169],[13.1809,38.1689],[13.1893,38.1691],[13.1937,38.1698],[13.2149,38.1757],[13.2203,38.1773],[13.2229,38.1784],[13.2375,38.1863],[13.2392,38.1876],[13.2409,38.1892],[13.2423,38.1907],[13.2438,38.1927],[13.2429,38.1985],[13.2418,38.2003],[13.2408,38.2025],[13.2425,38.2041],[13.2443,38.2032],[13.2467,38.2],[13.2489,38.1989],[13.2517,38.1988],[13.2544,38.1992],[13.2585,38.201],[13.2601,38.2],[13.2641,38.1997],[13.2664,38.2007],[13.2696,38.2008],[13.2719,38.1988],[13.274,38.1982],[13.2757,38.1994],[13.2767,38.2023],[13.2852,38.2092],[13.2963,38.2175],[13.3026,38.2206],[13.3134,38.2234],[13.3165,38.2247],[13.328,38.2116],[13.327,38.2073],[13.3256,38.2059],[13.326,38.2037],[13.3272,38.2018],[13.3286,38.2001],[13.3305,38.1986],[13.3324,38.1973],[13.3466,38.1911],[13.3513,38.1909],[13.3551,38.1911],[13.3594,38.1901],[13.3656,38.1825],[13.3677,38.1754],[13.3715,38.1632],[13.3749,38.154],[13.3738,38.1506],[13.3718,38.1477],[13.3693,38.1442],[13.3683,38.1385],[13.3704,38.1365],[13.3708,38.1331],[13.3711,38.1307],[13.3696,38.1329],[13.3689,38.1355],[13.3627,38.134],[13.3627,38.1298],[13.364,38.1273],[13.365,38.1256],[13.3725,38.1204],[13.3794,38.1126],[13.3809,38.1112],[13.3836,38.109],[13.393,38.1047],[13.4038,38.1004],[13.408,38.0994],[13.4123,38.0986],[13.4345,38.0955],[13.4404,38.0949],[13.4471,38.0951],[13.4509,38.0953],[13.4572,38.096],[13.4619,38.0965],[13.4726,38.0979],[13.4809,38.1],[13.4846,38.1012],[13.4918,38.1029],[13.5051,38.1083],[13.5074,38.1159],[13.5086,38.1196],[13.5106,38.1181],[13.5129,38.117],[13.5297,38.1109],[13.5317,38.1102],[13.5379,38.1126],[13.5394,38.1094],[13.5356,38.1072],[13.5376,38.0979],[13.54,38.0974],[13.5406,38.094],[13.5404,38.09],[13.5396,38.0872],[13.5393,38.0783],[13.5397,38.0725],[13.5366,38.0705],[13.5365,38.0671],[13.538,38.0647],[13.5395,38.0611],[13.5406,38.0583],[13.5455,38.0549],[13.5511,38.0519],[13.565,38.0402],[13.5664,38.0388],[13.5909,38.0278],[13.593,38.027],[13.595,38.0265],[13.5978,38.0264],[13.6078,38.0206],[13.6123,38.0177],[13.6169,38.0135],[13.6192,38.0119],[13.6221,38.0105],[13.625,38.0095],[13.6316,38.0081],[13.6409,38.0051],[13.6429,38.0035],[13.6488,37.9996],[13.6511,37.9983],[13.6616,37.995],[13.6642,37.9943],[13.6672,37.994],[13.6814,37.9925],[13.694,37.991],[13.6965,37.9907],[13.7038,37.9908],[13.7065,37.9918],[13.7086,37.9912],[13.715,37.9893],[13.7215,37.987],[13.7159,37.9884],[13.7089,37.9906],[13.7036,37.9899],[13.7045,37.9859],[13.7067,37.9803],[13.7085,37.9785],[13.7107,37.9775],[13.7217,37.9754],[13.7336,37.9749],[13.7421,37.9707],[13.745,37.9701],[13.7491,37.9703],[13.7522,37.9705],[13.7554,37.9707],[13.7579,37.971],[13.7634,37.9717],[13.7736,37.9729],[13.7944,37.9749],[13.7974,37.9751],[13.8055,37.977],[13.8082,37.9777],[13.8154,37.9798],[13.8177,37.9806],[13.823,37.9828],[13.8276,37.9824],[13.8308,37.9822],[13.8341,37.9826],[13.8386,37.9839],[13.8491,37.9869],[13.8528,37.988],[13.8546,37.9887],[13.8659,37.9926],[13.8705,37.9942],[13.8934,38.0031],[13.896,38.0041],[13.8986,38.0052],[13.9133,38.0117],[13.9336,38.0214],[13.9458,38.0282],[13.9671,38.032],[13.9784,38.0299],[13.9804,38.029],[13.9843,38.0294],[13.9901,38.0301],[14.0061,38.0324],[14.0086,38.0332],[14.0134,38.0348],[14.0176,38.0367],[14.0196,38.038],[14.0312,38.0404],[14.034,38.0406],[14.0359,38.0415],[14.0343,38.0404],[14.0317,38.04],[14.0319,38.0373],[14.0399,38.0315],[14.043,38.0295],[14.0493,38.0268],[14.0624,38.0191],[14.0651,38.0185],[14.0676,38.0184],[14.072,38.0185],[14.0764,38.0187],[14.0836,38.0193],[14.0941,38.0179],[14.1035,38.0155],[14.1064,38.0146],[14.1119,38.015],[14.1261,38.0168],[14.1302,38.0179],[14.1413,38.0227],[14.143,38.0237],[14.1449,38.0249],[14.1461,38.0265],[14.1465,38.0299],[14.1497,38.0276],[14.1554,38.0237],[14.1694,38.0182],[14.1722,38.0185],[14.1747,38.0196],[14.1769,38.0202],[14.1792,38.0205],[14.1835,38.0194],[14.1864,38.0188],[14.1896,38.0174],[14.1972,38.0157],[14.2028,38.0152],[14.2099,38.0149],[14.2225,38.0124],[14.2261,38.011],[14.2279,38.0102],[14.2338,38.0102],[14.2422,38.0104],[14.2514,38.0102],[14.2526,38.0087],[14.2556,38.0088],[14.2579,38.0091],[14.2674,38.0118],[14.2702,38.0127],[14.2757,38.0102],[14.2854,38.0073],[14.2885,38.007],[14.2935,38.0071],[14.309,38.0079],[14.3121,38.0083],[14.3181,38.01],[14.3249,38.0119],[14.3385,38.0187],[14.341,38.0191],[14.345,38.0193],[14.3494,38.0188],[14.3516,38.0184],[14.3562,38.0167],[14.3624,38.0145],[14.3669,38.015],[14.3728,38.0158],[14.3756,38.0166],[14.3805,38.0185],[14.3873,38.0205],[14.3902,38.0226],[14.3929,38.0226],[14.3959,38.0234],[14.3977,38.0242],[14.3998,38.0252],[14.4058,38.0286],[14.4098,38.031],[14.4115,38.0321],[14.4159,38.0349],[14.4192,38.0372],[14.4217,38.039],[14.4241,38.0401],[14.427,38.0406],[14.4367,38.0409],[14.4397,38.0405],[14.4423,38.0394],[14.4434,38.0378],[14.4448,38.0351],[14.4478,38.0341],[14.4534,38.0333],[14.4579,38.0329],[14.471,38.0328],[14.4762,38.0334],[14.491,38.0363],[14.5023,38.0385],[14.5211,38.0414],[14.5252,38.0422],[14.5294,38.0434],[14.5313,38.0441],[14.5332,38.045],[14.5359,38.0466],[14.5386,38.0484],[14.5433,38.0513],[14.5468,38.0537],[14.5496,38.0557],[14.553,38.0583],[14.5558,38.0598],[14.5593,38.0602],[14.5623,38.0602],[14.5656,38.0599],[14.5681,38.0595],[14.5706,38.0591],[14.5812,38.0586],[14.5839,38.0588],[14.5868,38.0592],[14.5898,38.06],[14.5943,38.0618],[14.5965,38.0628],[14.5989,38.0639],[14.6015,38.0652],[14.6035,38.0664],[14.6086,38.0692],[14.6103,38.0701],[14.6164,38.0716],[14.6199,38.0716],[14.6218,38.0704],[14.6248,38.0696],[14.6275,38.0697],[14.6299,38.0703],[14.6318,38.071],[14.6339,38.072],[14.6364,38.0733],[14.6414,38.076],[14.6442,38.0779],[14.6495,38.0817],[14.6556,38.0866],[14.6611,38.0884],[14.6679,38.0919],[14.6711,38.094],[14.6743,38.0963],[14.6779,38.099],[14.6851,38.1053],[14.6894,38.1091],[14.6996,38.1193],[14.7026,38.1225],[14.7052,38.1252],[14.7091,38.1285],[14.7113,38.1304],[14.7147,38.1336],[14.716,38.135],[14.7273,38.1463],[14.7417,38.1603],[14.7465,38.1647],[14.7487,38.1657],[14.7616,38.1562],[14.7663,38.1558],[14.7781,38.1545],[14.7807,38.154],[14.7831,38.1528],[14.7846,38.1516],[14.7871,38.1514],[14.7899,38.1518],[14.7941,38.1533],[14.7979,38.1548],[14.8033,38.1555],[14.8098,38.1564],[14.8144,38.1583],[14.8186,38.1593],[14.824,38.1606],[14.8303,38.161],[14.833,38.1616],[14.8364,38.1625],[14.8436,38.1638],[14.8477,38.1655],[14.8521,38.1672],[14.857,38.1691],[14.8611,38.1685],[14.8672,38.168],[14.8716,38.1677],[14.874,38.1679],[14.8885,38.1717],[14.8907,38.1724],[14.8943,38.175],[14.9037,38.1841],[14.9129,38.1901],[14.9163,38.1923],[14.9185,38.1906],[14.9292,38.1837],[14.9376,38.1802],[14.9398,38.1793],[14.9479,38.1727],[14.9489,38.1707],[14.9508,38.1685],[14.961,38.1596],[14.9642,38.1575],[14.9668,38.1539],[14.9688,38.1528],[14.9768,38.1506],[14.9818,38.1501],[15.0061,38.1491],[15.0117,38.1491],[15.0277,38.1503],[15.0354,38.1512],[15.0433,38.1519],[15.0464,38.1512],[15.0545,38.1431],[15.0547,38.139],[15.0555,38.1332],[15.0671,38.1273],[15.0696,38.1269],[15.0707,38.1254],[15.0727,38.1233],[15.0746,38.1224],[15.0777,38.1214],[15.0819,38.1204],[15.0851,38.1201],[15.0877,38.1201],[15.0907,38.1201],[15.096,38.1209],[15.0994,38.1217],[15.1021,38.1225],[15.1045,38.1233],[15.1075,38.1245],[15.1137,38.1272],[15.1195,38.1304],[15.1324,38.138],[15.1347,38.1383],[15.138,38.1389],[15.1483,38.1418],[15.1534,38.1434],[15.1583,38.146],[15.1634,38.1486],[15.1706,38.1517],[15.1738,38.1534],[15.1759,38.1547],[15.1775,38.1556],[15.1814,38.1585],[15.1828,38.1597],[15.1853,38.1622],[15.1869,38.1643],[15.1885,38.166],[15.19,38.1674],[15.1969,38.1733],[15.201,38.1765],[15.2044,38.1789],[15.2068,38.1808],[15.2095,38.1835],[15.2121,38.1864],[15.2149,38.1898],[15.2194,38.1958],[15.2245,38.2034],[15.2259,38.2059],[15.2268,38.2077],[15.2294,38.2135],[15.235,38.2265],[15.2366,38.2303],[15.2377,38.2331],[15.239,38.2363],[15.2401,38.2397],[15.241,38.2425],[15.2409,38.2451],[15.238,38.2453],[15.2359,38.2498],[15.2353,38.2526],[15.2356,38.2562],[15.2369,38.2586],[15.2373,38.261],[15.2369,38.2639],[15.2359,38.266],[15.2343,38.2674],[15.2323,38.2683],[15.229,38.2691],[15.227,38.2704],[15.2312,38.2715],[15.2343,38.2705],[15.2374,38.2697],[15.2396,38.2681],[15.2422,38.2655],[15.2452,38.2621],[15.2503,38.2558],[15.2515,38.2529],[15.2529,38.2467],[15.2496,38.2326],[15.2484,38.2304],[15.2466,38.2287],[15.2446,38.2277],[15.2434,38.226],[15.2409,38.2183],[15.244,38.2143],[15.2495,38.2115],[15.2521,38.2103],[15.2545,38.2096],[15.2569,38.2089],[15.2592,38.2083],[15.2641,38.2074],[15.2679,38.2067],[15.2718,38.2068],[15.2928,38.2064],[15.2991,38.2072],[15.3032,38.208],[15.3078,38.209],[15.3098,38.2096],[15.3161,38.2113],[15.3187,38.2121],[15.3277,38.2146],[15.3411,38.2159],[15.3536,38.2178],[15.3568,38.2186],[15.3711,38.2235],[15.3773,38.2244],[15.3831,38.2261],[15.3886,38.2278],[15.3931,38.2292],[15.4003,38.2317],[15.4035,38.2331],[15.4075,38.2349],[15.4203,38.2404],[15.4261,38.2413],[15.4438,38.2489],[15.4474,38.2503],[15.4497,38.2514],[15.4525,38.2532],[15.4561,38.2557],[15.4579,38.257],[15.4615,38.2597],[15.4646,38.262],[15.4672,38.2639],[15.4716,38.2669],[15.4743,38.2687],[15.48,38.2723],[15.4822,38.2732],[15.4844,38.2741],[15.49,38.2776],[15.499,38.2838],[15.5065,38.289],[15.5105,38.2916],[15.5174,38.2961],[15.5195,38.2973],[15.5403,38.3013],[15.543,38.3015],[15.5461,38.301],[15.5497,38.3004],[15.5527,38.2993],[15.5568,38.2975],[15.5624,38.2934],[15.5637,38.2919],[15.5661,38.2904],[15.5754,38.2855],[15.5805,38.2835],[15.5828,38.2827],[15.6093,38.2744],[15.6125,38.2738],[15.6203,38.2727],[15.6255,38.2724],[15.6282,38.2724],[15.6312,38.2725],[15.636,38.2728],[15.6416,38.2724],[15.6451,38.2718],[15.6473,38.2713],[15.6497,38.2705],[15.6516,38.2695],[15.6528,38.2677],[15.6512,38.2649],[15.6263,38.2597],[15.6196,38.2585],[15.6143,38.2574],[15.6108,38.2566],[15.6011,38.2535],[15.5883,38.2487],[15.5849,38.2473],[15.5832,38.2464],[15.5816,38.2447],[15.5731,38.2347],[15.5706,38.2305],[15.5675,38.2245],[15.5646,38.2152],[15.5625,38.2071],[15.559,38.2004],[15.5583,38.1986],[15.5577,38.1952],[15.5576,38.1905],[15.5586,38.1889],[15.5609,38.1881],[15.5648,38.1918],[15.5649,38.1944],[15.5623,38.1952],[15.5621,38.1982],[15.5709,38.1987],[15.5735,38.1973],[15.5762,38.1951],[15.575,38.193],[15.5733,38.1914],[15.5688,38.1879],[15.5658,38.1856],[15.5618,38.1817],[15.5527,38.1716],[15.5504,38.1689],[15.5301,38.1411],[15.5218,38.1283],[15.5188,38.1199],[15.508,38.1007],[15.504,38.093],[15.4938,38.0749],[15.4922,38.0729],[15.4891,38.0694],[15.4855,38.0667],[15.483,38.065],[15.4814,38.0633],[15.4804,38.0618],[15.4787,38.059],[15.4779,38.0568],[15.4772,38.0546],[15.4757,38.0532],[15.4727,38.0507],[15.4683,38.0476],[15.4638,38.0447],[15.4613,38.0429],[15.4578,38.0402],[15.443,38.0258],[15.4416,38.0243],[15.441,38.0214],[15.439,38.0169],[15.4305,38.0091],[15.4286,38.0077],[15.4229,38.002],[15.4204,37.9992],[15.4189,37.9974],[15.4177,37.9957],[15.4046,37.9833],[15.3866,37.9639],[15.3802,37.9572],[15.3766,37.9526],[15.375,37.9507],[15.371,37.9464],[15.3672,37.9428],[15.3645,37.94],[15.3613,37.9364],[15.3599,37.9348],[15.3574,37.9313],[15.3519,37.9261],[15.3505,37.9246],[15.3489,37.9228],[15.3463,37.9186],[15.3455,37.9166],[15.3471,37.914],[15.3484,37.9128],[15.346,37.9102],[15.3437,37.9097],[15.336,37.9053],[15.3298,37.8993],[15.3184,37.8883],[15.3139,37.8849],[15.3108,37.8824],[15.3063,37.8782],[15.3049,37.8765],[15.3031,37.8737],[15.3021,37.8721],[15.301,37.8705],[15.2997,37.8685],[15.2979,37.866],[15.297,37.8639],[15.2966,37.861],[15.2975,37.8589],[15.3006,37.8578],[15.2977,37.8507],[15.2871,37.8479],[15.2849,37.8466],[15.2814,37.8432],[15.2774,37.8396],[15.2734,37.8361],[15.2706,37.8331],[15.2694,37.8312],[15.2689,37.8289],[15.2695,37.8269],[15.2708,37.8257],[15.2655,37.8151],[15.2629,37.8132],[15.2613,37.8115],[15.2581,37.8072],[15.2535,37.8039],[15.2513,37.8022],[15.2485,37.7998],[15.2447,37.7958],[15.2429,37.7938],[15.2416,37.7922],[15.2384,37.7881],[15.2237,37.7683],[15.2161,37.7594],[15.2138,37.7565],[15.2118,37.7535],[15.21,37.7505],[15.2066,37.7439],[15.2053,37.741],[15.2048,37.7384],[15.2057,37.7325],[15.2098,37.7271],[15.2143,37.7211],[15.2174,37.7166],[15.2185,37.7141],[15.2183,37.7084],[15.2166,37.7048],[15.2156,37.7029],[15.2146,37.7011],[15.212,37.6976],[15.2098,37.695],[15.2053,37.688],[15.2034,37.6847],[15.2016,37.6814],[15.1992,37.6767],[15.1987,37.6746],[15.1995,37.6718],[15.1964,37.6652],[15.1961,37.663],[15.1963,37.6606],[15.1985,37.6588],[15.1998,37.6571],[15.1994,37.6548],[15.1932,37.6467],[15.1847,37.6403],[15.1803,37.6379],[15.1743,37.6321],[15.1755,37.6221],[15.173,37.6178],[15.1724,37.6101],[15.1736,37.5951],[15.1754,37.5894],[15.1767,37.5857],[15.1774,37.5806],[15.1772,37.5766],[15.1745,37.5742],[15.1697,37.5744],[15.1676,37.573],[15.159,37.5599],[15.1558,37.5596],[15.1534,37.5587],[15.1516,37.5579],[15.1492,37.5569],[15.1485,37.5538],[15.1477,37.5516],[15.1446,37.5452],[15.143,37.5436],[15.1296,37.536],[15.1268,37.5346],[15.1242,37.5346],[15.1162,37.5316],[15.1174,37.5246],[15.1161,37.5223],[15.1066,37.5146],[15.1008,37.506],[15.0983,37.5016],[15.0996,37.4994],[15.1003,37.4937],[15.1006,37.4912],[15.1006,37.488],[15.1,37.4839],[15.0991,37.487],[15.0998,37.4933],[15.0991,37.498],[15.0988,37.5004],[15.0959,37.5014],[15.0905,37.5001],[15.0913,37.4909],[15.0871,37.4846],[15.0862,37.4829],[15.0855,37.4805],[15.0854,37.4778],[15.0854,37.4735],[15.0858,37.4657],[15.0863,37.4578],[15.0868,37.4505],[15.0875,37.4435],[15.0878,37.4408],[15.0897,37.4249],[15.0915,37.4059],[15.0904,37.3957],[15.0904,37.3685],[15.0905,37.3627],[15.091,37.3587],[15.0931,37.3447],[15.0934,37.34],[15.0944,37.3345],[15.0965,37.3256],[15.0979,37.3211],[15.0994,37.318],[15.1014,37.3144],[15.1039,37.3113],[15.1053,37.3101],[15.1114,37.3114],[15.1313,37.3085],[15.1393,37.3068],[15.143,37.303],[15.1476,37.299],[15.1557,37.2929],[15.1616,37.2893],[15.1636,37.2887],[15.1661,37.2904],[15.1679,37.2922],[15.1702,37.2931],[15.1783,37.291],[15.1828,37.2888],[15.185,37.2875],[15.1852,37.2824],[15.1865,37.2796],[15.1942,37.2823],[15.1971,37.2874],[15.1981,37.2902],[15.1999,37.2933],[15.2043,37.2942],[15.2066,37.2934],[15.2091,37.2911],[15.2106,37.2887],[15.2128,37.2834],[15.2235,37.271],[15.2332,37.265],[15.2384,37.2626],[15.241,37.2606],[15.2432,37.2565],[15.2441,37.2525],[15.2437,37.25],[15.2446,37.2484],[15.2471,37.2478],[15.2462,37.2461],[15.2502,37.2448],[15.253,37.2443],[15.2554,37.2442],[15.2574,37.2437],[15.256,37.2414],[15.2541,37.2406],[15.2523,37.2396],[15.2533,37.2374],[15.2545,37.2358],[15.2539,37.2337],[15.247,37.2321],[15.2395,37.2359],[15.238,37.2376],[15.2369,37.2392],[15.2357,37.2409],[15.2312,37.2429],[15.2286,37.243],[15.2256,37.2408],[15.2241,37.2393],[15.2228,37.2336],[15.2235,37.2236],[15.2245,37.222],[15.2278,37.2209],[15.2269,37.2185],[15.2248,37.2163],[15.221,37.2175],[15.2164,37.2233],[15.2179,37.2265],[15.2168,37.2298],[15.2176,37.2384],[15.2156,37.2414],[15.2165,37.2449],[15.2152,37.2465],[15.2134,37.2477],[15.2065,37.2452],[15.2049,37.244],[15.2044,37.2414],[15.1975,37.2354],[15.1928,37.2359],[15.1865,37.237],[15.1903,37.2324],[15.1949,37.2262],[15.1944,37.2237],[15.192,37.222],[15.1908,37.2207],[15.1887,37.2171],[15.1851,37.2164],[15.1829,37.2108],[15.1846,37.1996],[15.1855,37.1951],[15.1865,37.1915],[15.1884,37.1894],[15.1904,37.1876],[15.2013,37.1782],[15.1995,37.1735],[15.2007,37.1614],[15.2045,37.155],[15.206,37.1533],[15.2083,37.1517],[15.2117,37.1503],[15.2144,37.1499],[15.2187,37.1499],[15.2211,37.1502],[15.2236,37.151],[15.2263,37.1523],[15.2269,37.1563],[15.2263,37.1585],[15.2332,37.1592],[15.2355,37.1581],[15.2448,37.1459],[15.2407,37.1458],[15.2381,37.1467],[15.2343,37.1486],[15.2326,37.1505],[15.2301,37.1524],[15.2273,37.1522],[15.2252,37.1512],[15.2231,37.1492],[15.2218,37.1471],[15.2208,37.1453],[15.2201,37.1434],[15.2198,37.1381],[15.2198,37.135],[15.2202,37.1318],[15.2207,37.1294],[15.2247,37.1258],[15.2327,37.1208],[15.2344,37.1196],[15.2374,37.1163],[15.241,37.1152],[15.2446,37.1144],[15.2534,37.1115],[15.2557,37.1106],[15.2589,37.1098],[15.2681,37.1159],[15.2658,37.1142],[15.2591,37.1097],[15.2597,37.1075],[15.2627,37.1061],[15.2695,37.1066],[15.2715,37.1074],[15.2803,37.1098],[15.2825,37.1101],[15.2867,37.1093],[15.2933,37.108],[15.2957,37.1067],[15.2989,37.0987],[15.3009,37.0927],[15.3014,37.0802],[15.2996,37.0791],[15.2975,37.0786],[15.296,37.0776],[15.2925,37.0694],[15.2933,37.0671],[15.2963,37.0655],[15.2987,37.0611],[15.2965,37.0528],[15.2943,37.0539],[15.2915,37.0605],[15.2897,37.063],[15.2808,37.0655],[15.278,37.0653],[15.2762,37.0638],[15.2745,37.0623],[15.2714,37.0579],[15.2705,37.0541],[15.2709,37.0517],[15.2756,37.0394],[15.277,37.0372],[15.2786,37.0355],[15.2816,37.0335],[15.2839,37.0329],[15.2882,37.0326],[15.2906,37.0329],[15.2921,37.0339],[15.2933,37.0362],[15.2988,37.0419],[15.3008,37.0426],[15.3031,37.0429],[15.3124,37.0386],[15.315,37.0371],[15.3159,37.0354],[15.3202,37.0266],[15.3328,37.0135],[15.3365,37.0081],[15.3365,37.0021],[15.334,37.0017],[15.3255,37.0025],[15.3219,37.0029],[15.315,37.0037],[15.3129,37.0049],[15.3114,37.0074],[15.304,37.0147],[15.3017,37.0153],[15.2988,37.0149],[15.2974,37.0137],[15.2937,37.0106],[15.2864,37.007],[15.2836,37.006],[15.2822,37.0071],[15.2798,37.0076],[15.276,37.0071],[15.2686,37.0031],[15.2657,36.9994],[15.2649,36.9976],[15.2638,36.9911],[15.2653,36.9889],[15.2664,36.9859],[15.2622,36.9823],[15.2593,36.9791],[15.2611,36.9762],[15.2627,36.9752],[15.2591,36.9733],[15.2443,36.9717],[15.2403,36.9722],[15.2362,36.9725],[15.2298,36.9703],[15.228,36.9682],[15.227,36.9666],[15.2231,36.9639],[15.2199,36.9624],[15.2165,36.9624],[15.2143,36.964],[15.2109,36.9647],[15.2085,36.9635],[15.2071,36.9622],[15.2056,36.96],[15.2033,36.955],[15.1978,36.9528],[15.1952,36.9511],[15.1905,36.9478],[15.1877,36.9466],[15.1785,36.9376],[15.1769,36.935],[15.1768,36.9326],[15.1743,36.928],[15.173,36.9263],[15.1682,36.9219],[15.1648,36.9212],[15.1601,36.9202],[15.158,36.9192],[15.1565,36.9179],[15.155,36.9163],[15.1537,36.9149],[15.152,36.912],[15.1457,36.9003],[15.1446,36.898],[15.1418,36.8922],[15.1371,36.8801],[15.1366,36.8779],[15.1379,36.8758],[15.1389,36.8736],[15.138,36.8697],[15.1373,36.8676],[15.136,36.8663],[15.1338,36.8673],[15.1309,36.8674],[15.1276,36.8662],[15.1251,36.8645],[15.1209,36.8611],[15.1184,36.8588],[15.1141,36.8535],[15.1124,36.8509],[15.1108,36.8483],[15.1063,36.8396],[15.1051,36.8342],[15.1062,36.8319],[15.1081,36.8261],[15.1096,36.8185],[15.1061,36.8065],[15.1015,36.8025],[15.0987,36.8033],[15.0951,36.802],[15.0942,36.7993],[15.0955,36.7955],[15.0978,36.7925],[15.0987,36.7908],[15.0972,36.7884],[15.0953,36.7856],[15.0944,36.7827],[15.0941,36.7804],[15.0943,36.778],[15.0955,36.7763],[15.0975,36.7753],[15.0996,36.7733],[15.1012,36.7698],[15.1005,36.7678],[15.1001,36.7656],[15.1017,36.7611],[15.1031,36.7579],[15.1044,36.7555],[15.1088,36.7493],[15.1111,36.747],[15.1141,36.7448],[15.1165,36.7442],[15.1195,36.7448],[15.1177,36.7414],[15.1166,36.7397],[15.1181,36.7329],[15.1192,36.7314],[15.1212,36.7323],[15.1225,36.717],[15.1211,36.714],[15.1232,36.7026],[15.1255,36.699],[15.127,36.6974],[15.1303,36.6953],[15.1349,36.6916],[15.1401,36.6853],[15.1369,36.6741],[15.1327,36.6676],[15.131,36.6665],[15.1272,36.6689],[15.1276,36.6713],[15.1223,36.6743],[15.1199,36.675],[15.1173,36.675],[15.1133,36.6737],[15.1096,36.6702],[15.1088,36.668],[15.1034,36.662],[15.0913,36.6543],[15.0869,36.6519],[15.0834,36.65],[15.0817,36.6491],[15.0801,36.6474],[15.0785,36.6502],[15.0768,36.6523],[15.0742,36.6552],[15.0723,36.6572],[15.0709,36.6585],[15.0687,36.6598],[15.0641,36.6616],[15.0617,36.6622],[15.0585,36.6623],[15.0551,36.6651],[15.0529,36.6726],[15.0523,36.6757],[15.0517,36.6778],[15.0507,36.6796],[15.0479,36.6836],[15.0455,36.6862],[15.0439,36.6877],[15.0423,36.6889],[15.0319,36.6955],[15.0271,36.6985],[15.0253,36.6993],[15.0207,36.7012],[15.018,36.702],[15.0131,36.7029],[15.0097,36.7033],[15.0066,36.7034],[15.0035,36.7032],[15.0004,36.7028],[14.9961,36.7021],[14.9943,36.7014],[14.9925,36.7005],[14.9809,36.6958],[14.9727,36.6926],[14.9566,36.6941],[14.9541,36.6953],[14.9517,36.6969],[14.9498,36.6983],[14.9477,36.6999],[14.9447,36.7023],[14.9401,36.7057],[14.9324,36.7109],[14.9287,36.7134],[14.9221,36.7177],[14.9186,36.7198],[14.9123,36.7233],[14.9103,36.7243],[14.9054,36.7264],[14.9021,36.7275],[14.898,36.7287],[14.8948,36.7295],[14.8884,36.7298],[14.8833,36.7307],[14.8788,36.731],[14.8726,36.731],[14.8695,36.7309],[14.8622,36.7302],[14.8548,36.7288],[14.8504,36.7277],[14.8364,36.723],[14.8345,36.7221],[14.827,36.7149],[14.8303,36.7104],[14.8317,36.7091],[14.8383,36.7084],[14.8405,36.7092],[14.839,36.7076],[14.8353,36.7079],[14.8318,36.7084],[14.8206,36.7163],[14.8185,36.717],[14.8147,36.7165],[14.8126,36.716],[14.8107,36.715],[14.8071,36.7123],[14.8014,36.7088],[14.7982,36.7072],[14.7936,36.7058],[14.7894,36.7049],[14.7831,36.7036],[14.7807,36.7038],[14.7721,36.7104],[14.764,36.7108],[14.762,36.7099],[14.7575,36.7104],[14.7559,36.7124],[14.7563,36.7149],[14.7542,36.7166],[14.7518,36.7181],[14.748,36.7197],[14.7442,36.7205],[14.7413,36.7206],[14.7163,36.7205],[14.7121,36.7199],[14.7097,36.7186],[14.7074,36.7176],[14.7054,36.717],[14.7016,36.7173],[14.6898,36.7212],[14.6867,36.7227],[14.6852,36.7245],[14.686,36.7265],[14.6793,36.734],[14.6775,36.736],[14.6755,36.7381],[14.6707,36.7425],[14.6644,36.7457],[14.6606,36.7474],[14.6586,36.7483],[14.6565,36.749],[14.6535,36.7496],[14.6491,36.7513],[14.6473,36.7526],[14.6438,36.7562],[14.6425,36.7578],[14.6406,36.7598],[14.6391,36.7611],[14.6282,36.7651],[14.6211,36.7656],[14.6069,36.7684],[14.6014,36.7698],[14.5993,36.7705],[14.5963,36.7717],[14.595,36.7731],[14.5926,36.7749],[14.5903,36.7762],[14.5883,36.777],[14.5561,36.7824],[14.5477,36.7828],[14.545,36.7825],[14.5445,36.7803],[14.5313,36.7805],[14.5278,36.7825],[14.5175,36.7872],[14.5142,36.7879],[14.5053,36.788],[14.5026,36.7873],[14.4972,36.7865],[14.4935,36.7865],[14.4829,36.7983],[14.4795,36.803],[14.4787,36.8049],[14.4665,36.8151],[14.4637,36.8168],[14.4604,36.8147],[14.4591,36.8162],[14.4576,36.8194],[14.4595,36.8226],[14.4598,36.8248],[14.4595,36.8272],[14.458,36.8334],[14.4572,36.8367],[14.4567,36.8387],[14.456,36.8407],[14.4538,36.8416],[14.4527,36.8435],[14.4511,36.8486],[14.4503,36.8513],[14.4496,36.8548],[14.4475,36.8613],[14.4468,36.8632],[14.4453,36.8672],[14.4444,36.8695],[14.4432,36.8712],[14.4392,36.8758],[14.4387,36.8782],[14.4372,36.8821],[14.4363,36.8842],[14.4347,36.886],[14.4282,36.8912],[14.4221,36.9036],[14.4205,36.9061],[14.4178,36.9099],[14.4165,36.9117],[14.4114,36.9179],[14.4006,36.9316],[14.399,36.9341],[14.3971,36.937],[14.3943,36.9411],[14.3882,36.9495],[14.3842,36.9548],[14.383,36.9561],[14.3765,36.9636],[14.3684,36.9726],[14.3644,36.9768],[14.3629,36.9784],[14.3591,36.982],[14.3531,36.9877],[14.3399,37.0001],[14.3383,37.0016],[14.3355,37.0037],[14.3263,37.0121],[14.3141,37.0225],[14.3003,37.034],[14.2981,37.0357],[14.2961,37.0371],[14.2869,37.0418],[14.2704,37.0504],[14.2686,37.0514],[14.2566,37.0587],[14.2442,37.0651],[14.2423,37.0659],[14.2397,37.0664],[14.2316,37.0676],[14.2128,37.0748],[14.2009,37.0802],[14.1983,37.0813],[14.1706,37.0911],[14.1672,37.0921],[14.1586,37.0946],[14.1437,37.0977],[14.1396,37.0985],[14.1372,37.0988],[14.1276,37.0998],[14.1158,37.1028],[14.1133,37.1033],[14.1017,37.1058],[14.0977,37.1066],[14.0828,37.1091],[14.0802,37.1095],[14.0691,37.1105],[14.066,37.1105],[14.0568,37.1101],[14.0391,37.1077],[14.0363,37.1061],[14.0325,37.1071],[14.0271,37.1081],[14.0245,37.1084],[14.003,37.1096],[13.9973,37.1099],[13.9944,37.1098],[13.9814,37.1093],[13.9788,37.1091],[13.9753,37.1086],[13.9705,37.1073],[13.9476,37.1001],[13.9464,37.0981],[13.9355,37.0964],[13.9299,37.0972],[13.9283,37.0981],[13.925,37.0987],[13.9216,37.0988],[13.9158,37.0981],[13.9089,37.0968],[13.9071,37.096],[13.8952,37.0974],[13.8876,37.0994],[13.8786,37.1022],[13.8593,37.1122],[13.8586,37.1159],[13.8572,37.1192],[13.8556,37.1218],[13.8518,37.1259],[13.8502,37.1275],[13.8447,37.133],[13.8425,37.1348],[13.8388,37.1373],[13.8363,37.1388],[13.8344,37.1395],[13.8315,37.1401],[13.8296,37.1417],[13.8247,37.1442],[13.8216,37.145],[13.8171,37.1455],[13.8082,37.1449],[13.7952,37.1452],[13.7933,37.1461],[13.7891,37.1468],[13.7787,37.146],[13.7669,37.1463],[13.7514,37.1493],[13.7404,37.1565],[13.736,37.1598],[13.7364,37.1619],[13.7294,37.1681],[13.7279,37.1693],[13.7262,37.1703],[13.7236,37.1713],[13.7208,37.172],[13.718,37.1711],[13.7109,37.172],[13.7086,37.1729],[13.6939,37.1817],[13.6913,37.1841],[13.6837,37.1876],[13.6688,37.1934],[13.6659,37.1937],[13.6634,37.1934],[13.6619,37.1976],[13.6607,37.2024],[13.656,37.2116],[13.6546,37.2134],[13.6529,37.2159],[13.6487,37.2206],[13.6418,37.2272],[13.6391,37.2295],[13.6365,37.2311],[13.6349,37.2322],[13.6322,37.2336],[13.6301,37.2345],[13.6263,37.2356],[13.6141,37.2419],[13.6046,37.2502],[13.5966,37.2565],[13.5932,37.2584],[13.5897,37.2598],[13.5774,37.267],[13.5743,37.2704],[13.5664,37.2782],[13.5634,37.2805],[13.5606,37.2824],[13.5587,37.2837],[13.5555,37.2854],[13.5536,37.2863],[13.5513,37.287],[13.5472,37.2869],[13.5423,37.2864],[13.5376,37.2822],[13.524,37.2865],[13.5186,37.2884],[13.5139,37.2908],[13.5118,37.2915],[13.507,37.2921],[13.5019,37.2918],[13.4991,37.2912],[13.4976,37.2902],[13.488,37.289],[13.4824,37.2882],[13.4675,37.2942],[13.4654,37.2951],[13.4545,37.2946],[13.4485,37.296],[13.4376,37.3021],[13.4263,37.3068],[13.4265,37.3097],[13.4252,37.3115],[13.4239,37.313],[13.4225,37.3143],[13.4152,37.3205],[13.4127,37.3234],[13.4099,37.3264],[13.4071,37.3293],[13.4055,37.3307],[13.4033,37.3322],[13.4007,37.3335],[13.3987,37.334],[13.3956,37.3338],[13.3895,37.3352],[13.3852,37.3386],[13.384,37.34],[13.378,37.345],[13.375,37.3468],[13.3731,37.3479],[13.3591,37.3536],[13.3541,37.3574],[13.3522,37.3585],[13.3502,37.3593],[13.3474,37.3599],[13.345,37.3602],[13.3427,37.3595],[13.3399,37.3591],[13.3231,37.3633],[13.3202,37.3651],[13.319,37.3678],[13.3121,37.3761],[13.3105,37.3776],[13.3031,37.3837],[13.3014,37.385],[13.2989,37.3865],[13.2965,37.3878],[13.2939,37.389],[13.2919,37.3898],[13.2866,37.3913],[13.2822,37.3915],[13.2769,37.3901],[13.2716,37.3917],[13.2684,37.3969],[13.2681,37.3999],[13.2669,37.4029],[13.2632,37.4103],[13.2606,37.4152],[13.2588,37.4184],[13.2575,37.4202],[13.2539,37.4245],[13.2454,37.4314],[13.2438,37.4323],[13.2416,37.433],[13.2352,37.4375],[13.231,37.4421],[13.2284,37.446],[13.2272,37.4482],[13.2223,37.454],[13.2198,37.4568],[13.2172,37.4592],[13.2149,37.461],[13.2133,37.462],[13.2114,37.4632],[13.2091,37.4641],[13.2063,37.4647],[13.2025,37.4641],[13.1996,37.4644],[13.1969,37.4648],[13.1943,37.4682],[13.1927,37.4712],[13.192,37.4731],[13.1906,37.4757],[13.1882,37.4786],[13.1728,37.4897],[13.1707,37.491],[13.1689,37.492],[13.1577,37.4959],[13.1557,37.4965],[13.1485,37.4973],[13.1443,37.4972],[13.1363,37.4957],[13.1335,37.495],[13.1324,37.4933],[13.1306,37.4925],[13.1219,37.4951],[13.1205,37.4962],[13.1189,37.4973],[13.0991,37.5019],[13.0934,37.5031],[13.0782,37.5057],[13.0647,37.5052],[13.0556,37.5043],[13.0499,37.5031],[13.048,37.5022],[13.0466,37.5011],[13.0435,37.4988],[13.0404,37.4965],[13.0386,37.4957],[13.0235,37.4952],[13.02,37.4956],[13.0169,37.4969],[13.0134,37.4992],[13.0122,37.5007],[13.0134,37.5027],[13.015,37.5043],[13.0146,37.5081],[13.0137,37.5098],[13.0124,37.5121],[13.0091,37.5164],[12.9929,37.5365],[12.9913,37.5381],[12.9898,37.5398],[12.9882,37.5413],[12.9864,37.5427],[12.9841,37.5441],[12.9821,37.5456],[12.9788,37.5481],[12.9715,37.5538],[12.9677,37.5576],[12.966,37.5595],[12.9642,37.5616],[12.9627,37.5627],[12.9606,37.5642],[12.9576,37.5661],[12.9559,37.5671],[12.9453,37.5715],[12.943,37.5723],[12.9357,37.5738],[12.9177,37.5771],[12.9145,37.5773],[12.9115,37.5768],[12.9069,37.575],[12.9054,37.574],[12.907,37.5727],[12.9104,37.5727],[12.9067,37.5724],[12.9022,37.5739],[12.9001,37.5748],[12.8965,37.5771],[12.8879,37.5774],[12.8842,37.5784],[12.8785,37.5796],[12.8696,37.5813],[12.8673,37.5816],[12.8645,37.582],[12.8582,37.5826],[12.8543,37.5828],[12.8519,37.5825],[12.8501,37.5814],[12.8399,37.5817],[12.8317,37.582],[12.8113,37.582],[12.781,37.5808],[12.7648,37.5788],[12.7551,37.5768],[12.7479,37.5752],[12.7367,37.5724],[12.7324,37.5713],[12.7298,37.5706],[12.7257,37.569],[12.7177,37.5672],[12.7065,37.565],[12.6947,37.5633],[12.6869,37.5612],[12.6847,37.5603],[12.6775,37.5598],[12.6728,37.56],[12.6637,37.5664],[12.6557,37.5755],[12.6502,37.5759],[12.6491,37.5779],[12.6452,37.5843],[12.6376,37.5929],[12.63,37.6015],[12.6256,37.6068],[12.6225,37.6117],[12.6199,37.6165],[12.6179,37.6211],[12.6163,37.6257],[12.6151,37.6289],[12.6144,37.631],[12.614,37.6347],[12.6123,37.6368],[12.6107,37.6381],[12.6064,37.6413],[12.6006,37.6436],[12.5973,37.6451],[12.5912,37.6498],[12.5871,37.6541],[12.5793,37.6511],[12.5761,37.6534],[12.5681,37.6599],[12.5665,37.6609],[12.5609,37.6625],[12.5583,37.663],[12.5553,37.6633],[12.5525,37.6633],[12.5494,37.6628],[12.5426,37.6617],[12.5389,37.6596],[12.5336,37.6587],[12.5181,37.6607],[12.518,37.6646],[12.5088,37.6711],[12.5013,37.6746],[12.4965,37.682],[12.494,37.6869],[12.4911,37.6895],[12.4892,37.6902],[12.4853,37.6911],[12.4769,37.6982],[12.4718,37.7034],[12.4715,37.7063],[12.4732,37.7073],[12.4751,37.7096],[12.4703,37.7208],[12.4708,37.7291],[12.4724,37.7357],[12.4721,37.7412],[12.4712,37.7444],[12.4701,37.747],[12.4633,37.7563],[12.4618,37.7575],[12.46,37.7585],[12.4581,37.7631],[12.4572,37.7663],[12.4569,37.7685],[12.4558,37.772],[12.4548,37.7737],[12.452,37.7779],[12.4508,37.7796],[12.4433,37.7882],[12.4419,37.7894],[12.4397,37.7908],[12.4337,37.7939],[12.4254,37.8013],[12.4288,37.8058],[12.4364,37.8108],[12.4413,37.8134],[12.4436,37.8115],[12.452,37.8128],[12.4574,37.8137],[12.4604,37.816],[12.4617,37.8173],[12.464,37.8209],[12.4664,37.8248],[12.468,37.8279],[12.4688,37.8352],[12.4679,37.8388],[12.4669,37.8404],[12.4742,37.8515],[12.4771,37.8556],[12.4752,37.858],[12.4795,37.8642],[12.4858,37.8735],[12.4858,37.8761],[12.4838,37.8801],[12.4824,37.8816],[12.4766,37.8846],[12.4668,37.8918],[12.4594,37.9063],[12.4598,37.9094],[12.4625,37.9111],[12.466,37.9142],[12.4676,37.9159],[12.4687,37.9174],[12.4714,37.9228],[12.4729,37.9259],[12.4758,37.9288],[12.4794,37.9318],[12.4832,37.938],[12.4885,37.9457],[12.4916,37.9511],[12.4966,37.9621],[12.4985,37.9661],[12.4981,37.9685],[12.4968,37.9724],[12.4958,37.9745],[12.4946,37.9763],[12.4937,37.9783],[12.4943,37.9849],[12.503,37.9905],[12.5066,37.9941],[12.5076,37.9968],[12.5084,37.9997],[12.5093,38.0038],[12.5192,38.0091],[12.52,38.0111],[12.5189,38.0136],[12.4994,38.0148],[12.4972,38.014],[12.4939,38.0152],[12.492,38.0162],[12.5056,38.0167],[12.5089,38.0171],[12.5121,38.0182],[12.5173,38.0206],[12.5258,38.0267],[12.5277,38.029],[12.5334,38.0346],[12.5487,38.046],[12.5544,38.0514],[12.5593,38.0635],[12.5694,38.0689],[12.5724,38.0697],[12.5764,38.0705],[12.5784,38.07],[12.5891,38.0664],[12.593,38.0665],[12.6007,38.0648],[12.6035,38.0647],[12.6074,38.0652],[12.6106,38.0657],[12.6306,38.0719],[12.6338,38.0733],[12.6377,38.0749],[12.6396,38.0761],[12.6449,38.0786],[12.6475,38.0843],[12.649,38.0856],[12.6512,38.086],[12.6605,38.0915],[12.6621,38.093],[12.663,38.0951],[12.662,38.0973],[12.6602,38.0984],[12.6583,38.0994],[12.6573,38.1021],[12.6569,38.1073],[12.6583,38.11],[12.6604,38.1118],[12.6624,38.1126],[12.6647,38.1129],[12.669,38.1133],[12.6723,38.1146],[12.6762,38.1137],[12.6806,38.1117],[12.6817,38.1093],[12.6877,38.106],[12.6913,38.1055],[12.7005,38.1057],[12.7097,38.1089],[12.7112,38.1105],[12.7128,38.1124],[12.7175,38.1165],[12.7217,38.1206],[12.7257,38.1246],[12.7264,38.1294],[12.7354,38.1364],[12.7376,38.1396],[12.7304,38.1506],[12.719,38.167],[12.7166,38.1714],[12.7156,38.1755],[12.7161,38.1787],[12.7179,38.1806],[12.7193,38.182],[12.7229,38.1849],[12.7258,38.1871],[12.7291,38.189],[12.7311,38.1896],[12.734,38.1895],[12.7345,38.1865],[12.7338,38.1828],[12.7315,38.1811],[12.7325,38.1795],[12.734,38.1806],[12.7343,38.1781],[12.7361,38.1768],[12.7386,38.1759],[12.7416,38.1758],[12.7447,38.176],[12.7465,38.1768],[12.752,38.1782],[12.766,38.1802],[12.7681,38.1796],[12.7698,38.1772],[12.7712,38.1725],[12.7717,38.1693],[12.7703,38.168],[12.7686,38.1668],[12.7674,38.1644],[12.7671,38.1604],[12.7674,38.1568],[12.7698,38.1513],[12.7728,38.1501],[12.7762,38.1506],[12.7785,38.151],[12.7909,38.1351],[12.7904,38.1288],[12.7897,38.1268],[12.7885,38.1199],[12.7902,38.112],[12.7925,38.1083],[12.7952,38.1041],[12.797,38.1016],[12.8044,38.0943],[12.805,38.0911],[12.811,38.0813],[12.8163,38.0802],[12.8177,38.0789],[12.8221,38.0712],[12.8266,38.0667],[12.8387,38.0584],[12.8453,38.0556],[12.852,38.0535],[12.8606,38.0507],[12.8619,38.052],[12.8683,38.0514],[12.8701,38.0478],[12.8714,38.0434],[12.8712,38.041],[12.8708,38.0383],[12.8785,38.0294],[12.893,38.0243],[12.8969,38.0244],[12.9025,38.0246],[12.9061,38.0248],[12.9079,38.0251]]],[[[12.529,38.0637],[12.5289,38.0637],[12.5289,38.0637],[12.5289,38.0638],[12.5289,38.064],[12.529,38.0642],[12.5292,38.0645],[12.5294,38.0648],[12.5296,38.0649],[12.5297,38.065],[12.5298,38.065],[12.5299,38.0649],[12.5299,38.0648],[12.5299,38.0647],[12.5298,38.0644],[12.5297,38.0641],[12.5294,38.0639],[12.5293,38.0638],[12.5292,38.0638],[12.529,38.0637]]],[[[12.2989,37.9117],[12.2985,37.9116],[12.2983,37.9117],[12.2981,37.9118],[12.298,37.9118],[12.2979,37.912],[12.2979,37.912],[12.298,37.9125],[12.298,37.9127],[12.2982,37.9128],[12.2982,37.9128],[12.2983,37.9125],[12.2989,37.9123],[12.299,37.9122],[12.2991,37.9121],[12.299,37.9118],[12.2989,37.9117]]],[[[12.2893,37.9137],[12.2891,37.9136],[12.289,37.9137],[12.289,37.914],[12.2891,37.9142],[12.2899,37.9153],[12.2899,37.9154],[12.29,37.9154],[12.2905,37.9147],[12.2905,37.9145],[12.2905,37.9144],[12.2902,37.9143],[12.2895,37.9138],[12.2893,37.9137]]],[[[12.3022,37.9159],[12.3037,37.9148],[12.3019,37.9138],[12.3,37.9153],[12.3017,37.9163],[12.3022,37.9159]]],[[[12.3084,37.9524],[12.3158,37.9387],[12.317,37.9367],[12.3233,37.9297],[12.3256,37.9294],[12.3265,37.9326],[12.3388,37.9366],[12.3444,37.9366],[12.3485,37.9348],[12.3497,37.9328],[12.3523,37.9279],[12.355,37.926],[12.3617,37.9222],[12.3648,37.9222],[12.3663,37.924],[12.3692,37.9224],[12.37,37.9207],[12.3706,37.9185],[12.3691,37.9138],[12.367,37.9079],[12.3658,37.9062],[12.3507,37.9076],[12.3476,37.9111],[12.3433,37.915],[12.3375,37.9197],[12.3168,37.9211],[12.3128,37.9205],[12.2986,37.9175],[12.2948,37.9163],[12.288,37.9157],[12.2816,37.9191],[12.2804,37.9212],[12.2781,37.9264],[12.2745,37.9361],[12.275,37.9386],[12.2779,37.9448],[12.2796,37.9457],[12.2825,37.9455],[12.2847,37.9448],[12.2862,37.9433],[12.2876,37.9418],[12.2991,37.9475],[12.3014,37.9504],[12.3028,37.9521],[12.3072,37.9554],[12.308,37.9534],[12.3084,37.9524]]],[[[12.0639,37.99],[12.0648,37.9776],[12.0663,37.9754],[12.0714,37.9697],[12.074,37.9665],[12.0772,37.9626],[12.0794,37.9598],[12.0805,37.9583],[12.0819,37.9546],[12.0916,37.9489],[12.0892,37.9464],[12.0843,37.9449],[12.0738,37.949],[12.0652,37.951],[12.0582,37.9525],[12.0505,37.955],[12.0444,37.9585],[12.0452,37.9623],[12.0453,37.9651],[12.0424,37.9698],[12.0364,37.9822],[12.0336,37.9887],[12.0314,37.9884],[12.03,37.9873],[12.0283,37.9888],[12.028,37.9912],[12.0295,37.9928],[12.0389,37.993],[12.045,37.9917],[12.0537,37.9905],[12.0605,37.9901],[12.0631,37.9931],[12.0648,37.9919],[12.0641,37.9901],[12.0639,37.99]]],[[[12.3275,37.9874],[12.3295,37.9867],[12.3273,37.9873],[12.3275,37.9874]]],[[[12.4259,37.9875],[12.4235,37.9884],[12.425,37.9898],[12.4268,37.9891],[12.4259,37.9875]]],[[[12.4167,37.9875],[12.4146,37.9883],[12.4132,37.9897],[12.4111,37.992],[12.4129,37.9911],[12.4167,37.9876],[12.4167,37.9875]]],[[[12.3335,38.0207],[12.34,38.0117],[12.3412,38.0078],[12.3459,37.9987],[12.3521,37.9948],[12.3531,37.9929],[12.3512,37.9886],[12.337,37.9856],[12.3339,37.9859],[12.3298,37.9871],[12.327,37.9893],[12.3237,37.9935],[12.3227,37.9951],[12.3205,37.9995],[12.3221,38.0073],[12.3246,38.0088],[12.331,38.0146],[12.3317,38.0179],[12.3332,38.0206],[12.3335,38.0207]]],[[[12.4569,37.8626],[12.4565,37.8625],[12.4563,37.8627],[12.4564,37.8629],[12.4569,37.863],[12.4572,37.8629],[12.4573,37.8626],[12.4569,37.8626]]],[[[12.471,37.8705],[12.4722,37.8691],[12.4718,37.8663],[12.4686,37.8638],[12.4655,37.864],[12.4642,37.8685],[12.4654,37.8698],[12.4694,37.8707],[12.471,37.8705]]],[[[12.4648,37.8785],[12.4625,37.8791],[12.4584,37.8818],[12.457,37.8837],[12.4553,37.8874],[12.4575,37.8842],[12.464,37.8804],[12.4654,37.8792],[12.4648,37.8785]]],[[[12.45,37.8962],[12.4474,37.8954],[12.4458,37.8937],[12.4462,37.8889],[12.4481,37.8861],[12.4492,37.8842],[12.4513,37.8743],[12.4511,37.8715],[12.4485,37.8685],[12.449,37.8621],[12.4502,37.8571],[12.4511,37.854],[12.4515,37.8511],[12.4508,37.8482],[12.4472,37.8441],[12.4455,37.8449],[12.4445,37.8481],[12.4401,37.8644],[12.4392,37.8676],[12.4384,37.8718],[12.438,37.8744],[12.4381,37.8778],[12.4375,37.8804],[12.4367,37.8829],[12.4355,37.8847],[12.434,37.8859],[12.4313,37.8878],[12.4294,37.8901],[12.4288,37.8923],[12.4298,37.8944],[12.4319,37.8961],[12.4355,37.8962],[12.439,37.8965],[12.4446,37.8979],[12.4473,37.8989],[12.4489,37.8998],[12.4553,37.905],[12.455,37.8984],[12.45,37.8962]]],[[[11.9545,36.8394],[11.9599,36.839],[11.9687,36.8365],[11.9726,36.8347],[11.9771,36.8316],[11.9782,36.8297],[11.9802,36.8264],[11.9862,36.8239],[11.9889,36.8229],[12.0013,36.8197],[12.0036,36.8206],[12.0062,36.8246],[12.0112,36.8259],[12.0133,36.8252],[12.02,36.8193],[12.0248,36.8139],[12.0265,36.8123],[12.0343,36.8066],[12.0392,36.8032],[12.0488,36.7998],[12.05,36.7975],[12.0535,36.7906],[12.0549,36.7826],[12.0558,36.7753],[12.0545,36.7615],[12.0521,36.7561],[12.049,36.7502],[12.0451,36.7468],[12.0429,36.7452],[12.0284,36.7358],[12.0252,36.7349],[12.0104,36.7344],[11.9929,36.7374],[11.9821,36.7445],[11.9794,36.7476],[11.978,36.75],[11.9776,36.7534],[11.9726,36.763],[11.97,36.7658],[11.9686,36.7669],[11.966,36.7669],[11.9585,36.7677],[11.9559,36.7698],[11.9564,36.7722],[11.955,36.7767],[11.9542,36.7786],[11.9519,36.782],[11.9441,36.7904],[11.9423,36.7916],[11.9393,36.792],[11.9372,36.7932],[11.928,36.8007],[11.9267,36.8021],[11.9262,36.8067],[11.927,36.8198],[11.9319,36.8276],[11.9351,36.8319],[11.9446,36.8364],[11.9528,36.8394],[11.9545,36.8394]]],[[[12.4966,38.0115],[12.4939,38.0111],[12.4912,38.0112],[12.489,38.0118],[12.4917,38.0118],[12.4942,38.0116],[12.4963,38.0121],[12.4966,38.0115]]],[[[12.4889,38.0124],[12.4884,38.0123],[12.488,38.0125],[12.488,38.0127],[12.4882,38.0129],[12.4888,38.0128],[12.489,38.0127],[12.4891,38.0125],[12.4889,38.0124]]],[[[12.4696,37.7305],[12.4698,37.7303],[12.4693,37.7304],[12.469,37.7306],[12.469,37.7309],[12.4692,37.7308],[12.4693,37.7308],[12.4696,37.7305]]],[[[13.2353,38.2126],[13.2373,38.212],[13.2377,38.2082],[13.235,38.2083],[13.2338,38.2103],[13.2353,38.2126]]],[[[13.1803,38.7206],[13.1824,38.7187],[13.1861,38.7166],[13.1941,38.7146],[13.197,38.714],[13.1986,38.713],[13.2004,38.7107],[13.1996,38.7086],[13.1942,38.7035],[13.186,38.6962],[13.1735,38.6919],[13.1688,38.6913],[13.16,38.6915],[13.1563,38.6921],[13.1529,38.6935],[13.1593,38.7119],[13.1716,38.7182],[13.1767,38.7199],[13.1799,38.7208],[13.1803,38.7206]]],[[[14.8467,38.5379],[14.8452,38.5391],[14.8311,38.547],[14.8093,38.5529],[14.8033,38.555],[14.7973,38.5602],[14.7961,38.5616],[14.7987,38.5661],[14.7986,38.5699],[14.8059,38.5816],[14.8074,38.5831],[14.8196,38.5831],[14.8385,38.5812],[14.8445,38.5796],[14.8481,38.5797],[14.8516,38.5804],[14.8548,38.5815],[14.8568,38.5824],[14.8647,38.583],[14.8713,38.5775],[14.8716,38.5707],[14.873,38.5668],[14.8736,38.5612],[14.8726,38.5587],[14.8689,38.5534],[14.8684,38.5502],[14.8686,38.5469],[14.8696,38.5407],[14.8706,38.539],[14.8716,38.5374],[14.8584,38.5344],[14.8487,38.5366],[14.8467,38.5379]]],[[[14.9388,38.3995],[14.9383,38.3995],[14.9383,38.3995],[14.9381,38.3995],[14.9381,38.3996],[14.938,38.3997],[14.938,38.3998],[14.938,38.3998],[14.9381,38.3999],[14.9385,38.4001],[14.9385,38.4001],[14.9387,38.4001],[14.9387,38.4001],[14.939,38.4001],[14.9391,38.4],[14.9391,38.3999],[14.9388,38.3995],[14.9388,38.3995]]],[[[14.9637,38.4121],[14.9852,38.4054],[14.9971,38.3962],[14.9991,38.3916],[15.0001,38.387],[15.0061,38.3757],[15.0028,38.3709],[14.9923,38.3667],[14.985,38.3667],[14.9764,38.369],[14.9748,38.3707],[14.9733,38.3725],[14.9636,38.3798],[14.9611,38.3815],[14.9572,38.3818],[14.9548,38.3819],[14.9519,38.3829],[14.9501,38.3841],[14.9393,38.402],[14.9389,38.4073],[14.9395,38.4113],[14.9421,38.4112],[14.9539,38.418],[14.9545,38.4212],[14.9532,38.4228],[14.9534,38.4274],[14.9554,38.4305],[14.9585,38.432],[14.9612,38.4318],[14.9636,38.4306],[14.9688,38.426],[14.9678,38.4226],[14.9628,38.4199],[14.9637,38.4121]]],[[[14.9625,38.5212],[14.9647,38.5063],[14.9643,38.5037],[14.9628,38.5016],[14.9617,38.4995],[14.9616,38.4953],[14.9621,38.4924],[14.963,38.4903],[14.9644,38.4886],[14.9665,38.4868],[14.9681,38.4859],[14.971,38.4851],[14.973,38.4859],[14.9757,38.4862],[14.9793,38.4848],[14.9807,38.4833],[14.9804,38.4807],[14.9783,38.4787],[14.9759,38.4781],[14.9719,38.4776],[14.9684,38.4771],[14.965,38.4782],[14.9632,38.4789],[14.9581,38.4775],[14.9561,38.4758],[14.9551,38.474],[14.9545,38.4719],[14.9569,38.4597],[14.958,38.4572],[14.959,38.4553],[14.9609,38.4538],[14.9626,38.4528],[14.9617,38.4491],[14.9591,38.4431],[14.9564,38.4398],[14.9542,38.4391],[14.9457,38.4414],[14.9431,38.4435],[14.943,38.4463],[14.9427,38.4486],[14.942,38.4504],[14.9343,38.46],[14.9327,38.4611],[14.9252,38.4624],[14.9221,38.4626],[14.9196,38.4627],[14.9125,38.4652],[14.9109,38.4665],[14.9018,38.476],[14.9005,38.4776],[14.899,38.4809],[14.8977,38.4864],[14.8982,38.49],[14.9022,38.4948],[14.9034,38.4992],[14.9036,38.5042],[14.904,38.5086],[14.9046,38.5111],[14.9061,38.5133],[14.9125,38.5184],[14.9219,38.5217],[14.9262,38.523],[14.9283,38.5223],[14.9298,38.5211],[14.932,38.5202],[14.9385,38.5197],[14.9428,38.5196],[14.9459,38.5197],[14.9494,38.5205],[14.9565,38.5226],[14.9605,38.5234],[14.9625,38.5212]]],[[[14.3518,38.5306],[14.349,38.5308],[14.3454,38.5316],[14.3433,38.5327],[14.3415,38.5347],[14.34,38.5379],[14.3393,38.5426],[14.3395,38.5462],[14.3403,38.5482],[14.3436,38.5515],[14.345,38.5526],[14.348,38.5538],[14.3577,38.5545],[14.3606,38.5546],[14.363,38.554],[14.3647,38.5527],[14.3659,38.5509],[14.3664,38.5481],[14.3659,38.5456],[14.3639,38.539],[14.3624,38.5357],[14.36,38.5323],[14.356,38.5307],[14.3536,38.5306],[14.3518,38.5306]]],[[[14.5871,38.5586],[14.5893,38.5591],[14.5912,38.5598],[14.5936,38.5586],[14.5933,38.5559],[14.5868,38.5534],[14.5842,38.554],[14.583,38.5557],[14.5775,38.5573],[14.5689,38.5588],[14.5648,38.5587],[14.5622,38.5582],[14.5598,38.5576],[14.5558,38.5578],[14.5426,38.5708],[14.5394,38.5773],[14.5416,38.5822],[14.543,38.5837],[14.5444,38.5848],[14.5532,38.5858],[14.5616,38.5848],[14.5739,38.5818],[14.5769,38.5804],[14.5806,38.5749],[14.5814,38.5726],[14.5807,38.5703],[14.5796,38.5679],[14.58,38.5642],[14.5808,38.5618],[14.583,38.5601],[14.5853,38.5591],[14.5871,38.5586]]],[[[15.063,38.6242],[15.0624,38.624],[15.0622,38.624],[15.0621,38.6243],[15.0623,38.6244],[15.0625,38.6245],[15.0627,38.6245],[15.0635,38.6247],[15.0637,38.6247],[15.0638,38.6246],[15.0638,38.6245],[15.0632,38.6242],[15.063,38.6242]]],[[[15.1066,38.6347],[15.1065,38.6347],[15.1064,38.6347],[15.1065,38.6349],[15.1066,38.6353],[15.1066,38.6353],[15.1067,38.6354],[15.1069,38.6354],[15.1069,38.6354],[15.1069,38.6351],[15.1067,38.6348],[15.1066,38.6347]]],[[[15.111,38.6372],[15.111,38.6371],[15.1107,38.6374],[15.1105,38.6375],[15.11,38.6382],[15.11,38.6387],[15.11,38.6387],[15.1103,38.6386],[15.1111,38.6379],[15.1112,38.6377],[15.1111,38.6376],[15.111,38.6372]]],[[[15.0971,38.6386],[15.0967,38.6387],[15.096,38.6391],[15.0959,38.6392],[15.0958,38.6394],[15.0972,38.6402],[15.0976,38.6404],[15.0979,38.6402],[15.098,38.6401],[15.0982,38.6392],[15.0982,38.639],[15.0982,38.6389],[15.0981,38.6388],[15.098,38.6387],[15.0971,38.6386]]],[[[15.1141,38.6385],[15.1121,38.6392],[15.1139,38.6404],[15.1155,38.6391],[15.1141,38.6385]]],[[[15.0648,38.6467],[15.0648,38.6465],[15.0646,38.6465],[15.0639,38.6469],[15.0637,38.647],[15.0637,38.647],[15.0637,38.6471],[15.0639,38.6472],[15.0641,38.6472],[15.0643,38.6472],[15.0645,38.6471],[15.0648,38.6467]]],[[[15.0585,38.625],[15.0565,38.6255],[15.0551,38.6268],[15.0546,38.6292],[15.057,38.637],[15.0591,38.6407],[15.0623,38.6435],[15.0659,38.6458],[15.0689,38.6473],[15.0729,38.6467],[15.0747,38.6458],[15.0769,38.644],[15.0778,38.641],[15.0774,38.6357],[15.076,38.6326],[15.0737,38.6294],[15.0585,38.625]]],[[[15.109,38.6643],[15.1088,38.6643],[15.1088,38.6643],[15.1086,38.6643],[15.1085,38.6643],[15.1079,38.6647],[15.1077,38.6649],[15.1077,38.6649],[15.1086,38.6651],[15.1087,38.665],[15.1091,38.6643],[15.109,38.6643]]],[[[15.1181,38.6609],[15.1105,38.6617],[15.1094,38.6634],[15.1147,38.6662],[15.118,38.6643],[15.1182,38.6617],[15.1181,38.6609]]],[[[15.2151,38.7715],[15.211,38.7726],[15.1957,38.7799],[15.1885,38.7878],[15.1874,38.7907],[15.1891,38.7955],[15.1924,38.7966],[15.195,38.7968],[15.1977,38.7976],[15.2071,38.8037],[15.2112,38.8083],[15.2128,38.8102],[15.2148,38.8111],[15.2167,38.8118],[15.2203,38.8121],[15.2291,38.8103],[15.2312,38.8097],[15.2423,38.805],[15.2433,38.8029],[15.2425,38.8002],[15.24,38.7983],[15.2373,38.7956],[15.2315,38.7896],[15.2297,38.7863],[15.2296,38.7825],[15.2269,38.7772],[15.2163,38.7718],[15.2151,38.7715]]],[[[15.3013,37.8506],[15.3015,37.8504],[15.3015,37.8502],[15.3016,37.8501],[15.3016,37.8499],[15.3014,37.8497],[15.3012,37.8496],[15.3012,37.8495],[15.301,37.8494],[15.3004,37.8495],[15.3001,37.8498],[15.3,37.8499],[15.2999,37.8502],[15.3,37.8507],[15.3002,37.8507],[15.3003,37.8504],[15.3003,37.8504],[15.3005,37.8505],[15.3008,37.8507],[15.3009,37.8507],[15.3013,37.8506]]],[[[12.5599,35.5093],[12.5597,35.5091],[12.5583,35.5095],[12.5578,35.5098],[12.5574,35.5103],[12.5573,35.5106],[12.5584,35.5113],[12.5586,35.5114],[12.5593,35.5102],[12.5596,35.5096],[12.5599,35.5093]]],[[[12.5287,35.5288],[12.5286,35.5287],[12.5285,35.5288],[12.5284,35.5289],[12.5284,35.5289],[12.5283,35.529],[12.5283,35.5291],[12.5283,35.5291],[12.5284,35.5291],[12.5285,35.5291],[12.5286,35.5291],[12.5287,35.5291],[12.5288,35.529],[12.5288,35.5289],[12.5287,35.5288]]],[[[12.5314,35.5291],[12.5333,35.5284],[12.5364,35.5288],[12.5409,35.5287],[12.5438,35.5285],[12.5464,35.5274],[12.5527,35.525],[12.5552,35.5246],[12.5682,35.5236],[12.5764,35.5232],[12.5806,35.5228],[12.586,35.522],[12.5903,35.5213],[12.5932,35.5208],[12.5964,35.5211],[12.5989,35.5215],[12.6006,35.5226],[12.6038,35.5259],[12.6228,35.5221],[12.6279,35.5204],[12.6319,35.5183],[12.6324,35.5162],[12.6295,35.5155],[12.6253,35.5102],[12.6316,35.5029],[12.6327,35.494],[12.623,35.4938],[12.6189,35.4939],[12.6079,35.4952],[12.607,35.4977],[12.6054,35.5016],[12.6039,35.5028],[12.6021,35.5019],[12.5993,35.4986],[12.6003,35.4971],[12.5993,35.4955],[12.5904,35.4984],[12.5705,35.509],[12.5688,35.5114],[12.5397,35.516],[12.5374,35.5164],[12.5321,35.5167],[12.53,35.5159],[12.5189,35.519],[12.5176,35.5211],[12.5265,35.528],[12.5309,35.5291],[12.5314,35.5291]]],[[[12.3214,35.5506],[12.3201,35.5519],[12.3221,35.5526],[12.3214,35.5506]]],[[[12.8773,35.8748],[12.8794,35.8727],[12.8827,35.8625],[12.8833,35.8599],[12.8832,35.8573],[12.8815,35.8551],[12.8749,35.8555],[12.8595,35.855],[12.8566,35.857],[12.8485,35.8683],[12.8491,35.8707],[12.8603,35.8757],[12.8633,35.8754],[12.8652,35.8747],[12.8732,35.8746],[12.8754,35.8754],[12.8773,35.8748]]],[[[13.8571,37.1119],[13.8568,37.1118],[13.8564,37.1119],[13.8563,37.1119],[13.8562,37.112],[13.8561,37.1122],[13.8558,37.1127],[13.8558,37.1128],[13.8559,37.1128],[13.8563,37.1128],[13.8563,37.1128],[13.8566,37.1127],[13.8567,37.1126],[13.8569,37.1125],[13.857,37.1124],[13.8572,37.1121],[13.8573,37.112],[13.8571,37.1119]]],[[[15.1662,37.5593],[15.1658,37.5592],[15.1654,37.5593],[15.1653,37.5598],[15.1655,37.5601],[15.1656,37.5601],[15.1663,37.5595],[15.1662,37.5593]]],[[[15.1668,37.5604],[15.1665,37.5604],[15.1661,37.5606],[15.1659,37.5612],[15.1661,37.562],[15.1666,37.5622],[15.1669,37.5621],[15.1675,37.5618],[15.168,37.5614],[15.1677,37.5606],[15.1668,37.5604]]],[[[14.9321,36.6857],[14.932,36.6857],[14.9319,36.6858],[14.9318,36.6858],[14.9318,36.6858],[14.9317,36.6858],[14.9315,36.6859],[14.9315,36.686],[14.9316,36.6862],[14.9316,36.6863],[14.9317,36.6863],[14.9317,36.6863],[14.9318,36.6864],[14.932,36.6865],[14.9322,36.6865],[14.9322,36.6865],[14.9323,36.6865],[14.9324,36.6864],[14.9325,36.6863],[14.9326,36.6862],[14.9326,36.6862],[14.9326,36.6861],[14.9326,36.686],[14.9326,36.6859],[14.9326,36.6858],[14.9324,36.6858],[14.9322,36.6858],[14.9321,36.6857]]],[[[15.2056,37.2357],[15.2036,37.2352],[15.2056,37.2362],[15.2056,37.2357]]],[[[15.2473,37.2479],[15.2473,37.2479],[15.2473,37.248],[15.2473,37.2479]]],[[[15.1062,36.7907],[15.1042,36.7917],[15.1057,36.7927],[15.1062,36.7907]]],[[[15.1188,36.7378],[15.1187,36.7378],[15.1186,36.7378],[15.1184,36.738],[15.1184,36.7381],[15.1184,36.7381],[15.1184,36.7383],[15.1184,36.7384],[15.1184,36.7385],[15.1188,36.7386],[15.1191,36.7386],[15.1192,36.7386],[15.1192,36.7386],[15.1193,36.7385],[15.1193,36.7385],[15.1192,36.7381],[15.1191,36.738],[15.1191,36.738],[15.1188,36.7378]]],[[[15.2645,36.9787],[15.2643,36.9787],[15.2641,36.9787],[15.2637,36.9787],[15.2636,36.9788],[15.2633,36.9789],[15.2632,36.9789],[15.2631,36.9789],[15.2631,36.979],[15.2632,36.9797],[15.2632,36.9797],[15.2635,36.9798],[15.2635,36.9798],[15.2638,36.9797],[15.264,36.9797],[15.2641,36.9796],[15.2642,36.9796],[15.2649,36.979],[15.2649,36.979],[15.2649,36.9789],[15.2649,36.9788],[15.2648,36.9788],[15.2647,36.9787],[15.2646,36.9787],[15.2645,36.9787]]],[[[15.1443,36.6823],[15.1432,36.6842],[15.1452,36.6874],[15.1478,36.689],[15.1519,36.6893],[15.1542,36.6889],[15.1534,36.6871],[15.1519,36.6857],[15.1443,36.6823]]]]},"properties":{"name":"Sicilia"}},{"type":"Feature","geometry":{"type":"MultiPolygon","coordinates":[[[[8.3373,40.4993],[8.337,40.4992],[8.3365,40.4996],[8.3367,40.5],[8.3371,40.4996],[8.3373,40.4993]]],[[[8.3004,40.5717],[8.3003,40.5717],[8.2999,40.5717],[8.2995,40.5718],[8.2994,40.572],[8.2994,40.5721],[8.3,40.5732],[8.3005,40.5722],[8.3005,40.5721],[8.3005,40.5719],[8.3004,40.5717]]],[[[8.1517,40.5688],[8.1505,40.5702],[8.1523,40.5721],[8.152,40.5691],[8.1517,40.5688]]],[[[8.1408,40.6054],[8.1437,40.6053],[8.1403,40.6017],[8.1378,40.6026],[8.1395,40.6053],[8.1408,40.6054]]],[[[8.3679,40.4964],[8.3658,40.4954],[8.3631,40.495],[8.3483,40.5033],[8.3392,40.5092],[8.3264,40.5304],[8.3252,40.5329],[8.322,40.5437],[8.3187,40.5501],[8.3128,40.5599],[8.3153,40.5616],[8.3179,40.5671],[8.318,40.5697],[8.3173,40.5721],[8.3161,40.5739],[8.3068,40.5856],[8.3044,40.5877],[8.2994,40.5911],[8.295,40.593],[8.292,40.5939],[8.2875,40.5951],[8.2735,40.5917],[8.2688,40.5902],[8.2585,40.5843],[8.2511,40.5845],[8.2472,40.5825],[8.2457,40.581],[8.2457,40.5781],[8.2449,40.574],[8.2438,40.5699],[8.2325,40.5692],[8.2164,40.5705],[8.2074,40.5708],[8.2035,40.5705],[8.1981,40.5712],[8.1977,40.5757],[8.2005,40.58],[8.2169,40.5941],[8.2183,40.5965],[8.2194,40.6005],[8.2187,40.6036],[8.2122,40.6123],[8.2102,40.6143],[8.2072,40.6161],[8.2052,40.6169],[8.2024,40.6177],[8.1995,40.6182],[8.196,40.6185],[8.1926,40.6179],[8.1904,40.6172],[8.1891,40.6158],[8.1867,40.6063],[8.182,40.5986],[8.1683,40.5841],[8.1656,40.5841],[8.1631,40.5814],[8.1617,40.5781],[8.1622,40.575],[8.1656,40.5676],[8.165,40.5625],[8.1644,40.5603],[8.1615,40.5615],[8.1585,40.5663],[8.1575,40.5693],[8.1585,40.5718],[8.1556,40.5781],[8.1509,40.5794],[8.1498,40.5837],[8.1474,40.5975],[8.1483,40.6045],[8.1434,40.6155],[8.1446,40.6229],[8.1465,40.6261],[8.1485,40.6267],[8.1631,40.6295],[8.1844,40.6373],[8.1867,40.6392],[8.1902,40.6561],[8.1925,40.664],[8.1968,40.6718],[8.1988,40.6733],[8.1969,40.6743],[8.1964,40.678],[8.1992,40.6781],[8.2019,40.6788],[8.2041,40.6796],[8.205,40.6827],[8.2046,40.6859],[8.2031,40.6885],[8.2006,40.6894],[8.1943,40.6916],[8.1919,40.6913],[8.1895,40.6909],[8.1869,40.6912],[8.1749,40.6947],[8.1742,40.6977],[8.1747,40.6997],[8.1754,40.7015],[8.1743,40.7031],[8.1733,40.7047],[8.1711,40.7073],[8.1695,40.7087],[8.1622,40.7123],[8.155,40.7161],[8.153,40.7193],[8.1483,40.7249],[8.1446,40.7272],[8.1424,40.728],[8.1394,40.7276],[8.1368,40.729],[8.1338,40.7314],[8.1351,40.7376],[8.1445,40.7441],[8.1517,40.7489],[8.1639,40.7633],[8.1659,40.7657],[8.1671,40.7726],[8.1675,40.7802],[8.1602,40.7909],[8.1609,40.7937],[8.1622,40.7961],[8.1655,40.7959],[8.1692,40.7965],[8.1758,40.801],[8.1781,40.8035],[8.1849,40.8122],[8.1885,40.8201],[8.1915,40.8213],[8.1954,40.8281],[8.1953,40.835],[8.2011,40.8435],[8.2029,40.8457],[8.2059,40.8491],[8.2083,40.8543],[8.2183,40.8685],[8.2194,40.8817],[8.2237,40.8862],[8.2193,40.9001],[8.2038,40.9092],[8.2012,40.9105],[8.1976,40.912],[8.1927,40.9128],[8.1887,40.918],[8.1899,40.9205],[8.1918,40.9211],[8.1908,40.9244],[8.1835,40.9286],[8.1768,40.9326],[8.1758,40.935],[8.1765,40.9373],[8.1849,40.9504],[8.1897,40.9576],[8.1983,40.9692],[8.2014,40.9708],[8.2035,40.9703],[8.2093,40.9666],[8.2117,40.9633],[8.2265,40.9531],[8.23,40.953],[8.232,40.9538],[8.237,40.9537],[8.2378,40.9509],[8.233,40.9404],[8.2295,40.9379],[8.2291,40.9342],[8.23,40.9297],[8.2316,40.9284],[8.2345,40.9232],[8.2351,40.9209],[8.236,40.917],[8.2354,40.9147],[8.2331,40.9145],[8.2323,40.9119],[8.2343,40.9085],[8.2381,40.9034],[8.2488,40.8915],[8.2511,40.8894],[8.2688,40.8741],[8.277,40.8677],[8.2792,40.8658],[8.2811,40.8644],[8.2857,40.861],[8.2877,40.8596],[8.29,40.8581],[8.3015,40.851],[8.3043,40.8496],[8.3126,40.8455],[8.3147,40.8445],[8.3229,40.8435],[8.3263,40.8439],[8.3374,40.8424],[8.3433,40.8407],[8.3496,40.8483],[8.3501,40.8504],[8.3544,40.8513],[8.3614,40.8528],[8.3646,40.8528],[8.3706,40.8523],[8.3757,40.8519],[8.3847,40.8512],[8.3667,40.8525],[8.3632,40.8527],[8.3606,40.8524],[8.3513,40.8503],[8.3481,40.8405],[8.3686,40.838],[8.3809,40.8384],[8.3995,40.8384],[8.403,40.8394],[8.4077,40.8378],[8.412,40.8384],[8.4312,40.8308],[8.4371,40.8275],[8.4418,40.825],[8.4493,40.8213],[8.4556,40.82],[8.4578,40.8197],[8.467,40.8195],[8.4792,40.8194],[8.4863,40.8198],[8.4947,40.8205],[8.5194,40.8232],[8.523,40.8237],[8.5258,40.8241],[8.5325,40.8251],[8.5398,40.8263],[8.5434,40.8271],[8.5464,40.8277],[8.5494,40.8284],[8.5542,40.8297],[8.5597,40.8312],[8.5634,40.8322],[8.5655,40.8329],[8.5717,40.8349],[8.5766,40.8366],[8.5795,40.8377],[8.5895,40.842],[8.5941,40.8441],[8.6039,40.849],[8.6077,40.8512],[8.6206,40.8605],[8.6221,40.8617],[8.6245,40.8638],[8.6285,40.8721],[8.6307,40.8784],[8.6324,40.8813],[8.6343,40.8823],[8.6374,40.8832],[8.6522,40.8915],[8.6577,40.8948],[8.6649,40.8965],[8.6703,40.8973],[8.6834,40.903],[8.6884,40.9057],[8.6899,40.9068],[8.691,40.9094],[8.6946,40.9123],[8.6989,40.9145],[8.702,40.9155],[8.7076,40.9138],[8.7188,40.9131],[8.726,40.9127],[8.7288,40.9134],[8.7308,40.9152],[8.7327,40.9169],[8.7429,40.9185],[8.745,40.918],[8.7596,40.9158],[8.7684,40.9159],[8.7708,40.9162],[8.7812,40.9191],[8.784,40.92],[8.7899,40.9222],[8.7946,40.9256],[8.7991,40.929],[8.802,40.9309],[8.8058,40.9332],[8.8092,40.9353],[8.8182,40.9414],[8.8269,40.9489],[8.8365,40.9572],[8.8564,40.9771],[8.8596,40.9804],[8.8626,40.9835],[8.8643,40.9853],[8.866,40.9874],[8.873,40.9955],[8.877,41.0042],[8.8766,41.01],[8.8796,41.0249],[8.8788,41.0271],[8.8799,41.0287],[8.8926,41.0279],[8.8965,41.0315],[8.8995,41.0334],[8.9061,41.0365],[8.9088,41.0367],[8.9159,41.0358],[8.929,41.0437],[8.9414,41.0545],[8.9555,41.0672],[8.9686,41.0783],[8.9761,41.0839],[8.9834,41.0938],[8.9901,41.1028],[8.9926,41.1044],[8.9948,41.1049],[8.9993,41.1045],[8.9968,41.1066],[9.0058,41.1185],[9.0112,41.124],[9.0133,41.1254],[9.0218,41.1266],[9.0317,41.1316],[9.0417,41.1373],[9.0462,41.1379],[9.0508,41.1374],[9.0505,41.1351],[9.0574,41.1287],[9.0601,41.1276],[9.0638,41.1274],[9.0813,41.1274],[9.0862,41.128],[9.1077,41.1339],[9.1102,41.1349],[9.1148,41.139],[9.1194,41.1434],[9.1208,41.1447],[9.1223,41.1462],[9.1231,41.1485],[9.1204,41.1496],[9.119,41.1513],[9.1195,41.1542],[9.121,41.1553],[9.1232,41.1563],[9.1255,41.1558],[9.1266,41.1543],[9.1287,41.1527],[9.1497,41.1545],[9.1521,41.1552],[9.1597,41.1612],[9.1677,41.1681],[9.1707,41.1731],[9.1712,41.1751],[9.1699,41.1772],[9.1582,41.1836],[9.1548,41.1937],[9.1541,41.1972],[9.155,41.2011],[9.1566,41.2029],[9.1605,41.2047],[9.1673,41.2291],[9.1664,41.231],[9.1633,41.2337],[9.1616,41.2349],[9.1581,41.236],[9.1526,41.2341],[9.1508,41.233],[9.1498,41.2314],[9.1418,41.2322],[9.1405,41.2334],[9.138,41.2377],[9.1407,41.2443],[9.1439,41.2467],[9.1461,41.2471],[9.1516,41.2456],[9.1607,41.2422],[9.1591,41.2407],[9.1592,41.238],[9.1612,41.2363],[9.1639,41.2358],[9.1696,41.2416],[9.1771,41.246],[9.181,41.248],[9.184,41.2485],[9.1932,41.2477],[9.1945,41.2464],[9.1951,41.2425],[9.1981,41.2439],[9.2004,41.2459],[9.2071,41.2508],[9.2154,41.2549],[9.217,41.2558],[9.2252,41.2592],[9.2351,41.2591],[9.236,41.2568],[9.235,41.2552],[9.2346,41.2493],[9.2362,41.2466],[9.2378,41.2456],[9.2402,41.2453],[9.2564,41.2429],[9.2597,41.2421],[9.2662,41.2391],[9.2717,41.236],[9.2782,41.2306],[9.2803,41.2281],[9.2818,41.2209],[9.2814,41.217],[9.274,41.2034],[9.2724,41.2015],[9.2709,41.1997],[9.2697,41.1972],[9.2706,41.1955],[9.2722,41.1944],[9.2742,41.1937],[9.2767,41.1932],[9.2795,41.1933],[9.2787,41.1951],[9.2785,41.1977],[9.2807,41.2062],[9.2857,41.2178],[9.2868,41.2192],[9.2898,41.2185],[9.2936,41.2133],[9.3008,41.2026],[9.296,41.2006],[9.2922,41.1997],[9.2892,41.1979],[9.2874,41.1964],[9.2886,41.1942],[9.2905,41.193],[9.3012,41.1907],[9.304,41.1907],[9.3086,41.1911],[9.312,41.1912],[9.3142,41.1916],[9.3167,41.1926],[9.3184,41.1946],[9.318,41.1975],[9.3167,41.1992],[9.3184,41.2022],[9.3201,41.203],[9.3225,41.1988],[9.3207,41.196],[9.3187,41.1949],[9.3196,41.1932],[9.3222,41.1914],[9.3243,41.1906],[9.328,41.1878],[9.3293,41.1865],[9.3319,41.1853],[9.3345,41.186],[9.3363,41.1867],[9.3413,41.1921],[9.339,41.1918],[9.3348,41.192],[9.3306,41.1946],[9.3342,41.1981],[9.3358,41.199],[9.3374,41.2001],[9.3383,41.2022],[9.3381,41.2045],[9.3403,41.2056],[9.3483,41.2075],[9.3516,41.2032],[9.354,41.2027],[9.3561,41.2036],[9.3579,41.2053],[9.363,41.2075],[9.3648,41.2055],[9.3657,41.2028],[9.3663,41.1993],[9.3653,41.1932],[9.3664,41.1906],[9.3675,41.1879],[9.3691,41.1848],[9.3702,41.1832],[9.3724,41.1829],[9.3751,41.1835],[9.3759,41.1865],[9.3781,41.1877],[9.3809,41.1877],[9.3836,41.1857],[9.3847,41.1833],[9.3854,41.1807],[9.4063,41.1764],[9.4106,41.1778],[9.4192,41.179],[9.4233,41.1768],[9.4238,41.1747],[9.422,41.1665],[9.4199,41.165],[9.4177,41.1644],[9.4156,41.1653],[9.4094,41.1627],[9.4057,41.16],[9.4051,41.1579],[9.4085,41.156],[9.4119,41.1557],[9.423,41.155],[9.4262,41.1554],[9.4297,41.1548],[9.4322,41.1515],[9.433,41.1483],[9.4304,41.1474],[9.4289,41.1458],[9.4301,41.1429],[9.4358,41.1363],[9.4374,41.1347],[9.4422,41.131],[9.4401,41.1235],[9.4406,41.1033],[9.4422,41.102],[9.4461,41.1016],[9.4492,41.1023],[9.4504,41.1049],[9.4514,41.1082],[9.454,41.1126],[9.4618,41.1207],[9.4708,41.125],[9.4728,41.1333],[9.4709,41.1348],[9.468,41.1346],[9.4657,41.1351],[9.4638,41.1368],[9.4645,41.1403],[9.4669,41.1435],[9.469,41.1427],[9.4801,41.1405],[9.4822,41.1416],[9.4832,41.1445],[9.4853,41.1464],[9.4968,41.144],[9.5102,41.1407],[9.5173,41.1438],[9.517,41.1462],[9.5149,41.1514],[9.5143,41.155],[9.5195,41.1569],[9.5262,41.1568],[9.5294,41.1531],[9.5324,41.1438],[9.5364,41.1379],[9.5341,41.1382],[9.5315,41.1383],[9.5261,41.1363],[9.5265,41.1341],[9.5344,41.1347],[9.5395,41.1361],[9.5449,41.1343],[9.5459,41.1326],[9.5449,41.1291],[9.5435,41.1279],[9.5389,41.1227],[9.54,41.1164],[9.5407,41.1142],[9.5447,41.1127],[9.5472,41.1126],[9.5481,41.1144],[9.5502,41.1163],[9.5538,41.1191],[9.5609,41.1198],[9.5642,41.1182],[9.5669,41.1159],[9.5695,41.1098],[9.5706,41.1005],[9.565,41.0903],[9.5607,41.0844],[9.5517,41.0793],[9.5486,41.0799],[9.5446,41.0817],[9.5431,41.0844],[9.5449,41.088],[9.5437,41.0895],[9.5409,41.09],[9.5298,41.0739],[9.529,41.0721],[9.5286,41.0697],[9.5306,41.0666],[9.5325,41.0618],[9.527,41.0567],[9.5258,41.0548],[9.5235,41.0534],[9.523,41.0494],[9.5241,41.046],[9.5254,41.0447],[9.5264,41.0426],[9.5196,41.0275],[9.5139,41.0177],[9.5104,41.0167],[9.5081,41.0158],[9.5054,41.0109],[9.5128,41.008],[9.5237,41.0102],[9.5291,41.0169],[9.5299,41.0189],[9.5281,41.0206],[9.5267,41.0288],[9.5284,41.0301],[9.531,41.0307],[9.5324,41.0296],[9.54,41.0298],[9.5471,41.0318],[9.556,41.0356],[9.5595,41.0375],[9.5618,41.037],[9.5632,41.0347],[9.5629,41.0252],[9.5605,41.0231],[9.5566,41.0191],[9.5514,41.0086],[9.5519,41.0059],[9.5546,41.0042],[9.5576,41.0034],[9.5697,41.0051],[9.5722,41.0049],[9.5731,41.008],[9.5755,41.0079],[9.5738,41.0064],[9.5733,41.0042],[9.5745,41.0027],[9.5915,41.0143],[9.5939,41.0182],[9.5951,41.0227],[9.5963,41.0209],[9.6002,41.019],[9.6073,41.0187],[9.6194,41.0095],[9.6215,41.0061],[9.6303,41.0024],[9.6353,41.0012],[9.6381,41.0009],[9.6425,41.0009],[9.6457,41.0027],[9.6502,41.0041],[9.656,41.0045],[9.6583,41.0029],[9.664,40.9979],[9.6649,40.9954],[9.6527,40.9843],[9.6478,40.9847],[9.6366,40.9878],[9.6345,40.9885],[9.6312,40.9902],[9.6247,40.9948],[9.6235,40.9961],[9.6223,40.9981],[9.6213,41.0002],[9.6205,41.0021],[9.6132,41.0037],[9.611,41.0032],[9.5914,40.9905],[9.5891,40.99],[9.5853,40.988],[9.5825,40.983],[9.5825,40.9796],[9.5828,40.9762],[9.5877,40.973],[9.5939,40.9685],[9.5932,40.9666],[9.582,40.9545],[9.5797,40.9552],[9.5776,40.9537],[9.5683,40.9428],[9.5675,40.9408],[9.5677,40.9372],[9.5701,40.9344],[9.5726,40.9347],[9.5753,40.9339],[9.5754,40.9292],[9.5707,40.9262],[9.5663,40.9247],[9.5629,40.924],[9.545,40.9261],[9.5391,40.9259],[9.5369,40.9288],[9.5347,40.9323],[9.532,40.9332],[9.5291,40.9336],[9.5239,40.9335],[9.5212,40.932],[9.5184,40.9305],[9.509,40.9281],[9.5024,40.9275],[9.5015,40.9199],[9.5038,40.9127],[9.5052,40.9115],[9.5294,40.914],[9.5464,40.9194],[9.5634,40.9191],[9.5647,40.9169],[9.5657,40.9144],[9.5715,40.9082],[9.5736,40.906],[9.5751,40.9047],[9.5767,40.9035],[9.5815,40.9014],[9.5861,40.8999],[9.5887,40.8996],[9.5911,40.9004],[9.6008,40.9068],[9.6054,40.91],[9.6066,40.9113],[9.6063,40.9135],[9.6072,40.916],[9.609,40.9177],[9.6111,40.9188],[9.6136,40.9198],[9.6199,40.9201],[9.6302,40.9178],[9.6385,40.919],[9.6415,40.9198],[9.6443,40.92],[9.6452,40.9178],[9.6273,40.8986],[9.6246,40.8963],[9.6225,40.8949],[9.621,40.896],[9.6154,40.8948],[9.6149,40.8921],[9.616,40.8896],[9.6328,40.8845],[9.6353,40.8846],[9.6357,40.8816],[9.6407,40.8743],[9.6442,40.8742],[9.648,40.877],[9.6459,40.8779],[9.6476,40.8807],[9.6507,40.8794],[9.6566,40.875],[9.6557,40.8727],[9.654,40.8709],[9.6524,40.8613],[9.6537,40.8592],[9.6557,40.8576],[9.6573,40.8566],[9.6638,40.8558],[9.6648,40.8539],[9.667,40.8529],[9.6721,40.8564],[9.6728,40.8583],[9.676,40.8614],[9.6811,40.8608],[9.6834,40.8602],[9.6875,40.8568],[9.6879,40.8535],[9.6896,40.851],[9.693,40.8466],[9.7162,40.8424],[9.7247,40.8442],[9.7279,40.8445],[9.7242,40.8381],[9.72,40.835],[9.7169,40.8339],[9.7139,40.8331],[9.71,40.8326],[9.6976,40.8346],[9.6948,40.8364],[9.6906,40.8371],[9.6879,40.8363],[9.6863,40.8352],[9.6812,40.8266],[9.6807,40.8243],[9.6812,40.8218],[9.6837,40.8211],[9.6871,40.8197],[9.6892,40.8178],[9.6916,40.8131],[9.6911,40.8099],[9.6884,40.8065],[9.6859,40.806],[9.685,40.8081],[9.6814,40.809],[9.6784,40.8083],[9.6766,40.8074],[9.6752,40.8063],[9.6737,40.8045],[9.6724,40.8026],[9.6711,40.7995],[9.6704,40.7961],[9.6702,40.7937],[9.6703,40.7899],[9.6707,40.787],[9.6714,40.7847],[9.6725,40.7828],[9.6804,40.773],[9.6827,40.7701],[9.6867,40.7665],[9.7036,40.7556],[9.7067,40.7555],[9.7111,40.7543],[9.715,40.7531],[9.718,40.7483],[9.7142,40.7467],[9.7115,40.7403],[9.7143,40.7255],[9.7129,40.724],[9.7124,40.7218],[9.715,40.7099],[9.717,40.7062],[9.7183,40.7041],[9.7202,40.702],[9.7221,40.7004],[9.7323,40.6946],[9.7343,40.6941],[9.7368,40.6942],[9.7422,40.6914],[9.7456,40.6876],[9.7497,40.6799],[9.7507,40.6772],[9.7517,40.6739],[9.7514,40.6714],[9.7503,40.6697],[9.7491,40.6652],[9.7486,40.6631],[9.7488,40.6604],[9.7497,40.657],[9.7492,40.6549],[9.746,40.6535],[9.7445,40.6516],[9.7435,40.6497],[9.7428,40.6477],[9.7422,40.6454],[9.7416,40.6402],[9.7415,40.6376],[9.7416,40.635],[9.7418,40.6325],[9.7424,40.6286],[9.743,40.6259],[9.7452,40.622],[9.7468,40.6201],[9.7486,40.6192],[9.7531,40.6155],[9.7511,40.6132],[9.7506,40.6069],[9.7512,40.6026],[9.7544,40.5967],[9.7559,40.595],[9.7588,40.5916],[9.7615,40.5889],[9.7628,40.5877],[9.7662,40.5852],[9.7689,40.5834],[9.7709,40.5824],[9.7825,40.5776],[9.7884,40.5728],[9.7903,40.5695],[9.7925,40.564],[9.794,40.5571],[9.7934,40.5544],[9.7918,40.5528],[9.7921,40.5495],[9.793,40.5479],[9.794,40.5464],[9.7962,40.5443],[9.7978,40.5431],[9.8001,40.5417],[9.8091,40.537],[9.8119,40.5369],[9.8143,40.5373],[9.8245,40.5323],[9.8268,40.5305],[9.8284,40.5285],[9.826,40.5207],[9.8257,40.518],[9.8236,40.5074],[9.82,40.4962],[9.8115,40.4802],[9.809,40.4736],[9.8074,40.4702],[9.8006,40.4572],[9.7926,40.4431],[9.7893,40.4427],[9.7864,40.4414],[9.7846,40.4399],[9.7833,40.4387],[9.7768,40.4286],[9.7738,40.4218],[9.774,40.4155],[9.7735,40.4094],[9.7731,40.4072],[9.7639,40.3907],[9.7594,40.3857],[9.7556,40.382],[9.7511,40.3809],[9.7483,40.3811],[9.742,40.3814],[9.7359,40.3785],[9.7339,40.3775],[9.7305,40.3755],[9.7223,40.37],[9.7175,40.3665],[9.7076,40.3586],[9.698,40.3509],[9.6931,40.3468],[9.6873,40.3417],[9.6847,40.3394],[9.6823,40.337],[9.6808,40.3352],[9.6776,40.331],[9.6757,40.3288],[9.6704,40.3234],[9.6663,40.3202],[9.665,40.3184],[9.6642,40.316],[9.66,40.3091],[9.6544,40.301],[9.6528,40.3001],[9.6471,40.2947],[9.632,40.277],[9.6309,40.2747],[9.6273,40.2633],[9.6239,40.2528],[9.623,40.245],[9.6242,40.2354],[9.6263,40.2273],[9.6271,40.2249],[9.6287,40.2231],[9.6282,40.2145],[9.6266,40.2133],[9.6257,40.2079],[9.629,40.1918],[9.6309,40.1861],[9.6341,40.1798],[9.6372,40.177],[9.6397,40.1767],[9.6427,40.1746],[9.645,40.1713],[9.6545,40.1536],[9.6546,40.1501],[9.6614,40.1391],[9.6696,40.1319],[9.6836,40.1168],[9.6852,40.1127],[9.6859,40.1108],[9.6884,40.1089],[9.7006,40.1022],[9.7031,40.1012],[9.7062,40.101],[9.7286,40.091],[9.7333,40.0869],[9.7356,40.079],[9.7355,40.0764],[9.7343,40.0742],[9.7326,40.0732],[9.7296,40.0724],[9.7275,40.0705],[9.7265,40.063],[9.7254,40.0598],[9.7205,40.049],[9.7172,40.0467],[9.7103,40.0396],[9.7057,40.0339],[9.6999,40.0181],[9.7004,40.0155],[9.7017,40.0121],[9.7,40.0007],[9.6937,39.9929],[9.6915,39.992],[9.6884,39.9866],[9.6869,39.9848],[9.6851,39.9604],[9.6853,39.9561],[9.686,39.9514],[9.6868,39.9484],[9.6891,39.9449],[9.6907,39.943],[9.6943,39.9394],[9.6997,39.9359],[9.705,39.9365],[9.7077,39.9384],[9.7079,39.9409],[9.7128,39.9389],[9.7157,39.933],[9.7161,39.9305],[9.7132,39.9218],[9.7093,39.9237],[9.7057,39.9246],[9.6954,39.9204],[9.6934,39.9193],[9.6919,39.9179],[9.6901,39.9161],[9.687,39.9121],[9.6846,39.9085],[9.6832,39.9055],[9.682,39.9003],[9.681,39.8903],[9.6808,39.8859],[9.6823,39.8713],[9.6833,39.868],[9.6845,39.8662],[9.6902,39.8619],[9.6932,39.8586],[9.6962,39.8545],[9.6964,39.8513],[9.6941,39.849],[9.6912,39.8482],[9.6854,39.8421],[9.6829,39.8368],[9.677,39.8206],[9.6747,39.8124],[9.6739,39.8088],[9.6733,39.8047],[9.6716,39.7959],[9.6709,39.7904],[9.6705,39.7881],[9.6701,39.7857],[9.6695,39.7836],[9.6684,39.7767],[9.6683,39.7734],[9.6681,39.7692],[9.6683,39.7668],[9.6702,39.7653],[9.6715,39.7638],[9.6733,39.755],[9.6719,39.7537],[9.6741,39.7531],[9.6746,39.7505],[9.6736,39.7489],[9.6737,39.7368],[9.6753,39.7261],[9.6736,39.721],[9.6742,39.719],[9.676,39.7109],[9.6687,39.7011],[9.6641,39.7007],[9.6616,39.6996],[9.66,39.6974],[9.6591,39.6943],[9.663,39.6844],[9.6642,39.6826],[9.6593,39.6721],[9.652,39.665],[9.6498,39.661],[9.6484,39.657],[9.6472,39.6517],[9.6476,39.6444],[9.6516,39.6341],[9.651,39.6303],[9.6529,39.6259],[9.6534,39.6218],[9.6548,39.6112],[9.6547,39.6077],[9.6567,39.6058],[9.6578,39.5985],[9.6572,39.595],[9.6562,39.5806],[9.6555,39.5705],[9.6529,39.5646],[9.6498,39.5609],[9.6508,39.5512],[9.6514,39.5492],[9.6442,39.5468],[9.6425,39.5456],[9.6413,39.5443],[9.6399,39.5419],[9.6391,39.5396],[9.6336,39.5185],[9.6327,39.5149],[9.6315,39.5037],[9.6326,39.4968],[9.6346,39.4954],[9.6369,39.494],[9.64,39.4931],[9.6429,39.4934],[9.6447,39.4903],[9.6441,39.4859],[9.6423,39.4848],[9.6413,39.4829],[9.642,39.4763],[9.6426,39.4733],[9.6445,39.4685],[9.6453,39.4649],[9.646,39.4614],[9.6414,39.453],[9.6401,39.4421],[9.6388,39.439],[9.6365,39.4366],[9.6335,39.4361],[9.6321,39.4346],[9.6288,39.4292],[9.624,39.4198],[9.6206,39.4132],[9.6143,39.3999],[9.6123,39.3966],[9.608,39.3884],[9.6069,39.386],[9.6036,39.377],[9.601,39.3687],[9.5981,39.3526],[9.5974,39.3472],[9.599,39.331],[9.6,39.3274],[9.6009,39.3253],[9.6021,39.323],[9.6049,39.318],[9.6063,39.3167],[9.6126,39.3117],[9.616,39.3117],[9.6193,39.3116],[9.6284,39.3063],[9.6307,39.3043],[9.6323,39.3019],[9.6339,39.299],[9.6332,39.2958],[9.6267,39.2963],[9.6243,39.2969],[9.6226,39.2978],[9.6131,39.2973],[9.6069,39.2942],[9.604,39.2922],[9.6026,39.291],[9.6005,39.289],[9.5962,39.2843],[9.5918,39.2792],[9.5899,39.2768],[9.5883,39.2747],[9.5851,39.2698],[9.5818,39.2646],[9.5761,39.254],[9.5749,39.2517],[9.5721,39.2453],[9.5708,39.2414],[9.5702,39.2393],[9.5695,39.2315],[9.5685,39.2284],[9.568,39.2255],[9.5675,39.2158],[9.5655,39.2078],[9.5633,39.2013],[9.5629,39.198],[9.5628,39.1947],[9.5634,39.1915],[9.5644,39.189],[9.5699,39.1865],[9.5737,39.1865],[9.5765,39.1856],[9.5779,39.1844],[9.5791,39.1782],[9.5789,39.1756],[9.576,39.1732],[9.5738,39.1727],[9.57,39.1702],[9.5662,39.1558],[9.5675,39.1538],[9.5671,39.1515],[9.5654,39.1465],[9.564,39.1423],[9.5604,39.1372],[9.5572,39.1344],[9.549,39.1324],[9.5435,39.1322],[9.5392,39.1331],[9.5313,39.1285],[9.5292,39.1268],[9.5258,39.1234],[9.5229,39.1202],[9.5209,39.1176],[9.5199,39.116],[9.5188,39.1136],[9.5183,39.1051],[9.5208,39.1011],[9.5224,39.0989],[9.5238,39.0953],[9.5161,39.0984],[9.5031,39.1079],[9.5044,39.1098],[9.5059,39.1167],[9.5051,39.1197],[9.506,39.1177],[9.5088,39.1178],[9.5096,39.1215],[9.5094,39.1243],[9.508,39.1269],[9.5053,39.1293],[9.503,39.1311],[9.4879,39.1352],[9.4854,39.1357],[9.4727,39.1325],[9.4544,39.1302],[9.4506,39.1293],[9.4476,39.1267],[9.4449,39.1256],[9.4428,39.1263],[9.4394,39.1225],[9.4344,39.1251],[9.4335,39.1289],[9.4138,39.1396],[9.4079,39.1439],[9.4055,39.1445],[9.4028,39.1429],[9.4014,39.1411],[9.3936,39.1439],[9.392,39.1452],[9.392,39.148],[9.3934,39.1514],[9.3946,39.1536],[9.3935,39.1563],[9.3919,39.1574],[9.3852,39.1601],[9.3846,39.1631],[9.3798,39.1665],[9.3717,39.1732],[9.3699,39.1745],[9.3643,39.177],[9.3612,39.1777],[9.3569,39.1785],[9.3543,39.1779],[9.3508,39.1781],[9.3464,39.1806],[9.3415,39.1862],[9.341,39.1882],[9.339,39.1931],[9.3234,39.2009],[9.3231,39.2032],[9.3213,39.2044],[9.3189,39.2049],[9.3117,39.2059],[9.3044,39.2048],[9.2997,39.2109],[9.2988,39.2127],[9.297,39.2134],[9.2943,39.2138],[9.2861,39.2141],[9.2817,39.2141],[9.2775,39.214],[9.2538,39.2162],[9.2474,39.2164],[9.2437,39.2178],[9.2415,39.2205],[9.238,39.2246],[9.2361,39.2257],[9.2329,39.2272],[9.2304,39.228],[9.2248,39.2284],[9.213,39.2273],[9.2098,39.2268],[9.2074,39.2263],[9.2043,39.2255],[9.197,39.223],[9.1921,39.2212],[9.1902,39.2204],[9.1863,39.2187],[9.1818,39.2167],[9.1791,39.2152],[9.1752,39.2128],[9.1668,39.2061],[9.1648,39.2044],[9.1634,39.2028],[9.1615,39.2],[9.16,39.1962],[9.1599,39.1937],[9.1622,39.192],[9.1641,39.1913],[9.1663,39.1908],[9.1689,39.1882],[9.1646,39.1822],[9.1609,39.1814],[9.146,39.184],[9.141,39.1877],[9.1391,39.19],[9.1234,39.206],[9.1155,39.2117],[9.11,39.214],[9.0959,39.2141],[9.0934,39.2131],[9.0786,39.2049],[9.069,39.1987],[9.0612,39.1934],[9.0541,39.1872],[9.0439,39.1777],[9.0383,39.1721],[9.0302,39.1635],[9.0281,39.161],[9.026,39.158],[9.0201,39.1504],[9.0189,39.1486],[9.018,39.147],[9.0173,39.1435],[9.0163,39.1394],[9.0145,39.1323],[9.0089,39.1213],[9.0115,39.116],[9.0141,39.112],[9.0156,39.1077],[9.0162,39.1057],[9.0154,39.1026],[9.0143,39.0988],[9.0145,39.0962],[9.0163,39.0875],[9.0176,39.0862],[9.0207,39.0833],[9.0341,39.0671],[9.0353,39.0654],[9.0374,39.0638],[9.0392,39.063],[9.0409,39.0622],[9.0445,39.059],[9.0458,39.0561],[9.0409,39.0418],[9.0336,39.0334],[9.0295,39.0294],[9.0261,39.0235],[9.0244,39.0202],[9.0238,39.0113],[9.0242,39.0038],[9.0183,38.9969],[9.0118,38.9871],[8.9992,38.9864],[8.997,38.9858],[8.9953,38.9847],[8.9943,38.983],[8.9901,38.9749],[8.9791,38.9656],[8.9673,38.9564],[8.9458,38.9423],[8.9442,38.941],[8.9423,38.939],[8.9382,38.9351],[8.9267,38.9291],[8.9249,38.9281],[8.9232,38.9269],[8.9214,38.9255],[8.9163,38.9213],[8.9146,38.9199],[8.9106,38.9156],[8.9098,38.9138],[8.9069,38.9093],[8.9039,38.9058],[8.8923,38.8989],[8.8816,38.8961],[8.8769,38.8934],[8.8601,38.882],[8.8546,38.8786],[8.8464,38.8768],[8.8414,38.8785],[8.8389,38.8805],[8.8373,38.8782],[8.8346,38.8772],[8.829,38.8808],[8.8267,38.8841],[8.8267,38.8871],[8.822,38.8931],[8.8197,38.8945],[8.806,38.8997],[8.8024,38.8995],[8.7998,38.8977],[8.799,38.8952],[8.7941,38.8947],[8.7917,38.8958],[8.7848,38.8988],[8.7812,38.9026],[8.7812,38.9107],[8.7805,38.9131],[8.7764,38.9155],[8.7747,38.9144],[8.7712,38.9147],[8.7661,38.9158],[8.762,38.917],[8.7569,38.9201],[8.7507,38.9229],[8.7419,38.9266],[8.7379,38.9282],[8.7331,38.9305],[8.7308,38.9318],[8.729,38.9338],[8.7274,38.9356],[8.7253,38.937],[8.7226,38.9377],[8.7202,38.9367],[8.7199,38.9311],[8.7163,38.9267],[8.7146,38.925],[8.7032,38.9201],[8.6963,38.9185],[8.6934,38.9186],[8.6844,38.9123],[8.6828,38.9109],[8.6817,38.9094],[8.6763,38.9085],[8.6726,38.9081],[8.6701,38.909],[8.6687,38.9102],[8.6672,38.9123],[8.6646,38.9128],[8.6637,38.9083],[8.6678,38.9048],[8.6703,38.8997],[8.6703,38.8972],[8.6689,38.8959],[8.6674,38.8948],[8.6651,38.8941],[8.6592,38.8949],[8.6581,38.8976],[8.6561,38.8983],[8.6527,38.8972],[8.6497,38.8949],[8.6483,38.8904],[8.6483,38.8869],[8.6527,38.8834],[8.6566,38.8706],[8.6444,38.8651],[8.6399,38.8649],[8.6382,38.8661],[8.6367,38.8674],[8.638,38.8693],[8.6458,38.8761],[8.6421,38.8775],[8.6407,38.88],[8.641,38.8829],[8.6432,38.8863],[8.6452,38.8894],[8.6464,38.8909],[8.648,38.8923],[8.6464,38.8942],[8.6441,38.8955],[8.6388,38.896],[8.6359,38.896],[8.632,38.8955],[8.6274,38.8936],[8.6239,38.8917],[8.6217,38.8904],[8.6141,38.8906],[8.6101,38.8911],[8.6075,38.8921],[8.6063,38.9014],[8.607,38.9053],[8.6131,38.9116],[8.6183,38.9159],[8.6228,38.9329],[8.6236,38.9376],[8.6215,38.9438],[8.6206,38.9455],[8.619,38.9487],[8.6179,38.9506],[8.6157,38.9541],[8.6126,38.9579],[8.6098,38.9601],[8.6079,38.9613],[8.6061,38.9621],[8.6036,38.9629],[8.6009,38.9629],[8.5984,38.9626],[8.5964,38.962],[8.5926,38.9582],[8.5877,38.9556],[8.5854,38.9582],[8.5851,38.9605],[8.5871,38.9623],[8.5888,38.9645],[8.5767,38.9807],[8.5725,38.9907],[8.5705,38.9923],[8.5684,38.9933],[8.567,38.9952],[8.5661,38.9971],[8.565,38.9998],[8.5661,39.0066],[8.5667,39.0118],[8.5698,39.0137],[8.5716,39.0145],[8.5739,39.0157],[8.5753,39.018],[8.5764,39.0218],[8.5761,39.0253],[8.5754,39.0297],[8.5749,39.0321],[8.5736,39.0343],[8.5714,39.038],[8.569,39.0415],[8.5678,39.0429],[8.565,39.0454],[8.5631,39.0462],[8.5607,39.0468],[8.5559,39.0468],[8.5536,39.0464],[8.5519,39.0454],[8.5498,39.0443],[8.5442,39.0464],[8.5375,39.0509],[8.5347,39.053],[8.5338,39.055],[8.5272,39.0591],[8.5149,39.0614],[8.5121,39.0621],[8.5059,39.0624],[8.4987,39.0634],[8.4949,39.0628],[8.4837,39.0607],[8.4718,39.058],[8.4667,39.0572],[8.4674,39.0516],[8.4685,39.0502],[8.4641,39.0416],[8.4621,39.0386],[8.4608,39.0371],[8.4589,39.0344],[8.4554,39.0292],[8.454,39.027],[8.4528,39.0249],[8.451,39.0183],[8.4502,39.0108],[8.4504,38.9977],[8.4516,38.9959],[8.4515,38.9904],[8.4473,38.9832],[8.4452,38.9826],[8.4425,38.9808],[8.4411,38.9792],[8.443,38.9725],[8.4448,38.9699],[8.4418,38.9683],[8.4388,38.9678],[8.4371,38.9667],[8.4372,38.964],[8.4325,38.961],[8.4303,38.9601],[8.4215,38.9604],[8.4197,38.9611],[8.417,38.9602],[8.4158,38.9587],[8.4151,38.9564],[8.4101,38.9564],[8.4068,38.9584],[8.4032,38.9623],[8.4026,38.9662],[8.4039,38.9675],[8.4039,38.9732],[8.4005,38.9753],[8.3981,38.9751],[8.3963,38.9775],[8.3937,38.9836],[8.394,38.9875],[8.3932,38.9902],[8.3914,38.9913],[8.3891,38.9919],[8.3871,38.9965],[8.3838,39.0007],[8.3827,39.0029],[8.3838,39.0061],[8.3819,39.0081],[8.3801,39.0093],[8.3754,39.0121],[8.3711,39.0187],[8.3721,39.0215],[8.3742,39.0227],[8.3708,39.0217],[8.3661,39.027],[8.3637,39.0316],[8.3604,39.0377],[8.3598,39.0463],[8.36,39.0496],[8.3581,39.0595],[8.3573,39.0635],[8.3565,39.0655],[8.3539,39.0704],[8.3524,39.0717],[8.3499,39.0761],[8.3497,39.083],[8.351,39.0817],[8.3526,39.0806],[8.3545,39.0814],[8.3582,39.0848],[8.3584,39.0873],[8.3567,39.0885],[8.353,39.0913],[8.3508,39.0969],[8.3521,39.0991],[8.3603,39.1049],[8.3602,39.1084],[8.367,39.1126],[8.3713,39.1135],[8.3737,39.1139],[8.3779,39.1018],[8.3798,39.0999],[8.3856,39.0993],[8.4093,39.1018],[8.4141,39.1038],[8.4168,39.1052],[8.4197,39.1068],[8.4229,39.1084],[8.4257,39.1089],[8.4282,39.1039],[8.4287,39.1008],[8.4309,39.0967],[8.4329,39.0954],[8.4369,39.0948],[8.4387,39.0941],[8.443,39.0921],[8.4513,39.0876],[8.4546,39.0854],[8.4561,39.0842],[8.457,39.0826],[8.4571,39.0801],[8.4566,39.0781],[8.4567,39.0755],[8.4591,39.0658],[8.4646,39.058],[8.4742,39.0591],[8.4767,39.0601],[8.4787,39.0622],[8.478,39.067],[8.4776,39.0694],[8.4821,39.0757],[8.4854,39.0801],[8.4873,39.0828],[8.4884,39.0846],[8.486,39.0848],[8.4877,39.0888],[8.4855,39.0882],[8.4792,39.0934],[8.4746,39.1041],[8.4716,39.1122],[8.4684,39.1172],[8.4668,39.1186],[8.461,39.1212],[8.4584,39.1204],[8.455,39.1183],[8.4505,39.1173],[8.4427,39.1165],[8.4401,39.1175],[8.4374,39.1202],[8.4359,39.1222],[8.4335,39.1298],[8.4386,39.1411],[8.4371,39.156],[8.434,39.159],[8.4282,39.1637],[8.4255,39.1658],[8.4183,39.1712],[8.4129,39.174],[8.4076,39.1632],[8.4111,39.161],[8.4142,39.1597],[8.4165,39.1548],[8.4148,39.1507],[8.4126,39.1512],[8.4082,39.156],[8.4068,39.1587],[8.4065,39.1635],[8.4047,39.1698],[8.4014,39.1791],[8.4006,39.1827],[8.3994,39.19],[8.4014,39.1935],[8.3977,39.1982],[8.3963,39.1993],[8.3932,39.1999],[8.3911,39.1994],[8.3895,39.1984],[8.3804,39.2031],[8.3722,39.2095],[8.3683,39.2155],[8.3666,39.2278],[8.3779,39.2368],[8.3909,39.2465],[8.3942,39.2486],[8.3967,39.2498],[8.4009,39.2527],[8.4021,39.2549],[8.4042,39.2577],[8.411,39.2644],[8.4145,39.2658],[8.4174,39.2659],[8.4203,39.2662],[8.4231,39.2675],[8.4253,39.2695],[8.4265,39.2711],[8.4283,39.2738],[8.4332,39.2822],[8.4342,39.284],[8.4354,39.2868],[8.4364,39.289],[8.437,39.292],[8.4349,39.3035],[8.433,39.3079],[8.4317,39.3117],[8.4305,39.3137],[8.4268,39.3183],[8.4245,39.32],[8.4224,39.3205],[8.4198,39.3209],[8.4179,39.3237],[8.4184,39.3262],[8.4197,39.3291],[8.4206,39.3318],[8.4159,39.3361],[8.4132,39.3366],[8.4055,39.337],[8.4007,39.3371],[8.3972,39.3375],[8.3947,39.3398],[8.3927,39.3432],[8.388,39.3524],[8.3871,39.3553],[8.3855,39.3656],[8.3823,39.3662],[8.3769,39.3683],[8.3731,39.3738],[8.3755,39.3768],[8.3793,39.3739],[8.3808,39.3785],[8.3832,39.3856],[8.386,39.3936],[8.39,39.3953],[8.3922,39.396],[8.3955,39.3985],[8.4019,39.4041],[8.4107,39.418],[8.4115,39.4199],[8.4121,39.4225],[8.4127,39.4269],[8.4127,39.4325],[8.412,39.4375],[8.4115,39.4398],[8.4097,39.4417],[8.4041,39.4444],[8.397,39.4463],[8.3943,39.4467],[8.3904,39.4502],[8.3846,39.455],[8.3833,39.4574],[8.3856,39.4712],[8.387,39.4753],[8.3901,39.4783],[8.3973,39.4846],[8.4009,39.4866],[8.4038,39.4867],[8.4068,39.4896],[8.4088,39.4917],[8.4199,39.5046],[8.4233,39.5095],[8.4316,39.5197],[8.4346,39.5223],[8.444,39.535],[8.4511,39.5456],[8.4536,39.5513],[8.4534,39.5537],[8.4549,39.5636],[8.4589,39.5679],[8.4642,39.5764],[8.4646,39.579],[8.4636,39.5806],[8.4632,39.5828],[8.4635,39.5877],[8.4665,39.593],[8.469,39.5948],[8.4699,39.5966],[8.4706,39.5989],[8.4709,39.6016],[8.4667,39.6134],[8.4658,39.6156],[8.4598,39.6201],[8.4573,39.6207],[8.4552,39.6202],[8.4521,39.6229],[8.4496,39.6342],[8.4517,39.6396],[8.4525,39.6545],[8.4539,39.6598],[8.459,39.6674],[8.4504,39.6754],[8.4483,39.675],[8.4459,39.6756],[8.4444,39.6783],[8.4444,39.6824],[8.4448,39.6853],[8.4482,39.6859],[8.4494,39.6876],[8.4514,39.6913],[8.4521,39.6931],[8.4548,39.7048],[8.4553,39.709],[8.4533,39.7124],[8.4516,39.7133],[8.4473,39.715],[8.4465,39.7181],[8.4476,39.7197],[8.4492,39.7401],[8.448,39.7443],[8.4465,39.7471],[8.4452,39.7484],[8.4442,39.7539],[8.4441,39.7582],[8.4502,39.7681],[8.4513,39.7696],[8.4545,39.7698],[8.4575,39.7697],[8.4599,39.7684],[8.4689,39.758],[8.469,39.7556],[8.4718,39.7494],[8.4924,39.7249],[8.4984,39.7183],[8.4971,39.717],[8.494,39.7164],[8.4983,39.714],[8.5022,39.713],[8.5046,39.7167],[8.5057,39.7183],[8.5067,39.7198],[8.5076,39.7219],[8.508,39.7244],[8.5062,39.7263],[8.504,39.7286],[8.5099,39.7326],[8.5148,39.7384],[8.5182,39.7421],[8.5194,39.7435],[8.5208,39.7453],[8.5195,39.7471],[8.5147,39.7513],[8.5131,39.7534],[8.5143,39.7556],[8.5222,39.7618],[8.5309,39.7697],[8.5338,39.7736],[8.5386,39.7816],[8.5396,39.7835],[8.5409,39.7859],[8.5434,39.7907],[8.545,39.7942],[8.5515,39.8217],[8.5527,39.8274],[8.554,39.8341],[8.5546,39.8373],[8.5555,39.8473],[8.5555,39.8498],[8.555,39.8535],[8.5539,39.8576],[8.5617,39.8596],[8.5649,39.8597],[8.5705,39.8639],[8.564,39.8649],[8.5606,39.8645],[8.5585,39.864],[8.552,39.864],[8.5442,39.866],[8.5401,39.8688],[8.5439,39.8743],[8.5456,39.876],[8.5405,39.8836],[8.5445,39.8846],[8.5377,39.8914],[8.5358,39.8935],[8.5343,39.8951],[8.5328,39.8965],[8.53,39.8988],[8.5278,39.9005],[8.5243,39.9026],[8.5188,39.905],[8.5153,39.9062],[8.5114,39.9074],[8.5086,39.9079],[8.5062,39.908],[8.4984,39.9067],[8.491,39.9054],[8.4941,39.9086],[8.4919,39.9096],[8.4791,39.9048],[8.4681,39.9042],[8.4663,39.9019],[8.4683,39.8997],[8.464,39.8975],[8.4569,39.8933],[8.4441,39.8824],[8.4419,39.88],[8.4418,39.8776],[8.4425,39.8748],[8.4404,39.8648],[8.4386,39.8609],[8.4368,39.8584],[8.4325,39.8603],[8.4317,39.8622],[8.4323,39.8652],[8.4343,39.8658],[8.4378,39.8672],[8.4387,39.871],[8.4386,39.8753],[8.438,39.8773],[8.436,39.8824],[8.4347,39.8841],[8.4311,39.8882],[8.4204,39.8959],[8.4112,39.9007],[8.4087,39.901],[8.4052,39.8994],[8.4021,39.8985],[8.4004,39.9004],[8.3988,39.9037],[8.3986,39.9078],[8.3989,39.918],[8.3998,39.927],[8.4008,39.9338],[8.402,39.9448],[8.4014,39.957],[8.4005,39.9621],[8.3995,39.9656],[8.3987,39.9681],[8.3976,39.9703],[8.3964,39.9717],[8.3938,39.9729],[8.3914,39.9755],[8.3927,39.9792],[8.4005,39.9873],[8.4091,39.9962],[8.4109,39.9991],[8.4108,40.0018],[8.4099,40.0049],[8.4105,40.0102],[8.413,40.0115],[8.4139,40.0138],[8.4141,40.0164],[8.4125,40.0206],[8.4067,40.029],[8.4045,40.031],[8.4019,40.0325],[8.3999,40.033],[8.3963,40.0327],[8.3945,40.0312],[8.3934,40.0295],[8.3783,40.0289],[8.3763,40.0358],[8.3779,40.0379],[8.3792,40.0393],[8.3858,40.0439],[8.3878,40.0445],[8.3894,40.0432],[8.3915,40.0422],[8.3966,40.044],[8.3992,40.0463],[8.3989,40.0488],[8.3991,40.0513],[8.4026,40.0518],[8.4058,40.0476],[8.4064,40.0454],[8.4085,40.0425],[8.4119,40.0412],[8.4147,40.0413],[8.4169,40.0417],[8.4215,40.0426],[8.424,40.0434],[8.4263,40.0446],[8.4307,40.0476],[8.4331,40.0501],[8.4403,40.0505],[8.4414,40.0485],[8.4436,40.0477],[8.4516,40.0501],[8.4537,40.0508],[8.4569,40.0526],[8.4598,40.0546],[8.4699,40.0624],[8.4831,40.0742],[8.4892,40.0796],[8.4929,40.0866],[8.4923,40.0887],[8.4906,40.091],[8.4889,40.0934],[8.4889,40.1009],[8.4884,40.1055],[8.4849,40.1178],[8.4809,40.1219],[8.476,40.1264],[8.472,40.1301],[8.4601,40.1504],[8.459,40.1542],[8.4598,40.1565],[8.4615,40.1701],[8.4612,40.1728],[8.4601,40.1747],[8.4576,40.1757],[8.4558,40.1764],[8.4581,40.183],[8.4621,40.1878],[8.4657,40.1932],[8.4677,40.1995],[8.4646,40.2057],[8.4621,40.214],[8.466,40.2274],[8.4699,40.2371],[8.4729,40.2425],[8.4742,40.2466],[8.4757,40.2538],[8.479,40.2675],[8.4805,40.2701],[8.4832,40.2717],[8.4838,40.2737],[8.483,40.2854],[8.4807,40.2876],[8.4789,40.2885],[8.4662,40.2985],[8.4645,40.3002],[8.4638,40.3037],[8.4643,40.3058],[8.4667,40.3063],[8.4664,40.3106],[8.464,40.315],[8.4591,40.3194],[8.4554,40.321],[8.4522,40.3201],[8.4503,40.3192],[8.4433,40.3187],[8.4385,40.3224],[8.4325,40.3317],[8.4283,40.3353],[8.4259,40.3361],[8.4199,40.3372],[8.417,40.3357],[8.4089,40.3357],[8.3903,40.3376],[8.3843,40.3436],[8.379,40.3599],[8.38,40.3619],[8.3821,40.3625],[8.3875,40.3637],[8.3892,40.3659],[8.3922,40.3806],[8.3967,40.396],[8.3998,40.4035],[8.3998,40.4076],[8.4015,40.4091],[8.4005,40.4125],[8.399,40.4227],[8.3982,40.43],[8.389,40.45],[8.3877,40.4517],[8.3863,40.4529],[8.3855,40.4547],[8.3841,40.4579],[8.38,40.4683],[8.3766,40.4788],[8.3755,40.4839],[8.3751,40.487],[8.3742,40.4901],[8.3716,40.4934],[8.3697,40.4951],[8.3679,40.4964]]],[[[8.7107,40.9191],[8.7106,40.919],[8.7104,40.919],[8.7102,40.9191],[8.71,40.9193],[8.7099,40.9194],[8.7099,40.9195],[8.71,40.9195],[8.7103,40.9196],[8.7105,40.9194],[8.7106,40.9193],[8.7107,40.9192],[8.7107,40.9191]]],[[[9.5832,41.0674],[9.5806,41.0673],[9.5821,41.0693],[9.5849,41.0682],[9.5832,41.0674]]],[[[9.5757,41.061],[9.5731,41.0612],[9.571,41.0619],[9.5692,41.064],[9.5752,41.0696],[9.5776,41.0686],[9.579,41.0674],[9.5791,41.0635],[9.5763,41.0612],[9.5757,41.061]]],[[[9.5883,41.0686],[9.5855,41.069],[9.5841,41.0703],[9.5874,41.0709],[9.5886,41.0693],[9.5883,41.0686]]],[[[9.5873,41.0743],[9.5872,41.0743],[9.587,41.0743],[9.5868,41.0745],[9.5867,41.0746],[9.5866,41.0747],[9.5866,41.0748],[9.5867,41.0749],[9.5872,41.0751],[9.5873,41.0751],[9.5876,41.0749],[9.5877,41.0748],[9.5877,41.0747],[9.5875,41.0744],[9.5873,41.0743]]],[[[9.6014,41.0789],[9.6012,41.0788],[9.6012,41.0789],[9.6011,41.079],[9.6013,41.0791],[9.6013,41.0792],[9.6013,41.0794],[9.6014,41.0794],[9.6016,41.0794],[9.6019,41.0794],[9.602,41.0794],[9.6021,41.0792],[9.602,41.0791],[9.6018,41.079],[9.6017,41.079],[9.6014,41.0789]]],[[[9.61,41.0797],[9.6089,41.0734],[9.607,41.0715],[9.6027,41.0712],[9.5973,41.075],[9.6006,41.076],[9.6023,41.0773],[9.6039,41.0793],[9.6068,41.0819],[9.6089,41.0824],[9.61,41.0797]]],[[[9.5795,41.092],[9.5792,41.0919],[9.579,41.092],[9.5788,41.0921],[9.5786,41.0922],[9.5785,41.0926],[9.5787,41.0926],[9.5789,41.0926],[9.5793,41.0925],[9.5796,41.0922],[9.5795,41.092]]],[[[9.5811,41.0935],[9.5808,41.0935],[9.5806,41.0936],[9.5802,41.0938],[9.5802,41.0943],[9.5803,41.0945],[9.5804,41.0946],[9.5807,41.0945],[9.5811,41.0943],[9.5812,41.0942],[9.5813,41.0941],[9.5815,41.0939],[9.5811,41.0935]]],[[[9.5699,41.1157],[9.568,41.117],[9.5697,41.1178],[9.5699,41.1157]]],[[[9.571,41.1177],[9.5706,41.1173],[9.5705,41.1173],[9.57,41.1175],[9.5699,41.1175],[9.5697,41.1179],[9.5697,41.118],[9.5697,41.1181],[9.5697,41.1183],[9.5698,41.1185],[9.5704,41.1191],[9.5708,41.1191],[9.5709,41.119],[9.571,41.1189],[9.5711,41.1187],[9.5712,41.1187],[9.5712,41.1185],[9.5712,41.1184],[9.5711,41.1182],[9.571,41.1177]]],[[[9.5665,41.1226],[9.5639,41.123],[9.5668,41.123],[9.5665,41.1226]]],[[[9.571,41.126],[9.5691,41.1266],[9.5702,41.1281],[9.5718,41.1268],[9.571,41.126]]],[[[9.5666,41.1248],[9.5642,41.1244],[9.5646,41.127],[9.5664,41.128],[9.5684,41.1287],[9.5691,41.1269],[9.5666,41.1248]]],[[[9.5672,41.13],[9.5661,41.1315],[9.5675,41.1303],[9.5672,41.13]]],[[[9.5039,41.1537],[9.5025,41.1526],[9.5001,41.1532],[9.5037,41.1538],[9.5039,41.1537]]],[[[9.5193,41.1636],[9.519,41.1635],[9.5187,41.1636],[9.5182,41.1638],[9.5176,41.1641],[9.5176,41.1642],[9.5177,41.1643],[9.5177,41.1643],[9.518,41.1643],[9.5181,41.1643],[9.5182,41.1643],[9.5183,41.1643],[9.5185,41.1642],[9.5187,41.1641],[9.5188,41.1641],[9.519,41.164],[9.5191,41.1638],[9.5193,41.1636]]],[[[9.523,41.1619],[9.5208,41.1625],[9.5193,41.1645],[9.5167,41.1661],[9.5183,41.1671],[9.524,41.1665],[9.5274,41.1644],[9.5261,41.162],[9.523,41.1619]]],[[[9.4596,41.1739],[9.4594,41.1739],[9.4591,41.1739],[9.459,41.174],[9.4589,41.1745],[9.459,41.1747],[9.4593,41.1747],[9.4594,41.1746],[9.4595,41.1745],[9.4596,41.1743],[9.4595,41.1741],[9.4596,41.174],[9.4596,41.1739]]],[[[9.4615,41.1727],[9.4591,41.1728],[9.4599,41.1755],[9.4619,41.175],[9.4615,41.1727]]],[[[9.4879,41.1835],[9.4876,41.1835],[9.4875,41.1835],[9.4875,41.1835],[9.4873,41.1836],[9.4872,41.1838],[9.4872,41.184],[9.4873,41.1841],[9.4875,41.1841],[9.4876,41.1842],[9.4879,41.1843],[9.488,41.1842],[9.4881,41.184],[9.4881,41.1838],[9.4881,41.1836],[9.488,41.1835],[9.4879,41.1835]]],[[[9.4865,41.1804],[9.4841,41.1819],[9.4844,41.1847],[9.4868,41.1835],[9.4868,41.1805],[9.4865,41.1804]]],[[[9.3971,41.1958],[9.3955,41.1967],[9.3975,41.1961],[9.3971,41.1958]]],[[[9.4433,41.2013],[9.4432,41.2013],[9.4429,41.2013],[9.4428,41.2013],[9.4427,41.2014],[9.4426,41.2015],[9.4419,41.2021],[9.4418,41.2023],[9.4418,41.2024],[9.4418,41.2025],[9.4419,41.2026],[9.442,41.2027],[9.4423,41.2026],[9.4424,41.2025],[9.4425,41.2025],[9.4425,41.2024],[9.4425,41.2024],[9.4426,41.2024],[9.4432,41.2016],[9.4433,41.2014],[9.4433,41.2013]]],[[[9.41,41.1864],[9.3968,41.1904],[9.3981,41.1977],[9.4035,41.2001],[9.4071,41.2014],[9.4095,41.2034],[9.4135,41.2073],[9.4163,41.208],[9.4193,41.2076],[9.421,41.2047],[9.4225,41.1935],[9.4207,41.1907],[9.4191,41.1888],[9.4147,41.1873],[9.4102,41.1864],[9.41,41.1864]]],[[[9.4471,41.2081],[9.4466,41.208],[9.4461,41.208],[9.446,41.208],[9.446,41.208],[9.4459,41.2083],[9.4459,41.2083],[9.4468,41.2086],[9.4469,41.2085],[9.447,41.2082],[9.4471,41.2082],[9.4471,41.2081]]],[[[9.4172,41.2101],[9.4152,41.2133],[9.4169,41.2146],[9.4189,41.2137],[9.4184,41.2109],[9.4172,41.2101]]],[[[9.5187,41.2168],[9.5187,41.2165],[9.5182,41.2167],[9.5183,41.2168],[9.5184,41.2169],[9.5186,41.2168],[9.5187,41.2168]]],[[[9.5179,41.2173],[9.5173,41.217],[9.5166,41.2168],[9.5166,41.217],[9.5165,41.2172],[9.5166,41.2173],[9.5167,41.2174],[9.517,41.2173],[9.5177,41.2176],[9.5179,41.2173]]],[[[9.519,41.2189],[9.5188,41.2186],[9.5183,41.2189],[9.5184,41.2193],[9.5189,41.2192],[9.5189,41.2192],[9.5191,41.219],[9.519,41.2189]]],[[[9.5192,41.2196],[9.5192,41.2191],[9.5188,41.2194],[9.5185,41.2196],[9.5187,41.2197],[9.5189,41.2198],[9.5192,41.2196]]],[[[9.4486,41.222],[9.4488,41.2219],[9.4489,41.222],[9.4491,41.2221],[9.4492,41.2222],[9.4492,41.2223],[9.4493,41.2223],[9.4494,41.2224],[9.4497,41.2223],[9.4499,41.2222],[9.4502,41.222],[9.4503,41.2219],[9.4502,41.2217],[9.4501,41.2214],[9.45,41.2213],[9.4499,41.2213],[9.4498,41.2213],[9.4498,41.2214],[9.4487,41.2218],[9.4485,41.2218],[9.448,41.2216],[9.4479,41.2216],[9.4478,41.2218],[9.4475,41.2222],[9.4473,41.2225],[9.4472,41.2226],[9.4472,41.2228],[9.4472,41.2229],[9.4473,41.2229],[9.4474,41.2228],[9.4484,41.2221],[9.4486,41.222]]],[[[9.4555,41.2266],[9.4555,41.2265],[9.4556,41.2266],[9.4558,41.2265],[9.4559,41.2255],[9.4558,41.2252],[9.4557,41.2251],[9.4556,41.2251],[9.4554,41.2251],[9.4549,41.2253],[9.4544,41.2264],[9.4544,41.2265],[9.4554,41.2266],[9.4555,41.2266]]],[[[9.3375,41.228],[9.3373,41.228],[9.3372,41.228],[9.3372,41.2281],[9.3372,41.2286],[9.3373,41.2287],[9.3376,41.2292],[9.3378,41.2293],[9.3379,41.2293],[9.338,41.2293],[9.3381,41.2292],[9.3381,41.2291],[9.338,41.2287],[9.338,41.2285],[9.338,41.2284],[9.338,41.2282],[9.338,41.2281],[9.3375,41.228]]],[[[9.4555,41.2282],[9.4553,41.2281],[9.4552,41.2282],[9.455,41.2283],[9.4547,41.2286],[9.4546,41.2287],[9.4546,41.2288],[9.4546,41.229],[9.4547,41.2292],[9.4548,41.2293],[9.455,41.2293],[9.4552,41.229],[9.4556,41.2283],[9.4555,41.2282]]],[[[9.3576,41.2454],[9.3577,41.2452],[9.3577,41.2451],[9.3576,41.2449],[9.3575,41.2449],[9.3571,41.245],[9.3569,41.2451],[9.3568,41.2452],[9.3568,41.2453],[9.3569,41.2454],[9.357,41.2454],[9.3571,41.2454],[9.3572,41.2454],[9.3572,41.2455],[9.3573,41.2456],[9.3575,41.2456],[9.3576,41.2456],[9.3575,41.2455],[9.3576,41.2454]]],[[[9.4713,41.2456],[9.4714,41.2432],[9.4734,41.24],[9.4817,41.2361],[9.4824,41.2246],[9.4874,41.2222],[9.4886,41.2209],[9.4871,41.2159],[9.4803,41.2109],[9.4788,41.1995],[9.4748,41.1963],[9.4695,41.1927],[9.4648,41.1895],[9.4638,41.1844],[9.4669,41.1831],[9.4685,41.1845],[9.4698,41.1861],[9.4732,41.187],[9.4797,41.1872],[9.4811,41.1858],[9.4817,41.183],[9.4804,41.1814],[9.4691,41.1803],[9.4554,41.1862],[9.4551,41.1905],[9.4535,41.1923],[9.4492,41.1918],[9.4475,41.1909],[9.4433,41.1854],[9.4446,41.1841],[9.4418,41.1815],[9.4373,41.1807],[9.4359,41.1826],[9.4364,41.1872],[9.4342,41.1881],[9.4346,41.1912],[9.4373,41.19],[9.44,41.1897],[9.4435,41.1905],[9.4421,41.192],[9.4407,41.1953],[9.4416,41.1974],[9.4435,41.2016],[9.4448,41.2028],[9.4478,41.2008],[9.4514,41.1994],[9.4539,41.1993],[9.4564,41.2],[9.4553,41.2053],[9.4514,41.2058],[9.4481,41.2125],[9.4476,41.2155],[9.4506,41.2164],[9.4518,41.2179],[9.4518,41.2218],[9.4485,41.2233],[9.4501,41.225],[9.453,41.2247],[9.4554,41.2238],[9.4586,41.2282],[9.4605,41.2349],[9.4602,41.238],[9.4595,41.2426],[9.4635,41.2441],[9.4691,41.2433],[9.4713,41.2456]]],[[[9.3569,41.2458],[9.3568,41.2458],[9.3567,41.2458],[9.3567,41.2459],[9.3566,41.2462],[9.3566,41.2463],[9.3566,41.2465],[9.3566,41.2466],[9.3568,41.2467],[9.3569,41.2466],[9.3573,41.2465],[9.3573,41.2464],[9.3573,41.2463],[9.3572,41.2462],[9.357,41.2461],[9.3569,41.246],[9.3569,41.2459],[9.3569,41.2458]]],[[[9.3973,41.2491],[9.3972,41.2491],[9.3971,41.2492],[9.3971,41.2495],[9.3971,41.2495],[9.3971,41.2496],[9.3973,41.2502],[9.3975,41.2503],[9.3978,41.2504],[9.3979,41.2504],[9.3979,41.2503],[9.3978,41.2501],[9.398,41.2501],[9.3981,41.25],[9.3982,41.2498],[9.3983,41.2497],[9.398,41.2494],[9.3977,41.2492],[9.3976,41.2492],[9.3973,41.2491]]],[[[9.3252,41.2491],[9.3223,41.2482],[9.3212,41.2504],[9.3237,41.2526],[9.3253,41.2505],[9.3252,41.2491]]],[[[9.3438,41.251],[9.3472,41.2508],[9.35,41.2513],[9.3544,41.2489],[9.3564,41.2466],[9.3577,41.2443],[9.36,41.244],[9.3604,41.2418],[9.3586,41.2373],[9.3525,41.2318],[9.3477,41.2293],[9.3407,41.2296],[9.3387,41.2308],[9.3357,41.2325],[9.3329,41.2356],[9.3331,41.2474],[9.3361,41.2515],[9.339,41.2533],[9.3407,41.2516],[9.3437,41.251],[9.3438,41.251]]],[[[9.4003,41.2539],[9.3987,41.2525],[9.3996,41.2541],[9.4003,41.2539]]],[[[9.4313,41.2592],[9.4269,41.2567],[9.4285,41.251],[9.4301,41.2481],[9.4322,41.2498],[9.4352,41.2493],[9.4361,41.2474],[9.4368,41.2406],[9.4384,41.2354],[9.4419,41.237],[9.4476,41.2334],[9.4447,41.2294],[9.44,41.2232],[9.4394,41.2166],[9.4381,41.2142],[9.4208,41.2135],[9.4191,41.2147],[9.418,41.2167],[9.4113,41.2144],[9.4056,41.2114],[9.4014,41.2102],[9.3887,41.2096],[9.3821,41.2101],[9.3759,41.2182],[9.3738,41.2274],[9.3753,41.2303],[9.3776,41.2341],[9.3815,41.2349],[9.3901,41.2366],[9.3992,41.242],[9.4018,41.2456],[9.4047,41.2551],[9.4068,41.2526],[9.4107,41.2502],[9.4131,41.2506],[9.4153,41.2549],[9.416,41.2568],[9.4135,41.2574],[9.4126,41.2591],[9.4144,41.268],[9.4172,41.2692],[9.4213,41.2683],[9.4284,41.2637],[9.4309,41.2603],[9.4313,41.2592]]],[[[9.4034,41.2761],[9.4033,41.2761],[9.4032,41.2761],[9.403,41.2765],[9.403,41.2766],[9.4031,41.2766],[9.4034,41.2766],[9.4035,41.2765],[9.4036,41.2765],[9.4036,41.2764],[9.4035,41.2761],[9.4034,41.2761]]],[[[9.3639,41.2833],[9.3636,41.2832],[9.3633,41.2832],[9.3633,41.2833],[9.3632,41.2835],[9.3633,41.2836],[9.3634,41.2836],[9.3638,41.2836],[9.3642,41.2837],[9.3643,41.2836],[9.3642,41.2835],[9.364,41.2833],[9.3639,41.2833]]],[[[9.3647,41.2833],[9.3646,41.2833],[9.3645,41.2833],[9.3645,41.2834],[9.3645,41.2835],[9.3647,41.2837],[9.3648,41.2838],[9.3649,41.2838],[9.3651,41.2837],[9.3652,41.2836],[9.365,41.2834],[9.3647,41.2833]]],[[[9.3652,41.2854],[9.365,41.2854],[9.3646,41.2854],[9.3644,41.2854],[9.3643,41.2855],[9.3643,41.2856],[9.3644,41.2857],[9.3646,41.2858],[9.3649,41.2859],[9.3651,41.2859],[9.3654,41.2859],[9.3656,41.2857],[9.3657,41.2856],[9.3657,41.2855],[9.3656,41.2854],[9.3652,41.2854]]],[[[9.4009,41.2803],[9.3997,41.2839],[9.4007,41.2862],[9.4029,41.285],[9.4026,41.2816],[9.4009,41.2803]]],[[[9.337,41.286],[9.3368,41.2859],[9.3367,41.2859],[9.3364,41.2859],[9.3364,41.286],[9.3364,41.2862],[9.3368,41.2868],[9.3369,41.2869],[9.3371,41.2869],[9.3372,41.2868],[9.3373,41.2867],[9.3374,41.2864],[9.3374,41.2864],[9.3373,41.2863],[9.3372,41.2861],[9.337,41.286]]],[[[9.3664,41.2859],[9.366,41.2859],[9.3658,41.2859],[9.3655,41.286],[9.3654,41.2861],[9.3653,41.2862],[9.3653,41.2863],[9.3656,41.2871],[9.3659,41.2872],[9.3661,41.2873],[9.3665,41.2873],[9.3667,41.2872],[9.3669,41.2867],[9.367,41.2864],[9.3668,41.2861],[9.3665,41.286],[9.3664,41.2859]]],[[[9.4008,41.2867],[9.4006,41.2867],[9.4004,41.2867],[9.3997,41.287],[9.3997,41.2871],[9.3997,41.2872],[9.3997,41.2872],[9.4003,41.2874],[9.4004,41.2874],[9.4005,41.2874],[9.4006,41.2874],[9.4009,41.287],[9.4009,41.2869],[9.4009,41.2868],[9.4008,41.2867]]],[[[9.3994,41.2871],[9.3993,41.2871],[9.3992,41.2871],[9.3991,41.2873],[9.3992,41.2874],[9.3993,41.2875],[9.3995,41.2875],[9.3996,41.2875],[9.3996,41.2874],[9.3997,41.2873],[9.3997,41.2873],[9.3996,41.2872],[9.3995,41.2871],[9.3994,41.2871]]],[[[9.3622,41.2874],[9.3621,41.2873],[9.3619,41.2874],[9.3618,41.2875],[9.3617,41.2876],[9.3617,41.2876],[9.3618,41.288],[9.3618,41.288],[9.3621,41.2881],[9.3623,41.288],[9.3625,41.288],[9.3626,41.2878],[9.3625,41.2875],[9.3624,41.2874],[9.3622,41.2874]]],[[[9.3551,41.2766],[9.3492,41.2759],[9.3362,41.2814],[9.3351,41.283],[9.3426,41.2858],[9.3473,41.2892],[9.3537,41.2892],[9.3558,41.2887],[9.3581,41.2866],[9.3576,41.2791],[9.3566,41.277],[9.3551,41.2766]]],[[[9.3341,41.2949],[9.3341,41.2948],[9.3341,41.2946],[9.334,41.2945],[9.3339,41.2944],[9.3339,41.2944],[9.3335,41.2944],[9.3334,41.2944],[9.3334,41.2944],[9.3335,41.2948],[9.3336,41.2948],[9.3337,41.2948],[9.3337,41.2948],[9.3339,41.2949],[9.334,41.2949],[9.3341,41.2949]]],[[[9.3381,41.2947],[9.3378,41.2946],[9.3377,41.2946],[9.3376,41.2948],[9.3376,41.2949],[9.3379,41.295],[9.3381,41.2951],[9.3383,41.2951],[9.3383,41.295],[9.3383,41.2948],[9.3381,41.2947]]],[[[9.3357,41.2943],[9.3356,41.2943],[9.3354,41.2943],[9.3353,41.2943],[9.3351,41.2944],[9.3351,41.2944],[9.3351,41.2945],[9.3351,41.2946],[9.3353,41.295],[9.3356,41.2952],[9.3358,41.2952],[9.3361,41.2945],[9.3361,41.2945],[9.3359,41.2943],[9.3358,41.2943],[9.3357,41.2943]]],[[[9.3347,41.2944],[9.3346,41.2944],[9.3344,41.2945],[9.3343,41.2945],[9.3342,41.2946],[9.3341,41.2946],[9.3341,41.2949],[9.3341,41.2951],[9.3342,41.2951],[9.3344,41.2951],[9.3345,41.2951],[9.3352,41.2952],[9.3353,41.2952],[9.3352,41.295],[9.335,41.2947],[9.3348,41.2945],[9.3347,41.2944]]],[[[9.3326,41.295],[9.3325,41.295],[9.3323,41.295],[9.3323,41.295],[9.3322,41.2951],[9.3324,41.2953],[9.3325,41.2954],[9.3326,41.2954],[9.3327,41.2954],[9.3328,41.2953],[9.3328,41.2952],[9.3327,41.2951],[9.3326,41.295]]],[[[9.4066,41.2937],[9.4043,41.294],[9.4034,41.2957],[9.4053,41.2966],[9.4065,41.2951],[9.4066,41.2937]]],[[[9.4014,41.2927],[9.3981,41.2931],[9.3963,41.2946],[9.3989,41.2978],[9.4024,41.2945],[9.4015,41.2928],[9.4014,41.2927]]],[[[9.4008,41.3021],[9.4011,41.302],[9.4011,41.3018],[9.4012,41.3015],[9.4012,41.3012],[9.4012,41.3011],[9.4007,41.301],[9.4005,41.301],[9.4,41.3013],[9.3999,41.3015],[9.4002,41.302],[9.4003,41.302],[9.4005,41.302],[9.4005,41.302],[9.4007,41.302],[9.4008,41.3021]]],[[[9.3807,41.3076],[9.3848,41.2995],[9.3837,41.2974],[9.3794,41.2942],[9.3668,41.288],[9.361,41.2931],[9.3607,41.2959],[9.367,41.3024],[9.3782,41.3073],[9.3798,41.3082],[9.3807,41.3076]]],[[[9.3434,41.3071],[9.3498,41.3034],[9.3529,41.3037],[9.3587,41.2973],[9.3594,41.2955],[9.3577,41.2935],[9.3552,41.2931],[9.3479,41.2966],[9.3483,41.299],[9.3409,41.3017],[9.3377,41.3012],[9.3345,41.3009],[9.3339,41.3055],[9.3379,41.3086],[9.3412,41.3093],[9.3434,41.3071]]],[[[9.3698,41.3085],[9.3677,41.3091],[9.3702,41.309],[9.3698,41.3085]]],[[[9.3767,41.308],[9.3713,41.3086],[9.3708,41.311],[9.3739,41.3122],[9.3759,41.3127],[9.3793,41.3117],[9.3804,41.3084],[9.3767,41.308]]],[[[9.3699,41.3127],[9.3697,41.3127],[9.3695,41.3127],[9.3693,41.3127],[9.3691,41.3128],[9.3691,41.3131],[9.3691,41.3131],[9.3693,41.3133],[9.3694,41.3133],[9.3694,41.3133],[9.3695,41.3133],[9.3696,41.3132],[9.3698,41.3131],[9.3699,41.313],[9.37,41.3128],[9.37,41.3127],[9.37,41.3127],[9.3699,41.3127]]],[[[9.7077,40.875],[9.7072,40.8749],[9.7072,40.8751],[9.7074,40.8756],[9.7077,40.8759],[9.7079,40.8759],[9.7081,40.8759],[9.7081,40.8753],[9.7077,40.875]]],[[[9.7776,40.8736],[9.7773,40.8736],[9.7772,40.8736],[9.777,40.8744],[9.7769,40.8747],[9.7772,40.8755],[9.778,40.8759],[9.7782,40.8755],[9.7785,40.8754],[9.7788,40.8752],[9.7789,40.8747],[9.7784,40.874],[9.7779,40.8737],[9.7776,40.8736]]],[[[9.731,40.8754],[9.7339,40.8752],[9.7359,40.8762],[9.7378,40.8751],[9.7422,40.8707],[9.7411,40.8645],[9.74,40.8628],[9.7368,40.8597],[9.7328,40.8591],[9.7131,40.8662],[9.7112,40.8674],[9.7102,40.869],[9.7112,40.8712],[9.714,40.8749],[9.7157,40.8762],[9.7296,40.8771],[9.731,40.8754]]],[[[9.672,40.877],[9.6702,40.8778],[9.6732,40.878],[9.672,40.877]]],[[[9.6407,40.8861],[9.6396,40.8844],[9.6401,40.8865],[9.6407,40.8861]]],[[[9.6554,40.8884],[9.6536,40.8873],[9.6493,40.8867],[9.647,40.888],[9.65,40.8892],[9.6552,40.8887],[9.6554,40.8884]]],[[[9.6685,40.8936],[9.6683,40.8935],[9.6677,40.8936],[9.6676,40.8936],[9.6675,40.8937],[9.6675,40.8938],[9.6676,40.8939],[9.668,40.8942],[9.6685,40.894],[9.6686,40.8938],[9.6686,40.8937],[9.6685,40.8936]]],[[[9.6748,40.8965],[9.6746,40.8964],[9.6744,40.8965],[9.6744,40.8967],[9.6746,40.8969],[9.675,40.8971],[9.6752,40.8969],[9.6752,40.8967],[9.6748,40.8965]]],[[[9.5841,40.905],[9.5823,40.9041],[9.5834,40.9057],[9.5841,40.905]]],[[[9.5261,40.917],[9.5255,40.9166],[9.5253,40.9166],[9.525,40.9167],[9.5249,40.917],[9.5253,40.9178],[9.5255,40.9179],[9.5256,40.9179],[9.526,40.918],[9.5264,40.918],[9.5269,40.9178],[9.5268,40.9177],[9.5268,40.9176],[9.5264,40.9171],[9.5261,40.917]]],[[[9.5089,40.9176],[9.5083,40.9176],[9.5081,40.9178],[9.508,40.9179],[9.5081,40.9181],[9.5084,40.9183],[9.5087,40.9182],[9.509,40.9182],[9.5092,40.9177],[9.5089,40.9176]]],[[[9.509,40.9164],[9.5112,40.9183],[9.51,40.9166],[9.509,40.9164]]],[[[9.6472,40.9172],[9.647,40.9171],[9.6466,40.9171],[9.6464,40.9172],[9.6463,40.9177],[9.6472,40.9184],[9.6475,40.9183],[9.648,40.918],[9.6479,40.9179],[9.6474,40.9173],[9.6472,40.9172]]],[[[9.5663,40.9204],[9.566,40.9201],[9.5658,40.9201],[9.5657,40.9202],[9.566,40.9204],[9.5662,40.9205],[9.5664,40.9207],[9.5665,40.9207],[9.5669,40.9207],[9.567,40.9206],[9.567,40.9205],[9.5667,40.9204],[9.5663,40.9204]]],[[[9.6382,40.9203],[9.638,40.9202],[9.6379,40.9206],[9.6381,40.9207],[9.6384,40.9205],[9.6384,40.9204],[9.6382,40.9203]]],[[[9.6328,40.92],[9.6323,40.9199],[9.6318,40.9203],[9.632,40.9205],[9.6323,40.9207],[9.6326,40.9208],[9.6331,40.9201],[9.6328,40.92]]],[[[9.6415,40.9201],[9.6414,40.92],[9.6411,40.9202],[9.641,40.9205],[9.641,40.9207],[9.6411,40.9209],[9.6413,40.921],[9.6415,40.921],[9.6417,40.9204],[9.6417,40.9202],[9.6415,40.9201]]],[[[9.6422,40.9211],[9.642,40.921],[9.6419,40.921],[9.6414,40.9211],[9.641,40.9213],[9.6411,40.9214],[9.6414,40.9214],[9.6419,40.9215],[9.642,40.9216],[9.6422,40.9214],[9.6423,40.9213],[9.6423,40.9212],[9.6422,40.9211]]],[[[9.5125,40.921],[9.5115,40.9205],[9.5111,40.9206],[9.5105,40.9208],[9.5105,40.9211],[9.5112,40.9218],[9.5126,40.9223],[9.5128,40.9219],[9.513,40.9217],[9.5128,40.9212],[9.5126,40.9211],[9.5125,40.921]]],[[[9.6337,40.9209],[9.6332,40.9207],[9.6332,40.9208],[9.6329,40.9214],[9.6329,40.9216],[9.6331,40.9219],[9.6332,40.922],[9.6336,40.922],[9.6338,40.9219],[9.6339,40.9218],[9.6341,40.9217],[9.6342,40.9214],[9.6337,40.9209]]],[[[9.6353,40.9233],[9.6352,40.9232],[9.635,40.9232],[9.6349,40.9233],[9.6349,40.9235],[9.6351,40.9237],[9.6353,40.9238],[9.6354,40.9238],[9.6354,40.9236],[9.6354,40.9234],[9.6353,40.9233]]],[[[9.7341,40.9226],[9.7357,40.9201],[9.7378,40.9209],[9.7398,40.9198],[9.7413,40.9163],[9.7428,40.9123],[9.7405,40.9105],[9.7379,40.9098],[9.7328,40.9093],[9.7305,40.9089],[9.7242,40.9065],[9.7208,40.905],[9.7123,40.9007],[9.7051,40.8954],[9.7032,40.8936],[9.6986,40.8906],[9.6968,40.8895],[9.6928,40.8878],[9.6862,40.8916],[9.6733,40.889],[9.6735,40.8918],[9.6922,40.9009],[9.7093,40.91],[9.7201,40.9149],[9.7292,40.9224],[9.7307,40.9239],[9.7323,40.925],[9.7358,40.9271],[9.7359,40.9244],[9.7341,40.9226]]],[[[9.5265,40.9304],[9.5261,40.9303],[9.5259,40.9306],[9.5259,40.9309],[9.5261,40.9316],[9.5263,40.9318],[9.5272,40.9316],[9.5274,40.9313],[9.5271,40.9307],[9.5269,40.9304],[9.5265,40.9304]]],[[[9.5293,41.0418],[9.5291,41.0414],[9.5287,41.0414],[9.5287,41.0415],[9.5286,41.0415],[9.5273,41.0422],[9.5273,41.0422],[9.5273,41.0423],[9.5286,41.0423],[9.5288,41.0423],[9.529,41.0422],[9.5293,41.042],[9.5293,41.0418]]],[[[9.3343,41.1897],[9.3315,41.1901],[9.3336,41.1914],[9.3353,41.1905],[9.3343,41.1897]]],[[[8.2253,40.9666],[8.2247,40.9666],[8.2242,40.9671],[8.2241,40.9672],[8.224,40.9673],[8.2238,40.9676],[8.224,40.9676],[8.2242,40.9676],[8.2245,40.9676],[8.2246,40.9676],[8.2247,40.9676],[8.2249,40.9675],[8.2253,40.9674],[8.2256,40.9673],[8.2257,40.967],[8.2253,40.9666]]],[[[8.2133,40.9719],[8.2122,40.9714],[8.212,40.9715],[8.2118,40.9717],[8.2118,40.972],[8.2118,40.9722],[8.2123,40.9722],[8.2132,40.972],[8.2133,40.9719],[8.2133,40.9719]]],[[[8.215,40.9828],[8.2257,40.9771],[8.2269,40.9756],[8.2245,40.9701],[8.2214,40.9688],[8.2164,40.9675],[8.2147,40.9692],[8.2116,40.9788],[8.2122,40.9809],[8.2143,40.9829],[8.215,40.9828]]],[[[8.213,40.9854],[8.2129,40.9854],[8.2128,40.9854],[8.2126,40.9856],[8.2126,40.9856],[8.2128,40.9857],[8.2131,40.9857],[8.2146,40.9857],[8.2138,40.9854],[8.213,40.9854]]],[[[8.2119,40.9855],[8.2117,40.9854],[8.211,40.9855],[8.2111,40.9857],[8.2112,40.9857],[8.2112,40.9858],[8.2113,40.9859],[8.2114,40.986],[8.2118,40.986],[8.2121,40.9859],[8.212,40.9857],[8.2119,40.9855]]],[[[8.2532,41.0283],[8.2507,41.0285],[8.2524,41.0297],[8.2532,41.0283]]],[[[8.3254,41.1055],[8.3262,41.1021],[8.3308,41.0997],[8.337,41.0984],[8.342,41.0976],[8.3447,41.0974],[8.3495,41.0902],[8.3504,41.0884],[8.3485,41.0865],[8.3431,41.0852],[8.3363,41.0805],[8.3348,41.0738],[8.3406,41.0713],[8.3399,41.0668],[8.3385,41.0624],[8.3332,41.0512],[8.3319,41.05],[8.3291,41.0507],[8.3266,41.0522],[8.3255,41.0538],[8.3219,41.0559],[8.305,41.059],[8.2907,41.0625],[8.2834,41.0644],[8.2803,41.0623],[8.2776,41.0597],[8.274,41.0561],[8.2727,41.0544],[8.2678,41.0547],[8.2601,41.0525],[8.2573,41.0513],[8.2591,41.0505],[8.2672,41.0461],[8.251,41.0333],[8.2456,41.031],[8.2437,41.0317],[8.2415,41.03],[8.2394,41.0284],[8.2346,41.0244],[8.2362,41.0234],[8.2397,41.0242],[8.2413,41.0256],[8.248,41.0272],[8.2495,41.0261],[8.2497,41.0209],[8.2492,41.0184],[8.2535,41.0131],[8.2584,41.008],[8.2636,41.0027],[8.2611,40.993],[8.2558,40.985],[8.2527,40.9854],[8.2461,40.9865],[8.2393,40.9884],[8.2326,40.9894],[8.2302,40.9875],[8.2116,40.9873],[8.2092,40.9891],[8.2109,41.0034],[8.213,41.0076],[8.2153,41.0083],[8.2219,41.011],[8.2239,41.013],[8.2293,41.0232],[8.2273,41.0254],[8.218,41.0282],[8.2203,41.0409],[8.2217,41.0422],[8.2231,41.0433],[8.2283,41.0438],[8.2436,41.0467],[8.2488,41.0491],[8.2558,41.0561],[8.2574,41.0618],[8.2588,41.0649],[8.2655,41.072],[8.2772,41.0765],[8.2808,41.0762],[8.2836,41.0754],[8.2853,41.0767],[8.285,41.0801],[8.2844,41.0825],[8.2819,41.0878],[8.2798,41.0905],[8.2761,41.094],[8.2745,41.095],[8.2727,41.096],[8.2718,41.0995],[8.2752,41.1043],[8.2774,41.1052],[8.2803,41.1051],[8.2911,41.105],[8.3008,41.1049],[8.311,41.1085],[8.3103,41.1113],[8.3118,41.1175],[8.3164,41.1205],[8.3194,41.1203],[8.3289,41.1109],[8.3281,41.1087],[8.3254,41.1055]]],[[[9.1193,41.1582],[9.1194,41.1584],[9.1196,41.1585],[9.12,41.1585],[9.1199,41.1582],[9.1197,41.1579],[9.1196,41.1577],[9.1191,41.1575],[9.1191,41.1579],[9.1193,41.1581],[9.1193,41.1582]]],[[[9.1193,41.1582],[9.1188,41.1581],[9.1188,41.1582],[9.1188,41.1584],[9.1192,41.1585],[9.1192,41.1584],[9.1192,41.1583],[9.1193,41.1582]]],[[[9.279,41.2333],[9.2791,41.2332],[9.2794,41.2332],[9.2795,41.2332],[9.2796,41.2332],[9.2797,41.2331],[9.2796,41.233],[9.2792,41.2327],[9.2791,41.2327],[9.2789,41.2326],[9.2788,41.2327],[9.2787,41.2327],[9.2787,41.2329],[9.2787,41.2331],[9.2787,41.2332],[9.2788,41.2332],[9.2788,41.2333],[9.2789,41.2333],[9.279,41.2333]]],[[[9.1851,41.2493],[9.1826,41.25],[9.1834,41.2521],[9.1852,41.2507],[9.1851,41.2493]]],[[[9.2387,41.2529],[9.2369,41.254],[9.2388,41.2547],[9.2387,41.2529]]],[[[9.2393,41.2559],[9.239,41.2556],[9.2386,41.2557],[9.2387,41.2561],[9.2392,41.2566],[9.2395,41.2567],[9.2397,41.2565],[9.2397,41.2563],[9.2396,41.2562],[9.2394,41.2559],[9.2393,41.2559]]],[[[9.2418,41.2562],[9.2415,41.2562],[9.2407,41.2563],[9.2403,41.2569],[9.2403,41.257],[9.2403,41.2572],[9.2406,41.2572],[9.241,41.2572],[9.2412,41.2572],[9.2412,41.2572],[9.2421,41.2572],[9.2423,41.2567],[9.2424,41.2565],[9.2418,41.2562]]],[[[8.8636,41.0125],[8.8611,41.0156],[8.8638,41.0158],[8.864,41.0131],[8.8636,41.0125]]],[[[9.588,40.9595],[9.5881,40.9594],[9.5884,40.9594],[9.5887,40.9594],[9.5887,40.9594],[9.5892,40.9594],[9.5892,40.9594],[9.5893,40.9594],[9.5894,40.9591],[9.5895,40.9587],[9.5895,40.9587],[9.5894,40.9586],[9.5892,40.9585],[9.5892,40.9585],[9.5883,40.9581],[9.5881,40.958],[9.588,40.958],[9.5879,40.958],[9.5879,40.958],[9.5877,40.9582],[9.5875,40.9586],[9.5874,40.9588],[9.5874,40.9589],[9.5875,40.9591],[9.5875,40.9592],[9.5876,40.9592],[9.588,40.9594],[9.588,40.9595]]],[[[9.6445,40.9781],[9.6404,40.9799],[9.6399,40.9828],[9.6438,40.9828],[9.6454,40.9816],[9.6465,40.98],[9.6449,40.9783],[9.6445,40.9781]]],[[[8.2135,40.8796],[8.2122,40.8809],[8.214,40.8816],[8.2135,40.8796]]],[[[8.1741,40.9389],[8.1736,40.9389],[8.1735,40.9391],[8.1734,40.9392],[8.1734,40.9398],[8.174,40.94],[8.1743,40.9399],[8.1743,40.9397],[8.1744,40.9397],[8.1744,40.9395],[8.1743,40.9392],[8.1741,40.9389]]],[[[8.2075,40.9701],[8.2055,40.9708],[8.2078,40.9704],[8.2075,40.9701]]],[[[9.7659,40.6842],[9.7657,40.6841],[9.7655,40.6842],[9.7652,40.6842],[9.765,40.6843],[9.7649,40.6844],[9.7648,40.6846],[9.765,40.6849],[9.7671,40.6856],[9.7672,40.6856],[9.7674,40.6856],[9.7677,40.6855],[9.7676,40.6852],[9.7672,40.6846],[9.767,40.6844],[9.7667,40.6843],[9.7659,40.6842]]],[[[9.7161,40.7354],[9.7156,40.7353],[9.7151,40.7355],[9.7152,40.7359],[9.7155,40.7361],[9.7184,40.7375],[9.7187,40.7375],[9.719,40.7372],[9.719,40.737],[9.719,40.7369],[9.719,40.7367],[9.719,40.7365],[9.7189,40.7361],[9.7184,40.7359],[9.7161,40.7354]]],[[[9.7086,40.8267],[9.7067,40.8277],[9.7083,40.8289],[9.7086,40.8267]]],[[[9.7242,40.8458],[9.7241,40.8458],[9.724,40.8458],[9.7239,40.8459],[9.7239,40.846],[9.7245,40.8464],[9.7248,40.8465],[9.7249,40.8464],[9.7249,40.8464],[9.7249,40.8463],[9.7247,40.8461],[9.7245,40.846],[9.7242,40.8458]]],[[[9.7228,40.8453],[9.7221,40.845],[9.7218,40.8453],[9.7217,40.8456],[9.7218,40.8461],[9.7219,40.8468],[9.7224,40.8471],[9.7229,40.8475],[9.7232,40.8476],[9.7235,40.8477],[9.7239,40.8477],[9.7246,40.8475],[9.7248,40.8473],[9.7247,40.847],[9.7246,40.8467],[9.7235,40.8457],[9.7228,40.8453]]],[[[9.6773,40.864],[9.6765,40.864],[9.6762,40.8649],[9.6762,40.8653],[9.6768,40.8653],[9.6776,40.8649],[9.6773,40.864]]],[[[9.7058,39.9731],[9.7034,39.973],[9.7023,39.9749],[9.7052,39.9747],[9.7065,39.9734],[9.7058,39.9731]]],[[[9.7075,39.9758],[9.7075,39.9755],[9.7066,39.9757],[9.7067,39.9763],[9.7067,39.9765],[9.7072,39.9763],[9.7074,39.976],[9.7075,39.9758]]],[[[9.7083,39.9764],[9.7079,39.9762],[9.7078,39.9764],[9.7077,39.9765],[9.7077,39.9766],[9.7077,39.9768],[9.7079,39.9769],[9.708,39.9769],[9.7081,39.9769],[9.7083,39.9767],[9.7084,39.9767],[9.7086,39.9765],[9.7086,39.9765],[9.7083,39.9764]]],[[[9.8173,40.5379],[9.8183,40.5398],[9.8211,40.5409],[9.8191,40.5392],[9.8174,40.538],[9.8173,40.5379]]],[[[9.0239,38.9848],[9.0234,38.9847],[9.0231,38.9847],[9.0227,38.985],[9.0231,38.9851],[9.0235,38.985],[9.0239,38.9848]]],[[[9.0319,39.0025],[9.0317,39.0025],[9.0314,39.0025],[9.0314,39.0027],[9.0313,39.0029],[9.0312,39.0038],[9.0314,39.004],[9.0319,39.0043],[9.0321,39.0044],[9.0323,39.0045],[9.0325,39.0045],[9.0327,39.0045],[9.0329,39.0044],[9.033,39.0042],[9.0331,39.0041],[9.0331,39.0038],[9.0331,39.0035],[9.0328,39.0029],[9.0326,39.0027],[9.0321,39.0025],[9.0319,39.0025]]],[[[8.2762,39.8813],[8.2757,39.8813],[8.2751,39.8815],[8.275,39.8818],[8.275,39.8819],[8.2751,39.8821],[8.2754,39.8823],[8.2757,39.8825],[8.2758,39.8823],[8.2763,39.8822],[8.2763,39.8819],[8.2763,39.8816],[8.2762,39.8814],[8.2762,39.8813]]],[[[8.3125,39.9953],[8.3124,39.9903],[8.3105,39.9888],[8.3022,39.9857],[8.301,39.9909],[8.306,39.994],[8.3088,39.9937],[8.3123,39.9967],[8.3125,39.9953]]],[[[8.4872,40.0922],[8.4872,40.0922],[8.4868,40.0923],[8.4866,40.0923],[8.4864,40.0925],[8.4863,40.0927],[8.4867,40.0926],[8.487,40.0925],[8.4871,40.0924],[8.4872,40.0922]]],[[[8.4878,40.0928],[8.4875,40.0927],[8.4873,40.0929],[8.4872,40.093],[8.487,40.0931],[8.4868,40.0935],[8.4868,40.0935],[8.4873,40.0935],[8.4876,40.0935],[8.4878,40.093],[8.4878,40.0928]]],[[[8.486,40.0943],[8.4859,40.0942],[8.4855,40.0944],[8.4856,40.0947],[8.4858,40.0945],[8.4859,40.0943],[8.486,40.0943]]],[[[8.4865,40.0945],[8.4865,40.0944],[8.4864,40.0944],[8.4863,40.0946],[8.4862,40.0948],[8.4865,40.0947],[8.4865,40.0945]]],[[[8.4552,40.2104],[8.4552,40.2103],[8.4555,40.2105],[8.4556,40.2104],[8.4559,40.2103],[8.4562,40.21],[8.4563,40.2099],[8.4564,40.2097],[8.4563,40.2095],[8.4561,40.2094],[8.4558,40.2093],[8.4543,40.2101],[8.454,40.2103],[8.454,40.2104],[8.4541,40.2105],[8.4542,40.2105],[8.4544,40.2106],[8.4545,40.2106],[8.4551,40.2104],[8.4551,40.2104],[8.4552,40.2104]]],[[[8.4038,40.0533],[8.4036,40.0533],[8.4035,40.0533],[8.4033,40.0534],[8.4029,40.0536],[8.4029,40.0537],[8.4029,40.0537],[8.4031,40.0543],[8.4031,40.0544],[8.4033,40.0544],[8.4034,40.0544],[8.4035,40.0543],[8.4036,40.0543],[8.4041,40.054],[8.4042,40.0539],[8.4043,40.0538],[8.4043,40.0536],[8.4042,40.0534],[8.4042,40.0533],[8.404,40.0533],[8.4038,40.0533]]],[[[8.3774,40.36],[8.3772,40.3599],[8.3771,40.36],[8.3767,40.3603],[8.3766,40.3607],[8.3766,40.3608],[8.3766,40.3608],[8.3768,40.3608],[8.3769,40.3608],[8.3776,40.3608],[8.3777,40.3607],[8.378,40.3606],[8.3781,40.3606],[8.3781,40.3605],[8.3781,40.3604],[8.3781,40.3604],[8.378,40.3603],[8.3776,40.3601],[8.3775,40.36],[8.3774,40.36]]],[[[8.2631,39.175],[8.2631,39.1749],[8.2629,39.175],[8.2627,39.1751],[8.2623,39.1755],[8.2622,39.1757],[8.2624,39.1758],[8.2627,39.1757],[8.2626,39.1755],[8.2628,39.1753],[8.2629,39.1752],[8.2631,39.175]]],[[[8.3195,39.1854],[8.318,39.1865],[8.3197,39.1856],[8.3195,39.1854]]],[[[8.3082,39.1802],[8.3088,39.1693],[8.3086,39.166],[8.3073,39.1646],[8.306,39.1608],[8.3073,39.1561],[8.3101,39.1494],[8.3088,39.1413],[8.3076,39.1301],[8.3086,39.1279],[8.3102,39.1132],[8.3078,39.1048],[8.3049,39.1018],[8.2964,39.0981],[8.2902,39.0955],[8.2813,39.0962],[8.2736,39.0983],[8.2725,39.1],[8.2621,39.1031],[8.2581,39.1039],[8.2552,39.1039],[8.2479,39.1085],[8.2473,39.1108],[8.2528,39.1153],[8.2522,39.1291],[8.2503,39.1334],[8.2394,39.1415],[8.2361,39.1428],[8.2338,39.1433],[8.228,39.1423],[8.2255,39.1412],[8.2204,39.1458],[8.2196,39.1476],[8.2266,39.1609],[8.2305,39.1644],[8.2494,39.1704],[8.2523,39.1705],[8.2544,39.1694],[8.2564,39.1689],[8.2632,39.1733],[8.265,39.1747],[8.2664,39.1761],[8.2717,39.1798],[8.2894,39.1804],[8.2965,39.179],[8.3029,39.1836],[8.3042,39.1851],[8.3049,39.1869],[8.3069,39.1875],[8.3091,39.1879],[8.3082,39.1802]]],[[[8.3241,39.1893],[8.3203,39.189],[8.3171,39.1904],[8.3187,39.1944],[8.3228,39.1932],[8.3249,39.1918],[8.3241,39.1893]]],[[[8.8651,38.8815],[8.865,38.8815],[8.8648,38.8816],[8.8647,38.8817],[8.8646,38.8819],[8.8645,38.8822],[8.8645,38.8823],[8.8646,38.8825],[8.8647,38.8826],[8.8648,38.8825],[8.865,38.8824],[8.8653,38.8823],[8.8655,38.882],[8.8653,38.8816],[8.8653,38.8816],[8.8651,38.8815]]],[[[8.8907,38.8968],[8.8905,38.8968],[8.8903,38.897],[8.8901,38.8972],[8.89,38.8973],[8.8898,38.8982],[8.8901,38.8985],[8.8904,38.8985],[8.8909,38.8982],[8.8912,38.8978],[8.8913,38.8976],[8.8912,38.8972],[8.8911,38.897],[8.891,38.8969],[8.8909,38.8969],[8.8907,38.8968]]],[[[8.4014,39.3336],[8.3985,39.3332],[8.4009,39.3347],[8.4014,39.3336]]],[[[9.6277,39.3086],[9.6277,39.3085],[9.6279,39.3085],[9.628,39.3085],[9.628,39.3084],[9.6281,39.3082],[9.6278,39.308],[9.6278,39.308],[9.6275,39.3079],[9.6274,39.3085],[9.6277,39.3086],[9.6277,39.3086]]],[[[8.3567,39.226],[8.3565,39.2259],[8.3563,39.226],[8.3562,39.2261],[8.3561,39.2262],[8.3561,39.2263],[8.3561,39.2264],[8.356,39.227],[8.356,39.227],[8.3562,39.2272],[8.3565,39.2271],[8.357,39.2264],[8.3571,39.2261],[8.3568,39.226],[8.3567,39.226]]],[[[8.3558,39.2273],[8.3558,39.2273],[8.3555,39.2274],[8.3554,39.2275],[8.3553,39.2275],[8.3553,39.2276],[8.3552,39.2278],[8.3552,39.2281],[8.3552,39.2283],[8.3553,39.2286],[8.3554,39.2285],[8.3555,39.2285],[8.3556,39.2285],[8.3559,39.2276],[8.3558,39.2273]]],[[[8.41,38.8632],[8.412,38.8623],[8.4109,38.8597],[8.4085,38.8592],[8.4083,38.8631],[8.41,38.8632]]],[[[8.4501,38.9347],[8.4481,38.9353],[8.4493,38.9392],[8.4512,38.9379],[8.4501,38.9347]]],[[[8.4502,38.9408],[8.45,38.9407],[8.4498,38.9409],[8.4498,38.9412],[8.4498,38.9414],[8.45,38.9417],[8.4503,38.942],[8.4505,38.9421],[8.4507,38.9421],[8.4509,38.942],[8.451,38.9418],[8.451,38.9414],[8.4508,38.9413],[8.4505,38.9411],[8.4504,38.941],[8.4502,38.9408]]],[[[8.4631,39.0814],[8.463,39.0813],[8.4629,39.0813],[8.4628,39.0814],[8.4629,39.0818],[8.4631,39.0821],[8.4632,39.0822],[8.4633,39.0823],[8.4634,39.0824],[8.4635,39.0824],[8.4636,39.0824],[8.4637,39.0824],[8.4639,39.0823],[8.4639,39.0822],[8.4637,39.0821],[8.4635,39.082],[8.4632,39.0817],[8.4631,39.0815],[8.4631,39.0814]]],[[[8.4374,39.1049],[8.4373,39.1049],[8.4372,39.105],[8.4371,39.1051],[8.4371,39.1052],[8.4372,39.1055],[8.4373,39.1056],[8.4375,39.1057],[8.4376,39.1058],[8.4377,39.1058],[8.4379,39.1058],[8.438,39.1057],[8.4382,39.1057],[8.4384,39.1056],[8.4384,39.1055],[8.4383,39.1054],[8.4379,39.1051],[8.4378,39.1051],[8.4374,39.1049]]],[[[8.8254,38.8812],[8.8246,38.881],[8.8245,38.881],[8.8244,38.8811],[8.8245,38.8812],[8.8245,38.8813],[8.8249,38.8817],[8.8252,38.8818],[8.8253,38.8817],[8.8254,38.8816],[8.8256,38.8815],[8.8255,38.8813],[8.8254,38.8812]]],[[[8.8275,38.8814],[8.8273,38.8814],[8.827,38.8814],[8.8263,38.8816],[8.8262,38.8817],[8.8262,38.8818],[8.8263,38.8819],[8.8263,38.882],[8.8265,38.8821],[8.8267,38.8821],[8.8273,38.8821],[8.8274,38.8821],[8.8276,38.882],[8.8277,38.882],[8.8278,38.8819],[8.8278,38.8818],[8.8278,38.8816],[8.8275,38.8814]]],[[[8.8133,38.8899],[8.8123,38.8919],[8.8142,38.8927],[8.8134,38.8901],[8.8133,38.8899]]],[[[8.7659,38.9141],[8.7656,38.914],[8.765,38.914],[8.7649,38.9142],[8.7649,38.9145],[8.7652,38.9147],[8.7657,38.9149],[8.766,38.9148],[8.766,38.9145],[8.7659,38.9141]]],[[[8.7169,38.9127],[8.7145,38.9131],[8.7148,38.9153],[8.7177,38.9163],[8.7169,38.9127]]],[[[9.6586,39.5242],[9.6585,39.5242],[9.6581,39.5243],[9.658,39.5244],[9.658,39.5244],[9.658,39.525],[9.658,39.5251],[9.658,39.5251],[9.6581,39.5251],[9.6582,39.525],[9.6583,39.525],[9.6584,39.5249],[9.6585,39.5247],[9.6587,39.5245],[9.6587,39.5244],[9.6587,39.5243],[9.6586,39.5243],[9.6586,39.5242]]],[[[9.6593,39.5242],[9.6593,39.5242],[9.6592,39.5242],[9.659,39.5243],[9.6586,39.5248],[9.6586,39.525],[9.6589,39.5251],[9.659,39.5251],[9.659,39.5251],[9.659,39.5249],[9.6597,39.5246],[9.6597,39.5246],[9.6597,39.5245],[9.6598,39.5244],[9.6598,39.5244],[9.6597,39.5243],[9.6593,39.5242]]],[[[9.537,39.081],[9.537,39.0808],[9.5366,39.0808],[9.5362,39.0808],[9.5358,39.081],[9.5357,39.0813],[9.5357,39.0817],[9.5359,39.0819],[9.5359,39.082],[9.5362,39.0819],[9.5363,39.0819],[9.5365,39.0818],[9.5366,39.0817],[9.5368,39.0815],[9.5371,39.081],[9.537,39.081]]],[[[9.5405,39.083],[9.54,39.0818],[9.5397,39.0819],[9.539,39.0832],[9.539,39.0833],[9.539,39.0835],[9.5391,39.0835],[9.5392,39.0835],[9.5393,39.0835],[9.5394,39.0835],[9.5394,39.0835],[9.5397,39.0835],[9.5399,39.0835],[9.54,39.0834],[9.5401,39.0834],[9.5402,39.0833],[9.5405,39.083]]],[[[9.5416,39.0833],[9.5414,39.0831],[9.5407,39.0833],[9.54,39.0838],[9.5402,39.0839],[9.5407,39.0841],[9.5413,39.0839],[9.5415,39.0837],[9.5416,39.0833]]],[[[9.5368,39.085],[9.5372,39.0845],[9.5365,39.0845],[9.5363,39.0846],[9.536,39.0849],[9.5362,39.0849],[9.5363,39.0849],[9.5363,39.0849],[9.5364,39.0849],[9.5365,39.085],[9.5365,39.085],[9.5367,39.085],[9.5368,39.085]]],[[[9.5351,39.0881],[9.534,39.0856],[9.5362,39.0841],[9.535,39.0822],[9.5268,39.0847],[9.5275,39.0872],[9.5293,39.0901],[9.5323,39.0898],[9.5345,39.0892],[9.5351,39.0881]]],[[[9.6064,39.1447],[9.6084,39.1424],[9.6081,39.1392],[9.6067,39.1344],[9.6049,39.1335],[9.6037,39.1374],[9.6043,39.1434],[9.6056,39.1449],[9.6064,39.1447]]],[[[9.6038,39.1469],[9.6035,39.1467],[9.6033,39.1467],[9.6029,39.1469],[9.6027,39.1472],[9.6026,39.1474],[9.6024,39.1478],[9.6027,39.1482],[9.6032,39.1487],[9.6039,39.1486],[9.6045,39.1484],[9.6051,39.1479],[9.6051,39.1477],[9.6044,39.1471],[9.6042,39.1469],[9.6038,39.1469]]],[[[9.6058,39.1485],[9.6052,39.1483],[9.6049,39.1484],[9.6049,39.1489],[9.605,39.1498],[9.6057,39.1501],[9.606,39.1498],[9.606,39.1496],[9.6059,39.1492],[9.6059,39.149],[9.6058,39.1485]]],[[[9.6054,39.151],[9.6053,39.1508],[9.6048,39.1509],[9.6045,39.1509],[9.6044,39.1509],[9.6039,39.1516],[9.6039,39.1516],[9.6039,39.152],[9.6042,39.1522],[9.6042,39.1522],[9.6043,39.1522],[9.6045,39.1523],[9.6046,39.1522],[9.6048,39.1521],[9.6048,39.1518],[9.6048,39.1517],[9.605,39.1517],[9.6055,39.1513],[9.6054,39.151]]]]},"properties":{"name":"Sardegna"}}]}